{"type": "FeatureCollection", "features": [{"type": "Feature", "geometry": {"type": "LineString", "coordinates": [[566584.4104138267, 5951555.862310481], [566865.0725977914, 5951477.300963093], [566997.1889376397, 5951462.925255187]]}, "properties": {"cycleway:both": "separate", "highway": "secondary", "lanes": "2", "lit": "yes", "maxspeed": "50", "name": "Langenharmer Weg", "sidewalk:both": "separate", "surface": "asphalt", "osm_id": 4855143, "tile_500": "NO_E566500_N5951500_500", "tile_250": "NO_E566750_N5951500_250", "LaneCount": 2, "DirectionMode": "two-way", "OSMWidthMeters": 14.0, "ScaledOSMWidthStuds": 49.999992, "GameplayMinimumStuds": 28.0, "FinalWidthStuds": 49.999992}}, {"type": "Feature", "geometry": {"type": "LineString", "coordinates": [[566532.0901389199, 5951120.212514416], [566630.6001787779, 5951121.354421295]]}, "properties": {"cycleway:both": "separate", "highway": "secondary", "lanes": "2", "lit": "yes", "maxspeed": "50", "name": "Marktplatz", "sidewalk:both": "separate", "surface": "asphalt", "osm_id": 4855145, "tile_500": "NO_E566500_N5951000_500", "tile_250": "NO_E566500_N5951000_250", "LaneCount": 2, "DirectionMode": "two-way", "OSMWidthMeters": 14.0, "ScaledOSMWidthStuds": 49.999992, "GameplayMinimumStuds": 28.0, "FinalWidthStuds": 49.999992}}, {"type": "Feature", "geometry": {"type": "LineString", "coordinates": [[566543.7418825392, 5951799.884075641], [566540.325507392, 5951612.096982616]]}, "properties": {"cycleway": "track", "highway": "residential", "lane_markings": "no", "lit": "yes", "maxspeed:type": "DE:urban", "name": "Falkenbergstra\u00dfe", "sidewalk": "both", "sidewalk:both:surface": "paving_stones", "surface": "asphalt", "osm_id": 8309040, "tile_500": "NO_E566500_N5951500_500", "tile_250": "NO_E566500_N5951500_250", "LaneCount": 2, "DirectionMode": "two-way", "OSMWidthMeters": 6.0, "ScaledOSMWidthStuds": 21.428568, "GameplayMinimumStuds": 28.0, "FinalWidthStuds": 28.0}}, {"type": "Feature", "geometry": {"type": "LineString", "coordinates": [[566543.7418825392, 5951799.884075641], [566553.3860428386, 5952006.965197137], [566619.4151738785, 5952286.261572283]]}, "properties": {"cycleway": "track", "highway": "residential", "lane_markings": "no", "lit": "yes", "maxspeed": "50", "name": "Falkenbergstra\u00dfe", "sidewalk": "both", "surface": "asphalt", "osm_id": 8309043, "tile_500": "NO_E566500_N5952000_500", "tile_250": "NO_E566500_N5952000_250", "LaneCount": 2, "DirectionMode": "two-way", "OSMWidthMeters": 6.0, "ScaledOSMWidthStuds": 21.428568, "GameplayMinimumStuds": 28.0, "FinalWidthStuds": 28.0}}, {"type": "Feature", "geometry": {"type": "LineString", "coordinates": [[565210.8713831317, 5951738.51270687], [565248.4641824572, 5951790.390995035]]}, "properties": {"highway": "residential", "lit": "yes", "maxspeed": "30", "name": "Taubenstieg", "osm_id": 23411655, "tile_500": "NO_E565000_N5951500_500", "tile_250": "NO_E565000_N5951750_250", "LaneCount": 2, "DirectionMode": "two-way", "OSMWidthMeters": 6.0, "ScaledOSMWidthStuds": 21.428568, "GameplayMinimumStuds": 28.0, "FinalWidthStuds": 28.0}}, {"type": "Feature", "geometry": {"type": "LineString", "coordinates": [[565248.4641824572, 5951790.390995035], [565209.7358355665, 5951820.203353173]]}, "properties": {"highway": "residential", "lit": "yes", "maxspeed": "30", "name": "Drosselstieg", "surface": "asphalt", "osm_id": 23411750, "tile_500": "NO_E565000_N5951500_500", "tile_250": "NO_E565000_N5951750_250", "LaneCount": 2, "DirectionMode": "two-way", "OSMWidthMeters": 6.0, "ScaledOSMWidthStuds": 21.428568, "GameplayMinimumStuds": 28.0, "FinalWidthStuds": 28.0}}, {"type": "Feature", "geometry": {"type": "LineString", "coordinates": [[565359.3993101758, 5952021.577888048], [565209.1937589551, 5951859.1997653525]]}, "properties": {"highway": "residential", "lit": "yes", "maxspeed": "30", "name": "Birkhahnkamp", "osm_id": 23411751, "tile_500": "NO_E565000_N5951500_500", "tile_250": "NO_E565250_N5951750_250", "LaneCount": 2, "DirectionMode": "two-way", "OSMWidthMeters": 6.0, "ScaledOSMWidthStuds": 21.428568, "GameplayMinimumStuds": 28.0, "FinalWidthStuds": 28.0}}, {"type": "Feature", "geometry": {"type": "LineString", "coordinates": [[565824.2809291574, 5951305.467296283], [565612.1256446514, 5951410.262418296], [565550.8801405926, 5951414.524828539]]}, "properties": {"cycleway:left": "no", "cycleway:right": "separate", "destination": "Quickborn;Rathaus / TriB\u00fchne;Amtsgericht", "highway": "secondary", "lane_markings": "no", "lit": "yes", "maxspeed": "50", "name": "Rathausallee", "oneway": "yes", "sidewalk:left": "no", "sidewalk:right": "separate", "surface": "asphalt", "osm_id": 23411913, "tile_500": "NO_E565500_N5951000_500", "tile_250": "NO_E565500_N5951250_250", "LaneCount": 1, "DirectionMode": "one-way", "OSMWidthMeters": 14.0, "ScaledOSMWidthStuds": 49.999992, "GameplayMinimumStuds": 14.0, "FinalWidthStuds": 49.999992}}, {"type": "Feature", "geometry": {"type": "LineString", "coordinates": [[565524.5432023671, 5951332.427852326], [565524.665155575, 5951309.986049941], [565513.6242947188, 5951303.533893715], [565499.0509402874, 5951312.243291206], [565497.1824153208, 5951331.645246547]]}, "properties": {"highway": "service", "lanes": "1", "oneway": "yes", "psv": "yes", "surface": "asphalt", "vehicle": "no", "vehicle:conditional": "delivery @ (09:00-15:00,19:00-06:00)", "osm_id": 26542762, "tile_500": "NO_E565500_N5951000_500", "tile_250": "NO_E565500_N5951250_250", "LaneCount": 1, "DirectionMode": "one-way", "OSMWidthMeters": 4.0, "ScaledOSMWidthStuds": 14.285712, "GameplayMinimumStuds": 14.0, "FinalWidthStuds": 14.285712}}, {"type": "Feature", "geometry": {"type": "LineString", "coordinates": [[565493.179105779, 5951232.501918773], [565508.5012322138, 5951214.155697379], [565515.3422156365, 5951159.694703609], [565544.8672667176, 5951118.101982345]]}, "properties": {"bicycle": "designated", "foot": "designated", "highway": "path", "segregated": "no", "surface": "paving_stones", "osm_id": 26542785, "tile_500": "NO_E565500_N5951000_500", "tile_250": "NO_E565500_N5951000_250", "LaneCount": 2, "DirectionMode": "two-way", "OSMWidthMeters": 1.5, "ScaledOSMWidthStuds": 5.357142, "GameplayMinimumStuds": 6.0, "FinalWidthStuds": 6.0}}, {"type": "Feature", "geometry": {"type": "LineString", "coordinates": [[565548.2160596784, 5951108.546015209], [565562.092669827, 5950776.9055088395], [565556.6804240126, 5950602.21133859]]}, "properties": {"bicycle": "designated", "foot": "designated", "highway": "path", "lit": "yes", "segregated": "no", "surface": "paving_stones", "osm_id": 26542789, "tile_500": "NO_E565500_N5950500_500", "tile_250": "NO_E565500_N5950750_250", "LaneCount": 2, "DirectionMode": "two-way", "OSMWidthMeters": 1.5, "ScaledOSMWidthStuds": 5.357142, "GameplayMinimumStuds": 6.0, "FinalWidthStuds": 6.0}}, {"type": "Feature", "geometry": {"type": "LineString", "coordinates": [[565708.3142496358, 5951658.69882517], [565639.266983347, 5951685.272024856]]}, "properties": {"cycleway:both": "no", "highway": "residential", "lane_markings": "no", "name": "Alter Heidberg", "surface": "paving_stones", "osm_id": 26926846, "tile_500": "NO_E565500_N5951500_500", "tile_250": "NO_E565500_N5951500_250", "LaneCount": 2, "DirectionMode": "two-way", "OSMWidthMeters": 6.0, "ScaledOSMWidthStuds": 21.428568, "GameplayMinimumStuds": 28.0, "FinalWidthStuds": 28.0}}, {"type": "Feature", "geometry": {"type": "LineString", "coordinates": [[565846.8054177681, 5951706.339989857], [565938.3665963666, 5951678.695310222]]}, "properties": {"cycleway:both": "no", "highway": "residential", "lanes": "2", "lit": "yes", "maxspeed": "30", "name": "Langenharmer Weg", "sidewalk:left": "separate", "sidewalk:right": "yes", "sidewalk:right:surface": "paving_stones", "smoothness": "good", "surface": "asphalt", "osm_id": 26926847, "tile_500": "NO_E565500_N5951500_500", "tile_250": "NO_E565750_N5951500_250", "LaneCount": 2, "DirectionMode": "two-way", "OSMWidthMeters": 6.0, "ScaledOSMWidthStuds": 21.428568, "GameplayMinimumStuds": 28.0, "FinalWidthStuds": 28.0}}, {"type": "Feature", "geometry": {"type": "LineString", "coordinates": [[565705.1768955461, 5951747.427587091], [565707.2616058919, 5951635.817712905], [565694.7719190277, 5951564.128380738]]}, "properties": {"cycleway:both": "no", "highway": "residential", "lit": "yes", "maxspeed": "30", "name": "Alter Heidberg", "sidewalk": "both", "sidewalk:both:surface": "paving_stones", "surface": "asphalt", "osm_id": 26926849, "tile_500": "NO_E565500_N5951500_500", "tile_250": "NO_E565500_N5951500_250", "LaneCount": 2, "DirectionMode": "two-way", "OSMWidthMeters": 6.0, "ScaledOSMWidthStuds": 21.428568, "GameplayMinimumStuds": 28.0, "FinalWidthStuds": 28.0}}, {"type": "Feature", "geometry": {"type": "LineString", "coordinates": [[565694.7719190277, 5951564.128380738], [565684.4739710641, 5951483.9241062235], [565733.0338337433, 5951445.002558826], [565746.49136016, 5951453.736802662]]}, "properties": {"highway": "residential", "maxspeed": "30", "name": "Alter Heidberg", "osm_id": 26926850, "tile_500": "NO_E565500_N5951000_500", "tile_250": "NO_E565500_N5951250_250", "LaneCount": 2, "DirectionMode": "two-way", "OSMWidthMeters": 6.0, "ScaledOSMWidthStuds": 21.428568, "GameplayMinimumStuds": 28.0, "FinalWidthStuds": 28.0}}, {"type": "Feature", "geometry": {"type": "LineString", "coordinates": [[565676.0031108087, 5951371.265207082], [565680.1309349814, 5951380.580804373]]}, "properties": {"cycleway:both": "track", "highway": "residential", "lane_markings": "no", "lit": "yes", "maxspeed:type": "DE:urban", "name": "Rathausallee", "sidewalk:both": "separate", "sidewalk:both:surface": "asphalt", "surface": "asphalt", "osm_id": 26926851, "tile_500": "NO_E565500_N5951000_500", "tile_250": "NO_E565500_N5951250_250", "LaneCount": 2, "DirectionMode": "two-way", "OSMWidthMeters": 6.0, "ScaledOSMWidthStuds": 21.428568, "GameplayMinimumStuds": 28.0, "FinalWidthStuds": 28.0}}, {"type": "Feature", "geometry": {"type": "LineString", "coordinates": [[565746.49136016, 5951453.736802662], [565794.4727070667, 5951606.295561067], [565861.4903168131, 5951589.488040896], [565867.8295729958, 5951554.570887601]]}, "properties": {"highway": "residential", "name": "Sanddornweg", "osm_id": 26926852, "tile_500": "NO_E565500_N5951500_500", "tile_250": "NO_E565750_N5951500_250", "LaneCount": 2, "DirectionMode": "two-way", "OSMWidthMeters": 6.0, "ScaledOSMWidthStuds": 21.428568, "GameplayMinimumStuds": 28.0, "FinalWidthStuds": 28.0}}, {"type": "Feature", "geometry": {"type": "LineString", "coordinates": [[565624.4080865054, 5951588.925292949], [565612.3484383386, 5951553.416692711], [565647.0686017674, 5951539.114366232], [565647.8652540777, 5951521.811618747], [565686.5741736351, 5951521.585643775]]}, "properties": {"highway": "service", "service": "parking_aisle", "osm_id": 26926854, "tile_500": "NO_E565500_N5951500_500", "tile_250": "NO_E565500_N5951500_250", "LaneCount": 2, "DirectionMode": "two-way", "OSMWidthMeters": 4.0, "ScaledOSMWidthStuds": 14.285712, "GameplayMinimumStuds": 28.0, "FinalWidthStuds": 28.0}}, {"type": "Feature", "geometry": {"type": "LineString", "coordinates": [[565580.7105379686, 5951567.7846107865], [565663.1894942276, 5951550.934491178], [565665.5236376903, 5951522.837642618]]}, "properties": {"highway": "service", "service": "parking_aisle", "osm_id": 26926855, "tile_500": "NO_E565500_N5951500_500", "tile_250": "NO_E565500_N5951500_250", "LaneCount": 2, "DirectionMode": "two-way", "OSMWidthMeters": 4.0, "ScaledOSMWidthStuds": 14.285712, "GameplayMinimumStuds": 28.0, "FinalWidthStuds": 28.0}}, {"type": "Feature", "geometry": {"type": "LineString", "coordinates": [[565678.267518644, 5951523.594642341], [565676.4552325559, 5951560.6227929], [565642.7291409067, 5951582.204859785]]}, "properties": {"highway": "service", "service": "parking_aisle", "osm_id": 26926856, "tile_500": "NO_E565500_N5951500_500", "tile_250": "NO_E565500_N5951500_250", "LaneCount": 2, "DirectionMode": "two-way", "OSMWidthMeters": 4.0, "ScaledOSMWidthStuds": 14.285712, "GameplayMinimumStuds": 28.0, "FinalWidthStuds": 28.0}}, {"type": "Feature", "geometry": {"type": "LineString", "coordinates": [[565612.3484383386, 5951553.416692711], [565580.2225684256, 5951551.68788915]]}, "properties": {"highway": "service", "service": "parking_aisle", "surface": "paving_stones", "osm_id": 26926857, "tile_500": "NO_E565500_N5951500_500", "tile_250": "NO_E565500_N5951500_250", "LaneCount": 2, "DirectionMode": "two-way", "OSMWidthMeters": 4.0, "ScaledOSMWidthStuds": 14.285712, "GameplayMinimumStuds": 28.0, "FinalWidthStuds": 28.0}}, {"type": "Feature", "geometry": {"type": "LineString", "coordinates": [[565640.3975006348, 5951926.703273928], [565597.7339495468, 5951893.692987419], [565524.8860910948, 5951925.166243172]]}, "properties": {"highway": "living_street", "lit": "yes", "name": "Iltisstieg", "osm_id": 26926858, "tile_500": "NO_E565500_N5951500_500", "tile_250": "NO_E565500_N5951750_250", "LaneCount": 2, "DirectionMode": "two-way", "OSMWidthMeters": 5.0, "ScaledOSMWidthStuds": 17.85714, "GameplayMinimumStuds": 28.0, "FinalWidthStuds": 28.0}}, {"type": "Feature", "geometry": {"type": "LineString", "coordinates": [[565672.2638636563, 5951876.999043138], [565849.2776494329, 5951882.462576968]]}, "properties": {"highway": "living_street", "lit": "yes", "name": "Dachsgang", "osm_id": 26926859, "tile_500": "NO_E565500_N5951500_500", "tile_250": "NO_E565750_N5951750_250", "LaneCount": 2, "DirectionMode": "two-way", "OSMWidthMeters": 5.0, "ScaledOSMWidthStuds": 17.85714, "GameplayMinimumStuds": 28.0, "FinalWidthStuds": 28.0}}, {"type": "Feature", "geometry": {"type": "LineString", "coordinates": [[565749.801777653, 5951879.809890912], [565748.5584116994, 5951844.652789574], [565768.4316629935, 5951806.264371661], [565837.9817580879, 5951798.827796522], [565854.5560606184, 5951773.078432846]]}, "properties": {"highway": "living_street", "lit": "yes", "name": "Hermelinweg", "osm_id": 26926860, "tile_500": "NO_E565500_N5951500_500", "tile_250": "NO_E565750_N5951750_250", "LaneCount": 2, "DirectionMode": "two-way", "OSMWidthMeters": 5.0, "ScaledOSMWidthStuds": 17.85714, "GameplayMinimumStuds": 28.0, "FinalWidthStuds": 28.0}}, {"type": "Feature", "geometry": {"type": "LineString", "coordinates": [[565713.4557805631, 5951875.083399392], [565712.5807942194, 5951838.585084], [565737.883596139, 5951786.753064774]]}, "properties": {"highway": "living_street", "lit": "yes", "name": "Dachsgang", "osm_id": 26926861, "tile_500": "NO_E565500_N5951500_500", "tile_250": "NO_E565500_N5951750_250", "LaneCount": 2, "DirectionMode": "two-way", "OSMWidthMeters": 5.0, "ScaledOSMWidthStuds": 17.85714, "GameplayMinimumStuds": 28.0, "FinalWidthStuds": 28.0}}, {"type": "Feature", "geometry": {"type": "LineString", "coordinates": [[565562.0808887915, 5951593.283649671], [565557.0475234608, 5951640.737492462], [565592.1006997216, 5951731.457767221], [565561.8450231823, 5951774.07477477], [565552.1442640012, 5951864.547854301], [565503.2111833127, 5951900.828820431]]}, "properties": {"bicycle": "yes", "foot": "yes", "highway": "path", "surface": "compacted", "osm_id": 26926865, "tile_500": "NO_E565500_N5951500_500", "tile_250": "NO_E565500_N5951750_250", "LaneCount": 2, "DirectionMode": "two-way", "OSMWidthMeters": 1.5, "ScaledOSMWidthStuds": 5.357142, "GameplayMinimumStuds": 6.0, "FinalWidthStuds": 6.0}}, {"type": "Feature", "geometry": {"type": "LineString", "coordinates": [[565562.0808887915, 5951593.283649671], [565521.5584014731, 5951622.727530156]]}, "properties": {"bicycle": "yes", "highway": "footway", "lit": "yes", "surface": "paving_stones", "osm_id": 26926866, "tile_500": "NO_E565500_N5951500_500", "tile_250": "NO_E565500_N5951500_250", "LaneCount": 2, "DirectionMode": "two-way", "OSMWidthMeters": 2.0, "ScaledOSMWidthStuds": 7.142856, "GameplayMinimumStuds": 7.0, "FinalWidthStuds": 7.142856}}, {"type": "Feature", "geometry": {"type": "LineString", "coordinates": [[565557.0475234608, 5951640.737492462], [565514.3075070846, 5951667.335265228]]}, "properties": {"foot": "yes", "highway": "path", "surface": "compacted", "osm_id": 26926867, "tile_500": "NO_E565500_N5951500_500", "tile_250": "NO_E565500_N5951500_250", "LaneCount": 2, "DirectionMode": "two-way", "OSMWidthMeters": 1.5, "ScaledOSMWidthStuds": 5.357142, "GameplayMinimumStuds": 6.0, "FinalWidthStuds": 6.0}}, {"type": "Feature", "geometry": {"type": "LineString", "coordinates": [[565589.8704487849, 5951708.248664653], [565639.266983347, 5951685.272024856]]}, "properties": {"highway": "footway", "surface": "compacted", "osm_id": 26926870, "tile_500": "NO_E565500_N5951500_500", "tile_250": "NO_E565500_N5951500_250", "LaneCount": 2, "DirectionMode": "two-way", "OSMWidthMeters": 2.0, "ScaledOSMWidthStuds": 7.142856, "GameplayMinimumStuds": 7.0, "FinalWidthStuds": 7.142856}}, {"type": "Feature", "geometry": {"type": "LineString", "coordinates": [[565496.3607628589, 5951848.235133606], [565516.3905984673, 5951813.608865739], [565518.3741066845, 5951768.482472539], [565506.9711967407, 5951758.253134431]]}, "properties": {"foot": "yes", "highway": "path", "surface": "paving_stones", "osm_id": 26926871, "tile_500": "NO_E565500_N5951500_500", "tile_250": "NO_E565500_N5951750_250", "LaneCount": 2, "DirectionMode": "two-way", "OSMWidthMeters": 1.5, "ScaledOSMWidthStuds": 5.357142, "GameplayMinimumStuds": 6.0, "FinalWidthStuds": 6.0}}, {"type": "Feature", "geometry": {"type": "LineString", "coordinates": [[565694.7719190277, 5951564.128380738], [565624.4080865054, 5951588.925292949]]}, "properties": {"highway": "residential", "lit": "yes", "maxspeed": "30", "maxspeed:type": "DE:zone30", "name": "Alter Heidberg", "sidewalk": "right", "sidewalk:right:surface": "paving_stones", "surface": "asphalt", "osm_id": 26928608, "tile_500": "NO_E565500_N5951500_500", "tile_250": "NO_E565500_N5951500_250", "LaneCount": 2, "DirectionMode": "two-way", "OSMWidthMeters": 6.0, "ScaledOSMWidthStuds": 21.428568, "GameplayMinimumStuds": 28.0, "FinalWidthStuds": 28.0}}, {"type": "Feature", "geometry": {"type": "LineString", "coordinates": [[565529.1489643937, 5951656.370860983], [565572.9990174398, 5951711.896198994], [565589.8704487849, 5951708.248664653]]}, "properties": {"foot": "yes", "highway": "path", "surface": "woodchips", "osm_id": 26928609, "tile_500": "NO_E565500_N5951500_500", "tile_250": "NO_E565500_N5951500_250", "LaneCount": 2, "DirectionMode": "two-way", "OSMWidthMeters": 1.5, "ScaledOSMWidthStuds": 5.357142, "GameplayMinimumStuds": 6.0, "FinalWidthStuds": 6.0}}, {"type": "Feature", "geometry": {"type": "LineString", "coordinates": [[565614.3315257889, 5951588.161230962], [565572.2659015807, 5951595.261977867]]}, "properties": {"highway": "service", "osm_id": 26928613, "tile_500": "NO_E565500_N5951500_500", "tile_250": "NO_E565500_N5951500_250", "LaneCount": 2, "DirectionMode": "two-way", "OSMWidthMeters": 4.0, "ScaledOSMWidthStuds": 14.285712, "GameplayMinimumStuds": 28.0, "FinalWidthStuds": 28.0}}, {"type": "Feature", "geometry": {"type": "LineString", "coordinates": [[565531.3095767893, 5951413.772970707], [565537.4591700324, 5951453.237938396]]}, "properties": {"highway": "service", "name": "J\u00f6rg-Peter-Hahn-Platz", "surface": "paving_stones", "osm_id": 26928614, "tile_500": "NO_E565500_N5951000_500", "tile_250": "NO_E565500_N5951250_250", "LaneCount": 2, "DirectionMode": "two-way", "OSMWidthMeters": 4.0, "ScaledOSMWidthStuds": 14.285712, "GameplayMinimumStuds": 28.0, "FinalWidthStuds": 28.0}}, {"type": "Feature", "geometry": {"type": "LineString", "coordinates": [[565530.4315634613, 5951444.493961835], [565529.6920675852, 5951488.458227171]]}, "properties": {"highway": "service", "surface": "paving_stones", "osm_id": 26928615, "tile_500": "NO_E565500_N5951000_500", "tile_250": "NO_E565500_N5951250_250", "LaneCount": 2, "DirectionMode": "two-way", "OSMWidthMeters": 4.0, "ScaledOSMWidthStuds": 14.285712, "GameplayMinimumStuds": 28.0, "FinalWidthStuds": 28.0}}, {"type": "Feature", "geometry": {"type": "LineString", "coordinates": [[565575.5646755466, 5951541.563812424], [565520.2043824831, 5951538.164335723]]}, "properties": {"highway": "path", "surface": "paving_stones", "osm_id": 26928618, "tile_500": "NO_E565500_N5951500_500", "tile_250": "NO_E565500_N5951500_250", "LaneCount": 2, "DirectionMode": "two-way", "OSMWidthMeters": 1.5, "ScaledOSMWidthStuds": 5.357142, "GameplayMinimumStuds": 6.0, "FinalWidthStuds": 6.0}}, {"type": "Feature", "geometry": {"type": "LineString", "coordinates": [[565444.552423242, 5951534.627066714], [565420.6444892789, 5951532.969493248], [565418.1805357375, 5951552.964042323], [565399.469080147, 5951569.23814392]]}, "properties": {"highway": "path", "osm_id": 26928619, "tile_500": "NO_E565000_N5951500_500", "tile_250": "NO_E565250_N5951500_250", "LaneCount": 2, "DirectionMode": "two-way", "OSMWidthMeters": 1.5, "ScaledOSMWidthStuds": 5.357142, "GameplayMinimumStuds": 6.0, "FinalWidthStuds": 6.0}}, {"type": "Feature", "geometry": {"type": "LineString", "coordinates": [[565335.2301151945, 5951435.929828573], [565384.3099804337, 5951529.102570259], [565406.7220007677, 5951540.041416451]]}, "properties": {"cycleway:both": "no", "highway": "residential", "lanes": "2", "lit": "yes", "maxspeed:type": "DE:urban", "name": "Rathausallee", "sidewalk": "both", "sidewalk:both:surface": "paving_stones", "surface": "asphalt", "osm_id": 26928623, "tile_500": "NO_E565000_N5951000_500", "tile_250": "NO_E565250_N5951250_250", "LaneCount": 2, "DirectionMode": "two-way", "OSMWidthMeters": 6.0, "ScaledOSMWidthStuds": 21.428568, "GameplayMinimumStuds": 28.0, "FinalWidthStuds": 28.0}}, {"type": "Feature", "geometry": {"type": "LineString", "coordinates": [[565531.6695450217, 5951612.976694727], [565532.0705415922, 5951538.897553932]]}, "properties": {"highway": "path", "surface": "paving_stones", "osm_id": 26928631, "tile_500": "NO_E565500_N5951500_500", "tile_250": "NO_E565500_N5951500_250", "LaneCount": 2, "DirectionMode": "two-way", "OSMWidthMeters": 1.5, "ScaledOSMWidthStuds": 5.357142, "GameplayMinimumStuds": 6.0, "FinalWidthStuds": 6.0}}, {"type": "Feature", "geometry": {"type": "LineString", "coordinates": [[565532.3019389991, 5951576.210208341], [565554.1400425291, 5951574.3232460115], [565562.050358451, 5951552.479860897], [565531.6841921402, 5951552.3782948125]]}, "properties": {"highway": "path", "surface": "paving_stones", "osm_id": 26928632, "tile_500": "NO_E565500_N5951500_500", "tile_250": "NO_E565500_N5951500_250", "LaneCount": 2, "DirectionMode": "two-way", "OSMWidthMeters": 1.5, "ScaledOSMWidthStuds": 5.357142, "GameplayMinimumStuds": 6.0, "FinalWidthStuds": 6.0}}, {"type": "Feature", "geometry": {"type": "LineString", "coordinates": [[565521.5584014731, 5951622.727530156], [565513.7857136148, 5951587.935573332], [565523.6050684066, 5951418.984154527]]}, "properties": {"bicycle": "designated", "foot": "designated", "highway": "path", "lit": "yes", "segregated": "no", "surface": "paving_stones", "osm_id": 26928633, "tile_500": "NO_E565500_N5951500_500", "tile_250": "NO_E565500_N5951500_250", "LaneCount": 2, "DirectionMode": "two-way", "OSMWidthMeters": 1.5, "ScaledOSMWidthStuds": 5.357142, "GameplayMinimumStuds": 6.0, "FinalWidthStuds": 6.0}}, {"type": "Feature", "geometry": {"type": "LineString", "coordinates": [[565513.7857136148, 5951587.935573332], [565531.5660906635, 5951588.718003677]]}, "properties": {"handrail": "yes", "highway": "steps", "incline": "up", "ramp": "no", "surface": "metal", "osm_id": 26928634, "tile_500": "NO_E565500_N5951500_500", "tile_250": "NO_E565500_N5951500_250", "LaneCount": 2, "DirectionMode": "two-way", "OSMWidthMeters": 2.0, "ScaledOSMWidthStuds": 7.142856, "GameplayMinimumStuds": 28.0, "FinalWidthStuds": 28.0}}, {"type": "Feature", "geometry": {"type": "LineString", "coordinates": [[565375.1789717802, 5951512.5850065565], [565420.6444892789, 5951532.969493248], [565393.963666597, 5951476.383069378], [565389.1128137751, 5951433.175431553]]}, "properties": {"bicycle": "designated", "foot": "designated", "highway": "path", "segregated": "no", "surface": "paving_stones", "osm_id": 26928637, "tile_500": "NO_E565000_N5951000_500", "tile_250": "NO_E565250_N5951250_250", "LaneCount": 2, "DirectionMode": "two-way", "OSMWidthMeters": 1.5, "ScaledOSMWidthStuds": 5.357142, "GameplayMinimumStuds": 6.0, "FinalWidthStuds": 6.0}}, {"type": "Feature", "geometry": {"type": "LineString", "coordinates": [[565520.2043824831, 5951538.164335723], [565444.552423242, 5951534.627066714]]}, "properties": {"bridge": "yes", "highway": "path", "layer": "1", "surface": "paving_stones", "osm_id": 26929551, "tile_500": "NO_E565000_N5951500_500", "tile_250": "NO_E565250_N5951500_250", "LaneCount": 2, "DirectionMode": "two-way", "OSMWidthMeters": 1.5, "ScaledOSMWidthStuds": 5.357142, "GameplayMinimumStuds": 6.0, "FinalWidthStuds": 6.0}}, {"type": "Feature", "geometry": {"type": "LineString", "coordinates": [[565434.5671355971, 5951643.745489744], [565443.5583490456, 5951650.847643398], [565449.6727279524, 5951643.17730114], [565443.0990591601, 5951635.975332923], [565434.5671355971, 5951643.745489744]]}, "properties": {"highway": "residential", "lit": "yes", "name": "Storchengang", "surface": "paving_stones", "osm_id": 27228613, "tile_500": "NO_E565000_N5951500_500", "tile_250": "NO_E565250_N5951500_250", "LaneCount": 2, "DirectionMode": "two-way", "OSMWidthMeters": 6.0, "ScaledOSMWidthStuds": 21.428568, "GameplayMinimumStuds": 28.0, "FinalWidthStuds": 28.0}}, {"type": "Feature", "geometry": {"type": "LineString", "coordinates": [[565279.774359422, 5951611.523431907], [565348.1368743809, 5951583.789330422], [565376.2275689729, 5951657.152669399]]}, "properties": {"highway": "residential", "lit": "yes", "name": "Norderstra\u00dfe", "osm_id": 27228638, "tile_500": "NO_E565000_N5951500_500", "tile_250": "NO_E565250_N5951500_250", "LaneCount": 2, "DirectionMode": "two-way", "OSMWidthMeters": 6.0, "ScaledOSMWidthStuds": 21.428568, "GameplayMinimumStuds": 28.0, "FinalWidthStuds": 28.0}}, {"type": "Feature", "geometry": {"type": "LineString", "coordinates": [[565254.3026144697, 5951222.508507498], [565248.1828798542, 5951231.024693478]]}, "properties": {"foot": "yes", "highway": "path", "surface": "paving_stones", "osm_id": 27508788, "tile_500": "NO_E565000_N5951000_500", "tile_250": "NO_E565250_N5951000_250", "LaneCount": 2, "DirectionMode": "two-way", "OSMWidthMeters": 1.5, "ScaledOSMWidthStuds": 5.357142, "GameplayMinimumStuds": 6.0, "FinalWidthStuds": 6.0}}, {"type": "Feature", "geometry": {"type": "LineString", "coordinates": [[565303.7230472246, 5951272.522775697], [565345.9910581125, 5951314.582193606]]}, "properties": {"bicycle": "designated", "foot": "designated", "highway": "path", "segregated": "no", "surface": "paving_stones", "osm_id": 27508859, "tile_500": "NO_E565000_N5951000_500", "tile_250": "NO_E565250_N5951250_250", "LaneCount": 2, "DirectionMode": "two-way", "OSMWidthMeters": 1.5, "ScaledOSMWidthStuds": 5.357142, "GameplayMinimumStuds": 6.0, "FinalWidthStuds": 6.0}}, {"type": "Feature", "geometry": {"type": "LineString", "coordinates": [[565247.84210707, 5951453.017886712], [565244.1423519955, 5951477.902401146], [565214.3559669977, 5951487.828925223]]}, "properties": {"bicycle": "yes", "highway": "footway", "lit": "yes", "surface": "paving_stones", "osm_id": 27509003, "tile_500": "NO_E565000_N5951000_500", "tile_250": "NO_E565000_N5951250_250", "LaneCount": 2, "DirectionMode": "two-way", "OSMWidthMeters": 2.0, "ScaledOSMWidthStuds": 7.142856, "GameplayMinimumStuds": 7.0, "FinalWidthStuds": 7.142856}}, {"type": "Feature", "geometry": {"type": "LineString", "coordinates": [[565240.511213447, 5951504.50145553], [565244.1423519955, 5951477.902401146]]}, "properties": {"bicycle": "yes", "highway": "footway", "lit": "yes", "surface": "paving_stones", "osm_id": 27509012, "tile_500": "NO_E565000_N5951000_500", "tile_250": "NO_E565000_N5951250_250", "LaneCount": 2, "DirectionMode": "two-way", "OSMWidthMeters": 2.0, "ScaledOSMWidthStuds": 7.142856, "GameplayMinimumStuds": 7.0, "FinalWidthStuds": 7.142856}}, {"type": "Feature", "geometry": {"type": "LineString", "coordinates": [[565449.12760432, 5951640.610446239], [565470.8568951733, 5951620.951487658], [565472.9517693392, 5951550.31204207], [565458.0615659857, 5951516.967546595], [565485.9291657513, 5951463.38965536]]}, "properties": {"bicycle": "yes", "foot": "yes", "highway": "path", "osm_id": 27540580, "tile_500": "NO_E565000_N5951500_500", "tile_250": "NO_E565250_N5951500_250", "LaneCount": 2, "DirectionMode": "two-way", "OSMWidthMeters": 1.5, "ScaledOSMWidthStuds": 5.357142, "GameplayMinimumStuds": 6.0, "FinalWidthStuds": 6.0}}, {"type": "Feature", "geometry": {"type": "LineString", "coordinates": [[565221.3540469406, 5950984.359522083], [565234.53381672, 5950994.238243541], [565247.0936400857, 5951059.617983242]]}, "properties": {"bicycle": "designated", "foot": "designated", "highway": "path", "lit": "yes", "segregated": "no", "surface": "paving_stones", "osm_id": 27659589, "tile_500": "NO_E565000_N5951000_500", "tile_250": "NO_E565000_N5951000_250", "LaneCount": 2, "DirectionMode": "two-way", "OSMWidthMeters": 1.5, "ScaledOSMWidthStuds": 5.357142, "GameplayMinimumStuds": 6.0, "FinalWidthStuds": 6.0}}, {"type": "Feature", "geometry": {"type": "LineString", "coordinates": [[565496.6493622657, 5951041.118575486], [565502.5181834359, 5950965.491266098], [565359.4123943385, 5950980.464730264]]}, "properties": {"highway": "living_street", "lit": "yes", "name": "M\u00f6llner Weg", "surface": "paving_stones", "osm_id": 27842205, "tile_500": "NO_E565000_N5950500_500", "tile_250": "NO_E565250_N5950750_250", "LaneCount": 2, "DirectionMode": "two-way", "OSMWidthMeters": 5.0, "ScaledOSMWidthStuds": 17.85714, "GameplayMinimumStuds": 28.0, "FinalWidthStuds": 28.0}}, {"type": "Feature", "geometry": {"type": "LineString", "coordinates": [[565350.951727281, 5950938.008060625], [565505.7782367873, 5950923.509475392], [565514.6549115089, 5950815.477370846], [565507.4662959751, 5950813.463143958]]}, "properties": {"highway": "living_street", "lit": "yes", "name": "M\u00f6llner Weg", "surface": "paving_stones", "osm_id": 27847257, "tile_500": "NO_E565000_N5950500_500", "tile_250": "NO_E565250_N5950750_250", "LaneCount": 2, "DirectionMode": "two-way", "OSMWidthMeters": 5.0, "ScaledOSMWidthStuds": 17.85714, "GameplayMinimumStuds": 28.0, "FinalWidthStuds": 28.0}}, {"type": "Feature", "geometry": {"type": "LineString", "coordinates": [[565327.1125909435, 5950869.53342634], [565356.1238647599, 5950848.239438721], [565492.3161048455, 5950817.034914243]]}, "properties": {"highway": "residential", "lit": "yes", "maxspeed": "30", "name": "R\u00fcsternweg", "surface": "asphalt", "osm_id": 27847284, "tile_500": "NO_E565000_N5950500_500", "tile_250": "NO_E565250_N5950750_250", "LaneCount": 2, "DirectionMode": "two-way", "OSMWidthMeters": 6.0, "ScaledOSMWidthStuds": 21.428568, "GameplayMinimumStuds": 28.0, "FinalWidthStuds": 28.0}}, {"type": "Feature", "geometry": {"type": "LineString", "coordinates": [[565227.8353952758, 5950635.383623132], [565316.0175036625, 5950723.145949113], [565373.3794909128, 5950843.761882494]]}, "properties": {"highway": "residential", "lit": "yes", "maxspeed": "30", "name": "Kastanienweg", "sidewalk": "no", "surface": "asphalt", "osm_id": 27847331, "tile_500": "NO_E565000_N5950500_500", "tile_250": "NO_E565250_N5950500_250", "LaneCount": 2, "DirectionMode": "two-way", "OSMWidthMeters": 6.0, "ScaledOSMWidthStuds": 21.428568, "GameplayMinimumStuds": 28.0, "FinalWidthStuds": 28.0}}, {"type": "Feature", "geometry": {"type": "LineString", "coordinates": [[565245.7825607704, 5950597.878702718], [565226.1522211812, 5950639.143111085]]}, "properties": {"highway": "residential", "lit": "yes", "maxspeed": "30", "maxweight": "7.5", "name": "Pappelstieg", "sidewalk": "no", "source:maxspeed": "DE:zone30", "surface": "asphalt", "osm_id": 27847360, "tile_500": "NO_E565000_N5950500_500", "tile_250": "NO_E565000_N5950500_250", "LaneCount": 2, "DirectionMode": "two-way", "OSMWidthMeters": 6.0, "ScaledOSMWidthStuds": 21.428568, "GameplayMinimumStuds": 28.0, "FinalWidthStuds": 28.0}}, {"type": "Feature", "geometry": {"type": "LineString", "coordinates": [[565425.4291246994, 5950656.616362855], [565316.0175036625, 5950723.145949113]]}, "properties": {"highway": "residential", "lit": "yes", "maxspeed": "30", "name": "Ulmenweg", "sidewalk": "no", "surface": "asphalt", "osm_id": 27847413, "tile_500": "NO_E565000_N5950500_500", "tile_250": "NO_E565250_N5950500_250", "LaneCount": 2, "DirectionMode": "two-way", "OSMWidthMeters": 6.0, "ScaledOSMWidthStuds": 21.428568, "GameplayMinimumStuds": 28.0, "FinalWidthStuds": 28.0}}, {"type": "Feature", "geometry": {"type": "LineString", "coordinates": [[565415.0100283861, 5950600.234481837], [565458.6491722793, 5950824.5989790885]]}, "properties": {"highway": "residential", "lit": "yes", "maxspeed": "30", "name": "Platanenweg", "sidewalk": "both", "surface": "asphalt", "osm_id": 27847429, "tile_500": "NO_E565000_N5950500_500", "tile_250": "NO_E565250_N5950500_250", "LaneCount": 2, "DirectionMode": "two-way", "OSMWidthMeters": 6.0, "ScaledOSMWidthStuds": 21.428568, "GameplayMinimumStuds": 28.0, "FinalWidthStuds": 28.0}}, {"type": "Feature", "geometry": {"type": "LineString", "coordinates": [[565222.8010830805, 5950880.250405092], [565282.3714218962, 5950822.688597405]]}, "properties": {"highway": "residential", "lit": "yes", "name": "Malenter Weg", "osm_id": 27847441, "tile_500": "NO_E565000_N5950500_500", "tile_250": "NO_E565250_N5950750_250", "LaneCount": 2, "DirectionMode": "two-way", "OSMWidthMeters": 6.0, "ScaledOSMWidthStuds": 21.428568, "GameplayMinimumStuds": 28.0, "FinalWidthStuds": 28.0}}, {"type": "Feature", "geometry": {"type": "LineString", "coordinates": [[565502.5181834359, 5950965.491266098], [565505.7782367873, 5950923.509475392]]}, "properties": {"foot": "yes", "highway": "footway", "surface": "paving_stones", "osm_id": 27847925, "tile_500": "NO_E565500_N5950500_500", "tile_250": "NO_E565500_N5950750_250", "LaneCount": 2, "DirectionMode": "two-way", "OSMWidthMeters": 2.0, "ScaledOSMWidthStuds": 7.142856, "GameplayMinimumStuds": 7.0, "FinalWidthStuds": 7.142856}}, {"type": "Feature", "geometry": {"type": "LineString", "coordinates": [[565215.3313668412, 5951417.656574633], [565241.4614391107, 5951411.480485755]]}, "properties": {"bicycle": "designated", "foot": "designated", "highway": "path", "lit": "yes", "segregated": "yes", "osm_id": 28449337, "tile_500": "NO_E565000_N5951000_500", "tile_250": "NO_E565000_N5951250_250", "LaneCount": 2, "DirectionMode": "two-way", "OSMWidthMeters": 1.5, "ScaledOSMWidthStuds": 5.357142, "GameplayMinimumStuds": 6.0, "FinalWidthStuds": 6.0}}, {"type": "Feature", "geometry": {"type": "LineString", "coordinates": [[565315.5392238994, 5952267.923505401], [565326.9875828568, 5952142.980086693], [565310.1578724192, 5952116.263050875]]}, "properties": {"highway": "residential", "lit": "yes", "maxspeed": "30", "name": "Falkenkamp", "sidewalk": "right", "surface": "asphalt", "osm_id": 28488962, "tile_500": "NO_E565000_N5952000_500", "tile_250": "NO_E565250_N5952000_250", "LaneCount": 2, "DirectionMode": "two-way", "OSMWidthMeters": 6.0, "ScaledOSMWidthStuds": 21.428568, "GameplayMinimumStuds": 28.0, "FinalWidthStuds": 28.0}}, {"type": "Feature", "geometry": {"type": "LineString", "coordinates": [[565860.5236208041, 5951979.493852576], [565861.1567911353, 5952275.553106869]]}, "properties": {"cycleway:both": "no", "highway": "residential", "lit": "yes", "maxspeed": "30", "name": "Apmannsweg", "surface": "asphalt", "osm_id": 28723143, "tile_500": "NO_E565500_N5952000_500", "tile_250": "NO_E565750_N5952000_250", "LaneCount": 2, "DirectionMode": "two-way", "OSMWidthMeters": 6.0, "ScaledOSMWidthStuds": 21.428568, "GameplayMinimumStuds": 28.0, "FinalWidthStuds": 28.0}}, {"type": "Feature", "geometry": {"type": "LineString", "coordinates": [[565585.2691481195, 5951994.3866392225], [565598.7566736209, 5952048.553222529], [565714.8262034674, 5952195.67705537], [565738.1550655067, 5952201.20035309]]}, "properties": {"cycleway:both": "no", "highway": "residential", "lit": "yes", "maxspeed": "30", "maxspeed:type": "DE:zone30", "name": "Hasenstieg", "surface": "asphalt", "osm_id": 28723279, "tile_500": "NO_E565500_N5952000_500", "tile_250": "NO_E565500_N5952000_250", "LaneCount": 2, "DirectionMode": "two-way", "OSMWidthMeters": 6.0, "ScaledOSMWidthStuds": 21.428568, "GameplayMinimumStuds": 28.0, "FinalWidthStuds": 28.0}}, {"type": "Feature", "geometry": {"type": "LineString", "coordinates": [[565529.9740557141, 5951395.950839576], [565603.123216585, 5951394.502848174], [565672.1761562028, 5951362.621456007]]}, "properties": {"bicycle": "designated", "check_date:surface": "2023-01-14", "cycleway:surface": "paving_stones", "foot": "designated", "footway:surface": "paving_stones", "highway": "path", "lit": "yes", "segregated": "yes", "surface": "paving_stones", "osm_id": 28877790, "tile_500": "NO_E565500_N5951000_500", "tile_250": "NO_E565500_N5951250_250", "LaneCount": 2, "DirectionMode": "two-way", "OSMWidthMeters": 1.5, "ScaledOSMWidthStuds": 5.357142, "GameplayMinimumStuds": 6.0, "FinalWidthStuds": 6.0}}, {"type": "Feature", "geometry": {"type": "LineString", "coordinates": [[565695.1115747096, 5951351.2812559875], [565804.4709726663, 5951291.625379609]]}, "properties": {"bicycle": "designated", "check_date:surface": "2023-04-09", "cycleway:surface": "paving_stones", "foot": "designated", "footway:surface": "paving_stones", "highway": "path", "oneway": "yes", "segregated": "yes", "surface": "paving_stones", "osm_id": 28877794, "tile_500": "NO_E565500_N5951000_500", "tile_250": "NO_E565500_N5951250_250", "LaneCount": 1, "DirectionMode": "one-way", "OSMWidthMeters": 1.5, "ScaledOSMWidthStuds": 5.357142, "GameplayMinimumStuds": 6.0, "FinalWidthStuds": 6.0}}, {"type": "Feature", "geometry": {"type": "LineString", "coordinates": [[565819.8148843674, 5951322.6295280745], [565617.6090035943, 5951419.430008292], [565523.6050684066, 5951418.984154527]]}, "properties": {"bicycle": "designated", "cycleway:surface": "paving_stones", "foot": "designated", "footway:surface": "paving_stones", "highway": "path", "lit": "yes", "oneway:bicycle": "yes", "segregated": "yes", "osm_id": 28877829, "tile_500": "NO_E565500_N5951000_500", "tile_250": "NO_E565500_N5951250_250", "LaneCount": 2, "DirectionMode": "two-way", "OSMWidthMeters": 1.5, "ScaledOSMWidthStuds": 5.357142, "GameplayMinimumStuds": 6.0, "FinalWidthStuds": 6.0}}, {"type": "Feature", "geometry": {"type": "LineString", "coordinates": [[565455.115702116, 5951386.471498651], [565467.0204200214, 5951263.815905212]]}, "properties": {"bicycle": "yes", "foot": "yes", "highway": "service", "lit": "yes", "segregated": "no", "surface": "paving_stones", "osm_id": 28893865, "tile_500": "NO_E565000_N5951000_500", "tile_250": "NO_E565250_N5951250_250", "LaneCount": 2, "DirectionMode": "two-way", "OSMWidthMeters": 4.0, "ScaledOSMWidthStuds": 14.285712, "GameplayMinimumStuds": 28.0, "FinalWidthStuds": 28.0}}, {"type": "Feature", "geometry": {"type": "LineString", "coordinates": [[565493.6151687044, 5951100.039076265], [565485.9965669559, 5951193.20065507]]}, "properties": {"highway": "residential", "maxspeed": "30", "maxspeed:type": "DE:zone30", "name": "Heidbergstra\u00dfe", "surface": "paving_stones", "osm_id": 28893875, "tile_500": "NO_E565000_N5951000_500", "tile_250": "NO_E565250_N5951000_250", "LaneCount": 2, "DirectionMode": "two-way", "OSMWidthMeters": 6.0, "ScaledOSMWidthStuds": 21.428568, "GameplayMinimumStuds": 28.0, "FinalWidthStuds": 28.0}}, {"type": "Feature", "geometry": {"type": "LineString", "coordinates": [[565485.9965669559, 5951193.20065507], [565479.0884984332, 5951222.69138499], [565467.1409921438, 5951220.633050479], [565468.6779658105, 5951209.371548325], [565485.9965669559, 5951193.20065507]]}, "properties": {"highway": "residential", "maxspeed": "30", "maxspeed:type": "DE:zone30", "name": "Heidbergstra\u00dfe", "surface": "paving_stones", "osm_id": 28893875, "tile_500": "NO_E565000_N5951000_500", "tile_250": "NO_E565250_N5951000_250", "LaneCount": 2, "DirectionMode": "two-way", "OSMWidthMeters": 6.0, "ScaledOSMWidthStuds": 21.428568, "GameplayMinimumStuds": 28.0, "FinalWidthStuds": 28.0}}, {"type": "Feature", "geometry": {"type": "LineString", "coordinates": [[566133.7784832288, 5952279.38907618], [566135.6284395407, 5952256.281670986]]}, "properties": {"cycleway:both": "no", "highway": "residential", "lit": "yes", "maxspeed": "30", "name": "Cordt-Buck-Weg", "sidewalk": "both", "surface": "asphalt", "osm_id": 28901903, "tile_500": "NO_E566000_N5952000_500", "tile_250": "NO_E566000_N5952250_250", "LaneCount": 2, "DirectionMode": "two-way", "OSMWidthMeters": 6.0, "ScaledOSMWidthStuds": 21.428568, "GameplayMinimumStuds": 28.0, "FinalWidthStuds": 28.0}}, {"type": "Feature", "geometry": {"type": "LineString", "coordinates": [[565882.7885814431, 5951260.756021815], [565793.7879586441, 5951091.58684322]]}, "properties": {"highway": "residential", "maxspeed": "30", "name": "Kiebitzreihe", "sidewalk": "right", "osm_id": 28912005, "tile_500": "NO_E565500_N5951000_500", "tile_250": "NO_E565750_N5951000_250", "LaneCount": 2, "DirectionMode": "two-way", "OSMWidthMeters": 6.0, "ScaledOSMWidthStuds": 21.428568, "GameplayMinimumStuds": 28.0, "FinalWidthStuds": 28.0}}, {"type": "Feature", "geometry": {"type": "LineString", "coordinates": [[565740.9044889755, 5950893.58302606], [565859.7474659506, 5950859.497841673]]}, "properties": {"highway": "residential", "maxspeed": "30", "name": "Krayenkamp", "surface": "asphalt", "osm_id": 28912013, "tile_500": "NO_E565500_N5950500_500", "tile_250": "NO_E565750_N5950750_250", "LaneCount": 2, "DirectionMode": "two-way", "OSMWidthMeters": 6.0, "ScaledOSMWidthStuds": 21.428568, "GameplayMinimumStuds": 28.0, "FinalWidthStuds": 28.0}}, {"type": "Feature", "geometry": {"type": "LineString", "coordinates": [[565745.0783685063, 5951377.429024025], [565737.4155171345, 5951362.210937731]]}, "properties": {"foot": "yes", "highway": "path", "surface": "paving_stones", "tunnel": "yes", "osm_id": 28912029, "tile_500": "NO_E565500_N5951000_500", "tile_250": "NO_E565500_N5951250_250", "LaneCount": 2, "DirectionMode": "two-way", "OSMWidthMeters": 1.5, "ScaledOSMWidthStuds": 5.357142, "GameplayMinimumStuds": 6.0, "FinalWidthStuds": 6.0}}, {"type": "Feature", "geometry": {"type": "LineString", "coordinates": [[565767.9577841781, 5951381.866741208], [565819.8148843674, 5951322.6295280745]]}, "properties": {"bicycle": "yes", "highway": "path", "segregated": "no", "surface": "paving_stones", "osm_id": 28912032, "tile_500": "NO_E565500_N5951000_500", "tile_250": "NO_E565750_N5951250_250", "LaneCount": 2, "DirectionMode": "two-way", "OSMWidthMeters": 1.5, "ScaledOSMWidthStuds": 5.357142, "GameplayMinimumStuds": 6.0, "FinalWidthStuds": 6.0}}, {"type": "Feature", "geometry": {"type": "LineString", "coordinates": [[565592.348018935, 5951340.262993091], [565653.6070476103, 5951316.706764689]]}, "properties": {"cycleway:both": "no", "highway": "residential", "lane_markings": "no", "lit": "yes", "maxspeed:type": "DE:urban", "name": "Beamtenlaufbahn", "sidewalk": "both", "sidewalk:both:surface": "paving_stones", "surface": "asphalt", "osm_id": 28912047, "tile_500": "NO_E565500_N5951000_500", "tile_250": "NO_E565500_N5951250_250", "LaneCount": 2, "DirectionMode": "two-way", "OSMWidthMeters": 6.0, "ScaledOSMWidthStuds": 21.428568, "GameplayMinimumStuds": 28.0, "FinalWidthStuds": 28.0}}, {"type": "Feature", "geometry": {"type": "LineString", "coordinates": [[565740.9044889755, 5950893.58302606], [565733.8067397317, 5950874.255836743], [565747.4687356779, 5950869.929600767], [565753.8643128071, 5950890.359690137]]}, "properties": {"highway": "residential", "lit": "no", "maxspeed": "30", "name": "Kiebitzreihe", "sidewalk": "no", "surface": "asphalt", "osm_id": 28953845, "tile_500": "NO_E565500_N5950500_500", "tile_250": "NO_E565500_N5950750_250", "LaneCount": 2, "DirectionMode": "two-way", "OSMWidthMeters": 6.0, "ScaledOSMWidthStuds": 21.428568, "GameplayMinimumStuds": 28.0, "FinalWidthStuds": 28.0}}, {"type": "Feature", "geometry": {"type": "LineString", "coordinates": [[565747.4687356779, 5950869.929600767], [565733.9856507175, 5950810.577525762]]}, "properties": {"highway": "residential", "maxspeed": "30", "name": "Kiebitzreihe", "sidewalk": "no", "surface": "asphalt", "osm_id": 28953858, "tile_500": "NO_E565500_N5950500_500", "tile_250": "NO_E565500_N5950750_250", "LaneCount": 2, "DirectionMode": "two-way", "OSMWidthMeters": 6.0, "ScaledOSMWidthStuds": 21.428568, "GameplayMinimumStuds": 28.0, "FinalWidthStuds": 28.0}}, {"type": "Feature", "geometry": {"type": "LineString", "coordinates": [[565740.9044889755, 5950893.58302606], [565644.1027730603, 5950926.710972796]]}, "properties": {"bicycle": "yes", "foot": "yes", "highway": "path", "surface": "compacted", "osm_id": 28953894, "tile_500": "NO_E565500_N5950500_500", "tile_250": "NO_E565500_N5950750_250", "LaneCount": 2, "DirectionMode": "two-way", "OSMWidthMeters": 1.5, "ScaledOSMWidthStuds": 5.357142, "GameplayMinimumStuds": 6.0, "FinalWidthStuds": 6.0}}, {"type": "Feature", "geometry": {"type": "LineString", "coordinates": [[565790.4334812575, 5951085.03040763], [565706.5143418638, 5951092.366814949]]}, "properties": {"bicycle": "yes", "foot": "yes", "highway": "path", "surface": "unpaved", "osm_id": 28953926, "tile_500": "NO_E565500_N5951000_500", "tile_250": "NO_E565500_N5951000_250", "LaneCount": 2, "DirectionMode": "two-way", "OSMWidthMeters": 1.5, "ScaledOSMWidthStuds": 5.357142, "GameplayMinimumStuds": 6.0, "FinalWidthStuds": 6.0}}, {"type": "Feature", "geometry": {"type": "LineString", "coordinates": [[565706.5143418638, 5951092.366814949], [565687.0587354617, 5951105.001939065]]}, "properties": {"access": "permissive", "bicycle": "yes", "foot": "yes", "highway": "path", "surface": "paved", "osm_id": 28953937, "tile_500": "NO_E565500_N5951000_500", "tile_250": "NO_E565500_N5951000_250", "LaneCount": 2, "DirectionMode": "two-way", "OSMWidthMeters": 1.5, "ScaledOSMWidthStuds": 5.357142, "GameplayMinimumStuds": 6.0, "FinalWidthStuds": 6.0}}, {"type": "Feature", "geometry": {"type": "LineString", "coordinates": [[565498.6484242853, 5952208.676527147], [565516.3342159751, 5952270.72392426]]}, "properties": {"access": "permissive", "bicycle": "yes", "foot": "yes", "highway": "path", "lit": "yes", "surface": "paving_stones", "osm_id": 28954471, "tile_500": "NO_E565500_N5952000_500", "tile_250": "NO_E565500_N5952000_250", "LaneCount": 2, "DirectionMode": "two-way", "OSMWidthMeters": 1.5, "ScaledOSMWidthStuds": 5.357142, "GameplayMinimumStuds": 6.0, "FinalWidthStuds": 6.0}}, {"type": "Feature", "geometry": {"type": "LineString", "coordinates": [[565793.7879586441, 5951091.58684322], [565938.4603965387, 5951076.370497386]]}, "properties": {"highway": "residential", "lit": "yes", "maxspeed": "30", "name": "Spreenweg", "surface": "asphalt", "osm_id": 28954567, "tile_500": "NO_E565500_N5951000_500", "tile_250": "NO_E565750_N5951000_250", "LaneCount": 2, "DirectionMode": "two-way", "OSMWidthMeters": 6.0, "ScaledOSMWidthStuds": 21.428568, "GameplayMinimumStuds": 28.0, "FinalWidthStuds": 28.0}}, {"type": "Feature", "geometry": {"type": "LineString", "coordinates": [[565947.6595894686, 5951057.427776712], [565938.4603965387, 5951076.370497386]]}, "properties": {"bicycle": "yes", "foot": "yes", "highway": "path", "lit": "no", "surface": "compacted", "osm_id": 28954628, "tile_500": "NO_E565500_N5951000_500", "tile_250": "NO_E565750_N5951000_250", "LaneCount": 2, "DirectionMode": "two-way", "OSMWidthMeters": 1.5, "ScaledOSMWidthStuds": 5.357142, "GameplayMinimumStuds": 6.0, "FinalWidthStuds": 6.0}}, {"type": "Feature", "geometry": {"type": "LineString", "coordinates": [[565625.0638544974, 5951458.034315088], [565691.0814569227, 5951426.934170807], [565678.924813117, 5951400.7152446965], [565612.4635415492, 5951431.419909034], [565625.0638544974, 5951458.034315088]]}, "properties": {"area": "yes", "highway": "pedestrian", "lit": "yes", "name": "Rathausmarkt", "surface": "sett", "osm_id": 28958711, "tile_500": "NO_E565500_N5951000_500", "tile_250": "NO_E565500_N5951250_250", "LaneCount": 2, "DirectionMode": "two-way", "OSMWidthMeters": 5.0, "ScaledOSMWidthStuds": 17.85714, "GameplayMinimumStuds": 28.0, "FinalWidthStuds": 28.0}}, {"type": "Feature", "geometry": {"type": "LineString", "coordinates": [[566749.3770987219, 5950774.070461317], [566880.7786252217, 5950877.911309471]]}, "properties": {"highway": "residential", "lit": "yes", "maxspeed": "30", "name": "Trakehner Weg", "osm_id": 29208261, "tile_500": "NO_E566500_N5950500_500", "tile_250": "NO_E566750_N5950750_250", "LaneCount": 2, "DirectionMode": "two-way", "OSMWidthMeters": 6.0, "ScaledOSMWidthStuds": 21.428568, "GameplayMinimumStuds": 28.0, "FinalWidthStuds": 28.0}}, {"type": "Feature", "geometry": {"type": "LineString", "coordinates": [[566880.7786252217, 5950877.911309471], [567004.5943233453, 5950944.324363339]]}, "properties": {"highway": "residential", "maxspeed": "30", "name": "Trakehner Weg", "osm_id": 29208264, "tile_500": "NO_E566500_N5950500_500", "tile_250": "NO_E566750_N5950750_250", "LaneCount": 2, "DirectionMode": "two-way", "OSMWidthMeters": 6.0, "ScaledOSMWidthStuds": 21.428568, "GameplayMinimumStuds": 28.0, "FinalWidthStuds": 28.0}}, {"type": "Feature", "geometry": {"type": "LineString", "coordinates": [[566880.7786252217, 5950877.911309471], [567004.4597893581, 5950953.74608629]]}, "properties": {"highway": "residential", "maxspeed": "30", "name": "Trakehner Weg", "osm_id": 29208270, "tile_500": "NO_E566500_N5950500_500", "tile_250": "NO_E566750_N5950750_250", "LaneCount": 2, "DirectionMode": "two-way", "OSMWidthMeters": 6.0, "ScaledOSMWidthStuds": 21.428568, "GameplayMinimumStuds": 28.0, "FinalWidthStuds": 28.0}}, {"type": "Feature", "geometry": {"type": "LineString", "coordinates": [[567004.0259418075, 5950984.1293532625], [566956.7113415424, 5951054.526346086]]}, "properties": {"bicycle": "designated", "foot": "designated", "highway": "path", "surface": "paved", "width": "1.50", "osm_id": 29208277, "tile_500": "NO_E566500_N5951000_500", "tile_250": "NO_E566750_N5951000_250", "LaneCount": 2, "DirectionMode": "two-way", "OSMWidthMeters": 1.5, "ScaledOSMWidthStuds": 5.357142, "GameplayMinimumStuds": 6.0, "FinalWidthStuds": 6.0}}, {"type": "Feature", "geometry": {"type": "LineString", "coordinates": [[566984.0745131767, 5951292.973144179], [566999.9576235764, 5951269.037158913]]}, "properties": {"highway": "residential", "lit": "yes", "maxspeed": "30", "name": "Romintener Weg", "osm_id": 29208305, "tile_500": "NO_E566500_N5951000_500", "tile_250": "NO_E566750_N5951250_250", "LaneCount": 2, "DirectionMode": "two-way", "OSMWidthMeters": 6.0, "ScaledOSMWidthStuds": 21.428568, "GameplayMinimumStuds": 28.0, "FinalWidthStuds": 28.0}}, {"type": "Feature", "geometry": {"type": "LineString", "coordinates": [[566822.8740401862, 5950994.233880475], [566855.4946760632, 5950998.10346603]]}, "properties": {"highway": "service", "service": "parking_aisle", "source": "Bing", "osm_id": 29208457, "tile_500": "NO_E566500_N5950500_500", "tile_250": "NO_E566750_N5950750_250", "LaneCount": 2, "DirectionMode": "two-way", "OSMWidthMeters": 4.0, "ScaledOSMWidthStuds": 14.285712, "GameplayMinimumStuds": 28.0, "FinalWidthStuds": 28.0}}, {"type": "Feature", "geometry": {"type": "LineString", "coordinates": [[566997.865260417, 5951415.563498787], [566993.9072833573, 5951300.212714333]]}, "properties": {"highway": "residential", "lit": "yes", "maxspeed": "30", "name": "Romintener Weg", "oneway": "yes", "oneway:bicycle": "no", "sidewalk": "right", "sidewalk:right:surface": "paving_stones", "surface": "asphalt", "osm_id": 29208522, "tile_500": "NO_E566500_N5951000_500", "tile_250": "NO_E566750_N5951250_250", "LaneCount": 1, "DirectionMode": "one-way", "OSMWidthMeters": 6.0, "ScaledOSMWidthStuds": 21.428568, "GameplayMinimumStuds": 14.0, "FinalWidthStuds": 21.428568}}, {"type": "Feature", "geometry": {"type": "LineString", "coordinates": [[566873.5611321864, 5951226.3468702845], [566946.9769624, 5951095.880931908], [566956.7113415424, 5951054.526346086]]}, "properties": {"highway": "residential", "lit": "yes", "maxspeed": "30", "name": "Tucheler Weg", "osm_id": 29208611, "tile_500": "NO_E566500_N5951000_500", "tile_250": "NO_E566750_N5951000_250", "LaneCount": 2, "DirectionMode": "two-way", "OSMWidthMeters": 6.0, "ScaledOSMWidthStuds": 21.428568, "GameplayMinimumStuds": 28.0, "FinalWidthStuds": 28.0}}, {"type": "Feature", "geometry": {"type": "LineString", "coordinates": [[566513.0646712317, 5951110.729448952], [566652.2106370422, 5951116.164495352], [566756.4197413068, 5951147.856359485], [566999.5771307049, 5951295.682921905]]}, "properties": {"bicycle": "designated", "cycleway:surface": "paving_stones", "foot": "designated", "footway:surface": "paving_stones", "highway": "path", "lit": "yes", "segregated": "yes", "surface": "paving_stones", "osm_id": 29208773, "tile_500": "NO_E566500_N5951000_500", "tile_250": "NO_E566750_N5951000_250", "LaneCount": 2, "DirectionMode": "two-way", "OSMWidthMeters": 1.5, "ScaledOSMWidthStuds": 5.357142, "GameplayMinimumStuds": 6.0, "FinalWidthStuds": 6.0}}, {"type": "Feature", "geometry": {"type": "LineString", "coordinates": [[566535.7615930752, 5951050.330000373], [566537.3630712804, 5951048.672499094]]}, "properties": {"highway": "footway", "lit": "yes", "surface": "paving_stones", "osm_id": 29209339, "tile_500": "NO_E566500_N5951000_500", "tile_250": "NO_E566500_N5951000_250", "LaneCount": 2, "DirectionMode": "two-way", "OSMWidthMeters": 2.0, "ScaledOSMWidthStuds": 7.142856, "GameplayMinimumStuds": 7.0, "FinalWidthStuds": 7.142856}}, {"type": "Feature", "geometry": {"type": "LineString", "coordinates": [[566519.362609654, 5951027.876442371], [566518.8048259362, 5950975.470470044]]}, "properties": {"highway": "service", "osm_id": 29209354, "tile_500": "NO_E566500_N5951000_500", "tile_250": "NO_E566500_N5951000_250", "LaneCount": 2, "DirectionMode": "two-way", "OSMWidthMeters": 4.0, "ScaledOSMWidthStuds": 14.285712, "GameplayMinimumStuds": 28.0, "FinalWidthStuds": 28.0}}, {"type": "Feature", "geometry": {"type": "LineString", "coordinates": [[566554.341894839, 5950906.407003252], [566564.0187792539, 5950922.411673149]]}, "properties": {"highway": "service", "osm_id": 29209372, "tile_500": "NO_E566500_N5950500_500", "tile_250": "NO_E566500_N5950750_250", "LaneCount": 2, "DirectionMode": "two-way", "OSMWidthMeters": 4.0, "ScaledOSMWidthStuds": 14.285712, "GameplayMinimumStuds": 28.0, "FinalWidthStuds": 28.0}}, {"type": "Feature", "geometry": {"type": "LineString", "coordinates": [[566378.1951859732, 5950803.422213034], [566249.9251972487, 5950869.730309753], [566175.4516004706, 5950890.0325770825]]}, "properties": {"highway": "residential", "lit": "yes", "maxspeed": "30", "name": "Finkenried", "osm_id": 29209378, "tile_500": "NO_E566000_N5950500_500", "tile_250": "NO_E566250_N5950750_250", "LaneCount": 2, "DirectionMode": "two-way", "OSMWidthMeters": 6.0, "ScaledOSMWidthStuds": 21.428568, "GameplayMinimumStuds": 28.0, "FinalWidthStuds": 28.0}}, {"type": "Feature", "geometry": {"type": "LineString", "coordinates": [[566120.3915184527, 5950883.537054668], [566175.4516004706, 5950890.0325770825]]}, "properties": {"highway": "residential", "lit": "yes", "maxspeed": "30", "name": "Finkenried", "oneway": "yes", "osm_id": 29209380, "tile_500": "NO_E566000_N5950500_500", "tile_250": "NO_E566000_N5950750_250", "LaneCount": 1, "DirectionMode": "one-way", "OSMWidthMeters": 6.0, "ScaledOSMWidthStuds": 21.428568, "GameplayMinimumStuds": 14.0, "FinalWidthStuds": 21.428568}}, {"type": "Feature", "geometry": {"type": "LineString", "coordinates": [[566121.8364904148, 5950893.91683341], [566176.7799745087, 5951143.684701299]]}, "properties": {"highway": "residential", "lit": "yes", "maxspeed": "30", "name": "Uhlenkamp", "surface": "paving_stones", "osm_id": 29209384, "tile_500": "NO_E566000_N5951000_500", "tile_250": "NO_E566000_N5951000_250", "LaneCount": 2, "DirectionMode": "two-way", "OSMWidthMeters": 6.0, "ScaledOSMWidthStuds": 21.428568, "GameplayMinimumStuds": 28.0, "FinalWidthStuds": 28.0}}, {"type": "Feature", "geometry": {"type": "LineString", "coordinates": [[566142.801652725, 5951013.696136076], [566015.2560802763, 5951043.245311865]]}, "properties": {"highway": "residential", "lit": "yes", "maxspeed": "30", "name": "Meisennest", "sidewalk": "left", "surface": "asphalt", "osm_id": 29209389, "tile_500": "NO_E566000_N5951000_500", "tile_250": "NO_E566000_N5951000_250", "LaneCount": 2, "DirectionMode": "two-way", "OSMWidthMeters": 6.0, "ScaledOSMWidthStuds": 21.428568, "GameplayMinimumStuds": 28.0, "FinalWidthStuds": 28.0}}, {"type": "Feature", "geometry": {"type": "LineString", "coordinates": [[565372.6216780741, 5951037.018922743], [565341.6372032947, 5951043.152379021]]}, "properties": {"highway": "service", "service": "driveway", "osm_id": 29209923, "tile_500": "NO_E565000_N5951000_500", "tile_250": "NO_E565250_N5951000_250", "LaneCount": 2, "DirectionMode": "two-way", "OSMWidthMeters": 4.0, "ScaledOSMWidthStuds": 14.285712, "GameplayMinimumStuds": 28.0, "FinalWidthStuds": 28.0}}, {"type": "Feature", "geometry": {"type": "LineString", "coordinates": [[565341.6372032947, 5951043.152379021], [565264.7250557431, 5951055.590356495]]}, "properties": {"highway": "path", "osm_id": 29209951, "tile_500": "NO_E565000_N5951000_500", "tile_250": "NO_E565250_N5951000_250", "LaneCount": 2, "DirectionMode": "two-way", "OSMWidthMeters": 1.5, "ScaledOSMWidthStuds": 5.357142, "GameplayMinimumStuds": 6.0, "FinalWidthStuds": 6.0}}, {"type": "Feature", "geometry": {"type": "LineString", "coordinates": [[565264.7250557431, 5951055.590356495], [565247.0936400857, 5951059.617983242], [565264.6006559766, 5951104.881920257]]}, "properties": {"bicycle": "designated", "foot": "designated", "highway": "path", "lit": "yes", "segregated": "no", "surface": "paving_stones", "osm_id": 29210038, "tile_500": "NO_E565000_N5951000_500", "tile_250": "NO_E565250_N5951000_250", "LaneCount": 2, "DirectionMode": "two-way", "OSMWidthMeters": 1.5, "ScaledOSMWidthStuds": 5.357142, "GameplayMinimumStuds": 6.0, "FinalWidthStuds": 6.0}}, {"type": "Feature", "geometry": {"type": "LineString", "coordinates": [[565235.8160176859, 5951181.247876636], [565230.958931532, 5951187.745370847]]}, "properties": {"bicycle": "designated", "foot": "designated", "highway": "path", "lit": "no", "segregated": "no", "surface": "compacted", "osm_id": 29210042, "tile_500": "NO_E565000_N5951000_500", "tile_250": "NO_E565000_N5951000_250", "LaneCount": 2, "DirectionMode": "two-way", "OSMWidthMeters": 1.5, "ScaledOSMWidthStuds": 5.357142, "GameplayMinimumStuds": 6.0, "FinalWidthStuds": 6.0}}, {"type": "Feature", "geometry": {"type": "LineString", "coordinates": [[565314.5170647127, 5951263.059154751], [565238.7649833551, 5951332.874126733]]}, "properties": {"bicycle": "designated", "foot": "designated", "highway": "path", "lit": "yes", "segregated": "no", "surface": "paving_stones", "osm_id": 29210134, "tile_500": "NO_E565000_N5951000_500", "tile_250": "NO_E565250_N5951250_250", "LaneCount": 2, "DirectionMode": "two-way", "OSMWidthMeters": 1.5, "ScaledOSMWidthStuds": 5.357142, "GameplayMinimumStuds": 6.0, "FinalWidthStuds": 6.0}}, {"type": "Feature", "geometry": {"type": "LineString", "coordinates": [[565264.470605594, 5951100.94109858], [565331.9159461809, 5951152.875450689], [565411.5395532453, 5951179.321327827], [565314.5170647127, 5951263.059154751]]}, "properties": {"bicycle": "designated", "foot": "designated", "highway": "path", "lit": "yes", "segregated": "no", "surface": "paving_stones", "osm_id": 29210236, "tile_500": "NO_E565000_N5951000_500", "tile_250": "NO_E565250_N5951000_250", "LaneCount": 2, "DirectionMode": "two-way", "OSMWidthMeters": 1.5, "ScaledOSMWidthStuds": 5.357142, "GameplayMinimumStuds": 6.0, "FinalWidthStuds": 6.0}}, {"type": "Feature", "geometry": {"type": "LineString", "coordinates": [[566142.801652725, 5951013.696136076], [566457.2544119192, 5950966.742538054]]}, "properties": {"highway": "residential", "lit": "yes", "maxspeed": "30", "name": "Heidestieg", "parking:both": "half_on_kerb", "parking:both:orientation": "parallel", "sidewalk": "both", "surface": "asphalt", "osm_id": 29341624, "tile_500": "NO_E566000_N5950500_500", "tile_250": "NO_E566250_N5950750_250", "LaneCount": 2, "DirectionMode": "two-way", "OSMWidthMeters": 6.0, "ScaledOSMWidthStuds": 21.428568, "GameplayMinimumStuds": 28.0, "FinalWidthStuds": 28.0}}, {"type": "Feature", "geometry": {"type": "LineString", "coordinates": [[566630.6001787779, 5951121.354421295], [566623.6415094052, 5951052.52274917], [566537.3630712804, 5951048.672499094]]}, "properties": {"highway": "residential", "lit": "yes", "maxspeed": "30", "maxspeed:type": "DE:zone30", "name": "Rathaustwiete", "oneway": "yes", "sidewalk": "left", "sidewalk:left:surface": "paving_stones", "surface": "asphalt", "osm_id": 29341655, "tile_500": "NO_E566500_N5951000_500", "tile_250": "NO_E566500_N5951000_250", "LaneCount": 1, "DirectionMode": "one-way", "OSMWidthMeters": 6.0, "ScaledOSMWidthStuds": 21.428568, "GameplayMinimumStuds": 14.0, "FinalWidthStuds": 21.428568}}, {"type": "Feature", "geometry": {"type": "LineString", "coordinates": [[566869.9717802246, 5951224.337320268], [566865.0049006338, 5951309.723736386], [566883.3460662923, 5951473.622385573]]}, "properties": {"cycleway:both": "no", "highway": "residential", "lit": "yes", "maxspeed": "30", "name": "Waldschneise", "oneway": "yes", "oneway:bicycle": "no", "sidewalk": "left", "sidewalk:left:surface": "paving_stones", "surface": "asphalt", "osm_id": 29341758, "tile_500": "NO_E566500_N5951000_500", "tile_250": "NO_E566750_N5951250_250", "LaneCount": 1, "DirectionMode": "one-way", "OSMWidthMeters": 6.0, "ScaledOSMWidthStuds": 21.428568, "GameplayMinimumStuds": 14.0, "FinalWidthStuds": 21.428568}}, {"type": "Feature", "geometry": {"type": "LineString", "coordinates": [[566630.6001787779, 5951121.354421295], [566751.9642948075, 5951153.812805489], [566984.0745131767, 5951292.973144179]]}, "properties": {"cycleway:both": "separate", "destination:backward": "Rathaus/TriB\u00fchne", "highway": "secondary", "lanes": "2", "lit": "yes", "maxspeed": "50", "name": "Stonsdorfer Weg", "sidewalk:both": "separate", "surface": "asphalt", "osm_id": 29341765, "tile_500": "NO_E566500_N5951000_500", "tile_250": "NO_E566750_N5951000_250", "LaneCount": 2, "DirectionMode": "two-way", "OSMWidthMeters": 14.0, "ScaledOSMWidthStuds": 49.999992, "GameplayMinimumStuds": 28.0, "FinalWidthStuds": 49.999992}}, {"type": "Feature", "geometry": {"type": "LineString", "coordinates": [[566124.0105755609, 5952227.2983773], [566079.6919201734, 5952043.7201497555]]}, "properties": {"highway": "residential", "lit": "yes", "maxspeed": "30", "name": "Hans-Scharoun-Weg", "osm_id": 29343656, "tile_500": "NO_E566000_N5952000_500", "tile_250": "NO_E566000_N5952000_250", "LaneCount": 2, "DirectionMode": "two-way", "OSMWidthMeters": 6.0, "ScaledOSMWidthStuds": 21.428568, "GameplayMinimumStuds": 28.0, "FinalWidthStuds": 28.0}}, {"type": "Feature", "geometry": {"type": "LineString", "coordinates": [[565642.834309927, 5951244.385164073], [565716.1616924109, 5951228.030955402]]}, "properties": {"highway": "residential", "maxspeed": "30", "name": "Rudolf-Sch\u00fclke-Stra\u00dfe", "surface": "paving_stones", "osm_id": 29343767, "tile_500": "NO_E565500_N5951000_500", "tile_250": "NO_E565500_N5951000_250", "LaneCount": 2, "DirectionMode": "two-way", "OSMWidthMeters": 6.0, "ScaledOSMWidthStuds": 21.428568, "GameplayMinimumStuds": 28.0, "FinalWidthStuds": 28.0}}, {"type": "Feature", "geometry": {"type": "LineString", "coordinates": [[565720.1604169097, 5951225.828145166], [565765.7985126395, 5951203.857172615]]}, "properties": {"highway": "service", "surface": "paved", "osm_id": 29343783, "tile_500": "NO_E565500_N5951000_500", "tile_250": "NO_E565500_N5951000_250", "LaneCount": 2, "DirectionMode": "two-way", "OSMWidthMeters": 4.0, "ScaledOSMWidthStuds": 14.285712, "GameplayMinimumStuds": 28.0, "FinalWidthStuds": 28.0}}, {"type": "Feature", "geometry": {"type": "LineString", "coordinates": [[565680.1309349814, 5951380.580804373], [565685.7336495311, 5951387.346675359]]}, "properties": {"highway": "residential", "lit": "yes", "maxspeed": "30", "maxspeed:type": "DE:zone30", "name": "Rathausallee", "oneway": "yes", "sidewalk:left": "no", "sidewalk:right": "separate", "surface": "paving_stones", "osm_id": 29425775, "tile_500": "NO_E565500_N5951000_500", "tile_250": "NO_E565500_N5951250_250", "LaneCount": 1, "DirectionMode": "one-way", "OSMWidthMeters": 6.0, "ScaledOSMWidthStuds": 21.428568, "GameplayMinimumStuds": 14.0, "FinalWidthStuds": 21.428568}}, {"type": "Feature", "geometry": {"type": "LineString", "coordinates": [[565720.1604169097, 5951225.828145166], [565716.1616924109, 5951228.030955402]]}, "properties": {"bicycle": "yes", "foot": "yes", "highway": "path", "surface": "paved", "osm_id": 29425842, "tile_500": "NO_E565500_N5951000_500", "tile_250": "NO_E565500_N5951000_250", "LaneCount": 2, "DirectionMode": "two-way", "OSMWidthMeters": 1.5, "ScaledOSMWidthStuds": 5.357142, "GameplayMinimumStuds": 6.0, "FinalWidthStuds": 6.0}}, {"type": "Feature", "geometry": {"type": "LineString", "coordinates": [[566120.3915184527, 5950883.537054668], [566025.5068298687, 5950887.653371735]]}, "properties": {"highway": "residential", "lit": "yes", "maxspeed": "30", "name": "Finkenried", "osm_id": 29425873, "tile_500": "NO_E566000_N5950500_500", "tile_250": "NO_E566000_N5950750_250", "LaneCount": 2, "DirectionMode": "two-way", "OSMWidthMeters": 6.0, "ScaledOSMWidthStuds": 21.428568, "GameplayMinimumStuds": 28.0, "FinalWidthStuds": 28.0}}, {"type": "Feature", "geometry": {"type": "LineString", "coordinates": [[566025.5068298687, 5950887.653371735], [565994.546878071, 5950889.554569966], [565994.5575462782, 5950901.471938662], [566012.7886914725, 5950901.372301241], [566025.5068298687, 5950887.653371735]]}, "properties": {"highway": "residential", "lit": "yes", "maxspeed": "30", "name": "Finkenried", "osm_id": 29425873, "tile_500": "NO_E566000_N5950500_500", "tile_250": "NO_E566000_N5950750_250", "LaneCount": 2, "DirectionMode": "two-way", "OSMWidthMeters": 6.0, "ScaledOSMWidthStuds": 21.428568, "GameplayMinimumStuds": 28.0, "FinalWidthStuds": 28.0}}, {"type": "Feature", "geometry": {"type": "LineString", "coordinates": [[565824.2809291574, 5951305.467296283], [565836.0876929832, 5951326.9415155975]]}, "properties": {"cycleway:both": "separate", "highway": "secondary", "lanes": "4", "lanes:backward": "3", "lanes:forward": "1", "lit": "yes", "maxspeed": "50", "name": "Ulzburger Stra\u00dfe", "sidewalk": "separate", "surface": "asphalt", "turn:lanes:backward": "left|through|right", "osm_id": 30281440, "tile_500": "NO_E565500_N5951000_500", "tile_250": "NO_E565750_N5951250_250", "LaneCount": 4, "DirectionMode": "two-way", "OSMWidthMeters": 14.0, "ScaledOSMWidthStuds": 49.999992, "GameplayMinimumStuds": 52.0, "FinalWidthStuds": 52.0}}, {"type": "Feature", "geometry": {"type": "LineString", "coordinates": [[565550.8801405926, 5951414.524828539], [565531.3095767893, 5951413.772970707]]}, "properties": {"cycleway:left": "no", "cycleway:right": "separate", "highway": "secondary", "lane_markings": "no", "lit": "yes", "maxspeed": "50", "name": "Rathausallee", "oneway": "yes", "sidewalk:left": "no", "sidewalk:right": "separate", "surface": "asphalt", "osm_id": 30281443, "tile_500": "NO_E565500_N5951000_500", "tile_250": "NO_E565500_N5951250_250", "LaneCount": 1, "DirectionMode": "one-way", "OSMWidthMeters": 14.0, "ScaledOSMWidthStuds": 49.999992, "GameplayMinimumStuds": 14.0, "FinalWidthStuds": 49.999992}}, {"type": "Feature", "geometry": {"type": "LineString", "coordinates": [[565951.4781405904, 5951692.243382414], [565948.9166031585, 5951677.697504084]]}, "properties": {"cycleway:both": "lane", "cycleway:both:lane": "exclusive", "highway": "secondary", "lanes": "3", "lanes:backward": "1", "lanes:forward": "2", "lit": "yes", "maxspeed": "50", "name": "Ulzburger Stra\u00dfe", "sidewalk": "separate", "surface": "asphalt", "turn:lanes:forward": "left|through;right", "osm_id": 30331701, "tile_500": "NO_E565500_N5951500_500", "tile_250": "NO_E565750_N5951500_250", "LaneCount": 3, "DirectionMode": "two-way", "OSMWidthMeters": 14.0, "ScaledOSMWidthStuds": 49.999992, "GameplayMinimumStuds": 42.0, "FinalWidthStuds": 49.999992}}, {"type": "Feature", "geometry": {"type": "LineString", "coordinates": [[565482.3286850877, 5951096.009301039], [565485.806347919, 5951040.310735961], [565496.6493622657, 5951041.118575486]]}, "properties": {"highway": "living_street", "lit": "yes", "name": "Heidbergstra\u00dfe", "surface": "paving_stones", "osm_id": 31277628, "tile_500": "NO_E565000_N5951000_500", "tile_250": "NO_E565250_N5951000_250", "LaneCount": 2, "DirectionMode": "two-way", "OSMWidthMeters": 5.0, "ScaledOSMWidthStuds": 17.85714, "GameplayMinimumStuds": 28.0, "FinalWidthStuds": 28.0}}, {"type": "Feature", "geometry": {"type": "LineString", "coordinates": [[565854.5560606184, 5951773.078432846], [565857.7820316445, 5951734.66812919], [565846.8054177681, 5951706.339989857]]}, "properties": {"highway": "living_street", "lit": "yes", "name": "Hermelinweg", "surface": "paving_stones", "osm_id": 31860411, "tile_500": "NO_E565500_N5951500_500", "tile_250": "NO_E565750_N5951500_250", "LaneCount": 2, "DirectionMode": "two-way", "OSMWidthMeters": 5.0, "ScaledOSMWidthStuds": 17.85714, "GameplayMinimumStuds": 28.0, "FinalWidthStuds": 28.0}}, {"type": "Feature", "geometry": {"type": "LineString", "coordinates": [[566241.4630828779, 5951978.69327213], [566254.0769998805, 5952049.785194637]]}, "properties": {"highway": "residential", "lit": "yes", "maxspeed": "30", "name": "Walter-Gropius-Weg", "osm_id": 31879155, "tile_500": "NO_E566000_N5952000_500", "tile_250": "NO_E566000_N5952000_250", "LaneCount": 2, "DirectionMode": "two-way", "OSMWidthMeters": 6.0, "ScaledOSMWidthStuds": 21.428568, "GameplayMinimumStuds": 28.0, "FinalWidthStuds": 28.0}}, {"type": "Feature", "geometry": {"type": "LineString", "coordinates": [[566223.3090450346, 5951941.361056105], [566283.5828083637, 5951919.49055778]]}, "properties": {"highway": "living_street", "lit": "yes", "name": "Schinkelring", "oneway": "no", "osm_id": 31879314, "tile_500": "NO_E566000_N5951500_500", "tile_250": "NO_E566250_N5951750_250", "LaneCount": 2, "DirectionMode": "two-way", "OSMWidthMeters": 5.0, "ScaledOSMWidthStuds": 17.85714, "GameplayMinimumStuds": 28.0, "FinalWidthStuds": 28.0}}, {"type": "Feature", "geometry": {"type": "LineString", "coordinates": [[566211.5285419922, 5951927.619557047], [566231.5612460125, 5951900.16219989], [566256.0059348979, 5951895.922979519]]}, "properties": {"highway": "living_street", "lit": "yes", "name": "Schinkelring", "osm_id": 31879365, "tile_500": "NO_E566000_N5951500_500", "tile_250": "NO_E566000_N5951750_250", "LaneCount": 2, "DirectionMode": "two-way", "OSMWidthMeters": 5.0, "ScaledOSMWidthStuds": 17.85714, "GameplayMinimumStuds": 28.0, "FinalWidthStuds": 28.0}}, {"type": "Feature", "geometry": {"type": "LineString", "coordinates": [[566241.4630828779, 5951978.69327213], [566211.0392068921, 5951927.212070435], [566175.1367103355, 5951927.1282935785]]}, "properties": {"highway": "living_street", "lit": "yes", "name": "Schinkelring", "osm_id": 31879388, "tile_500": "NO_E566000_N5951500_500", "tile_250": "NO_E566000_N5951750_250", "LaneCount": 2, "DirectionMode": "two-way", "OSMWidthMeters": 5.0, "ScaledOSMWidthStuds": 17.85714, "GameplayMinimumStuds": 28.0, "FinalWidthStuds": 28.0}}, {"type": "Feature", "geometry": {"type": "LineString", "coordinates": [[566194.1127748579, 5951924.013351984], [566190.1056801011, 5951899.69947865]]}, "properties": {"highway": "living_street", "lit": "yes", "name": "Schinkelring", "osm_id": 31879395, "tile_500": "NO_E566000_N5951500_500", "tile_250": "NO_E566000_N5951750_250", "LaneCount": 2, "DirectionMode": "two-way", "OSMWidthMeters": 5.0, "ScaledOSMWidthStuds": 17.85714, "GameplayMinimumStuds": 28.0, "FinalWidthStuds": 28.0}}, {"type": "Feature", "geometry": {"type": "LineString", "coordinates": [[566137.6104855255, 5951908.305925182], [566130.0713213348, 5951939.723032935]]}, "properties": {"highway": "living_street", "lit": "yes", "name": "Schinkelring", "osm_id": 31879427, "tile_500": "NO_E566000_N5951500_500", "tile_250": "NO_E566000_N5951750_250", "LaneCount": 2, "DirectionMode": "two-way", "OSMWidthMeters": 5.0, "ScaledOSMWidthStuds": 17.85714, "GameplayMinimumStuds": 28.0, "FinalWidthStuds": 28.0}}, {"type": "Feature", "geometry": {"type": "LineString", "coordinates": [[566139.8402872118, 5951907.936783635], [566135.9166553114, 5951883.768794093], [566148.3738565104, 5951846.735035953]]}, "properties": {"highway": "living_street", "lit": "yes", "name": "Schinkelring", "osm_id": 31879430, "tile_500": "NO_E566000_N5951500_500", "tile_250": "NO_E566000_N5951750_250", "LaneCount": 2, "DirectionMode": "two-way", "OSMWidthMeters": 5.0, "ScaledOSMWidthStuds": 17.85714, "GameplayMinimumStuds": 28.0, "FinalWidthStuds": 28.0}}, {"type": "Feature", "geometry": {"type": "LineString", "coordinates": [[566061.7205553108, 5951783.346241628], [566086.1370555169, 5951790.978461945], [566106.6257070915, 5951913.377148099]]}, "properties": {"highway": "living_street", "lit": "yes", "name": "Schinkelring", "osm_id": 31879483, "tile_500": "NO_E566000_N5951500_500", "tile_250": "NO_E566000_N5951750_250", "LaneCount": 2, "DirectionMode": "two-way", "OSMWidthMeters": 5.0, "ScaledOSMWidthStuds": 17.85714, "GameplayMinimumStuds": 28.0, "FinalWidthStuds": 28.0}}, {"type": "Feature", "geometry": {"type": "LineString", "coordinates": [[566093.8310036779, 5951835.718092481], [566338.4071532711, 5951764.862756697]]}, "properties": {"highway": "living_street", "lit": "yes", "name": "Schinkelring", "osm_id": 31879536, "tile_500": "NO_E566000_N5951500_500", "tile_250": "NO_E566000_N5951750_250", "LaneCount": 2, "DirectionMode": "two-way", "OSMWidthMeters": 5.0, "ScaledOSMWidthStuds": 17.85714, "GameplayMinimumStuds": 28.0, "FinalWidthStuds": 28.0}}, {"type": "Feature", "geometry": {"type": "LineString", "coordinates": [[566141.0910889147, 5951743.371825237], [566162.2092075766, 5951815.907475891]]}, "properties": {"highway": "living_street", "lit": "yes", "name": "Schinkelring", "osm_id": 31879931, "tile_500": "NO_E566000_N5951500_500", "tile_250": "NO_E566000_N5951750_250", "LaneCount": 2, "DirectionMode": "two-way", "OSMWidthMeters": 5.0, "ScaledOSMWidthStuds": 17.85714, "GameplayMinimumStuds": 28.0, "FinalWidthStuds": 28.0}}, {"type": "Feature", "geometry": {"type": "LineString", "coordinates": [[566210.9727092133, 5951739.2279480295], [566227.7643032274, 5951796.914783201]]}, "properties": {"highway": "living_street", "lit": "yes", "name": "Schinkelring", "osm_id": 31879974, "tile_500": "NO_E566000_N5951500_500", "tile_250": "NO_E566000_N5951750_250", "LaneCount": 2, "DirectionMode": "two-way", "OSMWidthMeters": 5.0, "ScaledOSMWidthStuds": 17.85714, "GameplayMinimumStuds": 28.0, "FinalWidthStuds": 28.0}}, {"type": "Feature", "geometry": {"type": "LineString", "coordinates": [[566277.3742092027, 5951719.758271501], [566294.2280839668, 5951777.657655948]]}, "properties": {"highway": "living_street", "lit": "yes", "name": "Schinkelring", "osm_id": 31879978, "tile_500": "NO_E566000_N5951500_500", "tile_250": "NO_E566250_N5951500_250", "LaneCount": 2, "DirectionMode": "two-way", "OSMWidthMeters": 5.0, "ScaledOSMWidthStuds": 17.85714, "GameplayMinimumStuds": 28.0, "FinalWidthStuds": 28.0}}, {"type": "Feature", "geometry": {"type": "LineString", "coordinates": [[566341.3598917888, 5951774.996902021], [566355.3858785216, 5951770.933547459], [566343.1162708208, 5951728.754754825]]}, "properties": {"highway": "living_street", "lit": "yes", "name": "Schinkelring", "osm_id": 31880008, "tile_500": "NO_E566000_N5951500_500", "tile_250": "NO_E566250_N5951750_250", "LaneCount": 2, "DirectionMode": "two-way", "OSMWidthMeters": 5.0, "ScaledOSMWidthStuds": 17.85714, "GameplayMinimumStuds": 28.0, "FinalWidthStuds": 28.0}}, {"type": "Feature", "geometry": {"type": "LineString", "coordinates": [[566303.3091491855, 5951775.026444393], [566321.2587428392, 5951830.09286031]]}, "properties": {"highway": "living_street", "lit": "yes", "name": "Schinkelring", "osm_id": 31880028, "tile_500": "NO_E566000_N5951500_500", "tile_250": "NO_E566250_N5951750_250", "LaneCount": 2, "DirectionMode": "two-way", "OSMWidthMeters": 5.0, "ScaledOSMWidthStuds": 17.85714, "GameplayMinimumStuds": 28.0, "FinalWidthStuds": 28.0}}, {"type": "Feature", "geometry": {"type": "LineString", "coordinates": [[566433.8006258579, 5951822.894775332], [566392.7882636641, 5951823.248841963]]}, "properties": {"highway": "living_street", "lit": "yes", "name": "Schinkelring", "osm_id": 31880042, "tile_500": "NO_E566000_N5951500_500", "tile_250": "NO_E566250_N5951750_250", "LaneCount": 2, "DirectionMode": "two-way", "OSMWidthMeters": 5.0, "ScaledOSMWidthStuds": 17.85714, "GameplayMinimumStuds": 28.0, "FinalWidthStuds": 28.0}}, {"type": "Feature", "geometry": {"type": "LineString", "coordinates": [[566366.6683600273, 5951857.206729862], [566361.7773243056, 5951879.570020785], [566294.8667124996, 5951892.688755514]]}, "properties": {"highway": "living_street", "lit": "yes", "name": "Schinkelring", "osm_id": 31880056, "tile_500": "NO_E566000_N5951500_500", "tile_250": "NO_E566250_N5951750_250", "LaneCount": 2, "DirectionMode": "two-way", "OSMWidthMeters": 5.0, "ScaledOSMWidthStuds": 17.85714, "GameplayMinimumStuds": 28.0, "FinalWidthStuds": 28.0}}, {"type": "Feature", "geometry": {"type": "LineString", "coordinates": [[566413.4866803982, 5951908.809767787], [566428.9949549384, 5951887.219986867], [566429.0500412756, 5951862.818756484]]}, "properties": {"highway": "living_street", "lit": "yes", "name": "Schinkelring", "osm_id": 31880070, "tile_500": "NO_E566000_N5951500_500", "tile_250": "NO_E566250_N5951750_250", "LaneCount": 2, "DirectionMode": "two-way", "OSMWidthMeters": 5.0, "ScaledOSMWidthStuds": 17.85714, "GameplayMinimumStuds": 28.0, "FinalWidthStuds": 28.0}}, {"type": "Feature", "geometry": {"type": "LineString", "coordinates": [[566391.6007543071, 5951896.426925188], [566396.1954818433, 5951860.028036277]]}, "properties": {"highway": "living_street", "lit": "yes", "name": "Schinkelring", "osm_id": 31880131, "tile_500": "NO_E566000_N5951500_500", "tile_250": "NO_E566250_N5951750_250", "LaneCount": 2, "DirectionMode": "two-way", "OSMWidthMeters": 5.0, "ScaledOSMWidthStuds": 17.85714, "GameplayMinimumStuds": 28.0, "FinalWidthStuds": 28.0}}, {"type": "Feature", "geometry": {"type": "LineString", "coordinates": [[566338.4071532711, 5951764.862756697], [566348.9273830946, 5951798.170656283], [566392.5744517513, 5951798.242941923]]}, "properties": {"highway": "living_street", "lit": "yes", "name": "Schinkelring", "osm_id": 31880155, "tile_500": "NO_E566000_N5951500_500", "tile_250": "NO_E566250_N5951750_250", "LaneCount": 2, "DirectionMode": "two-way", "OSMWidthMeters": 5.0, "ScaledOSMWidthStuds": 17.85714, "GameplayMinimumStuds": 28.0, "FinalWidthStuds": 28.0}}, {"type": "Feature", "geometry": {"type": "LineString", "coordinates": [[566118.0306349894, 5951643.725293022], [566136.0247006182, 5951725.329953389]]}, "properties": {"highway": "residential", "lit": "yes", "maxspeed:type": "DE:urban", "name": "Langenharmer Weg", "surface": "asphalt", "osm_id": 31880270, "tile_500": "NO_E566000_N5951500_500", "tile_250": "NO_E566000_N5951500_250", "LaneCount": 2, "DirectionMode": "two-way", "OSMWidthMeters": 6.0, "ScaledOSMWidthStuds": 21.428568, "GameplayMinimumStuds": 28.0, "FinalWidthStuds": 28.0}}, {"type": "Feature", "geometry": {"type": "LineString", "coordinates": [[566223.3090450346, 5951941.361056105], [566181.1830717154, 5951963.176755904], [566184.3944376747, 5951989.615822773]]}, "properties": {"highway": "living_street", "lit": "yes", "name": "Schinkelring", "osm_id": 31880382, "tile_500": "NO_E566000_N5951500_500", "tile_250": "NO_E566000_N5951750_250", "LaneCount": 2, "DirectionMode": "two-way", "OSMWidthMeters": 5.0, "ScaledOSMWidthStuds": 17.85714, "GameplayMinimumStuds": 28.0, "FinalWidthStuds": 28.0}}, {"type": "Feature", "geometry": {"type": "LineString", "coordinates": [[566175.1367103355, 5951927.1282935785], [566171.1296777904, 5951902.8033120595]]}, "properties": {"highway": "living_street", "lit": "yes", "name": "Schinkelring", "osm_id": 31880500, "tile_500": "NO_E566000_N5951500_500", "tile_250": "NO_E566000_N5951750_250", "LaneCount": 2, "DirectionMode": "two-way", "OSMWidthMeters": 5.0, "ScaledOSMWidthStuds": 17.85714, "GameplayMinimumStuds": 28.0, "FinalWidthStuds": 28.0}}, {"type": "Feature", "geometry": {"type": "LineString", "coordinates": [[566168.7939590685, 5951903.193199264], [566181.354840819, 5951870.0555107035], [566176.8052611336, 5951842.073146459]]}, "properties": {"highway": "living_street", "lit": "yes", "name": "Schinkelring", "osm_id": 31880842, "tile_500": "NO_E566000_N5951500_500", "tile_250": "NO_E566000_N5951750_250", "LaneCount": 2, "DirectionMode": "two-way", "OSMWidthMeters": 5.0, "ScaledOSMWidthStuds": 17.85714, "GameplayMinimumStuds": 28.0, "FinalWidthStuds": 28.0}}, {"type": "Feature", "geometry": {"type": "LineString", "coordinates": [[566175.1367103355, 5951927.1282935785], [566149.137998819, 5951964.8166778125]]}, "properties": {"highway": "living_street", "lit": "yes", "name": "Schinkelring", "osm_id": 31880926, "tile_500": "NO_E566000_N5951500_500", "tile_250": "NO_E566000_N5951750_250", "LaneCount": 2, "DirectionMode": "two-way", "OSMWidthMeters": 5.0, "ScaledOSMWidthStuds": 17.85714, "GameplayMinimumStuds": 28.0, "FinalWidthStuds": 28.0}}, {"type": "Feature", "geometry": {"type": "LineString", "coordinates": [[566051.3784095899, 5951922.435367407], [566190.1056801011, 5951899.69947865]]}, "properties": {"highway": "living_street", "lit": "yes", "name": "Schinkelring", "osm_id": 31880959, "tile_500": "NO_E566000_N5951500_500", "tile_250": "NO_E566000_N5951750_250", "LaneCount": 2, "DirectionMode": "two-way", "OSMWidthMeters": 5.0, "ScaledOSMWidthStuds": 17.85714, "GameplayMinimumStuds": 28.0, "FinalWidthStuds": 28.0}}, {"type": "Feature", "geometry": {"type": "LineString", "coordinates": [[566190.1056801011, 5951899.69947865], [566211.7422042544, 5951877.405442238], [566205.3822390948, 5951837.391228062]]}, "properties": {"highway": "living_street", "lit": "yes", "name": "Schinkelring", "osm_id": 31881008, "tile_500": "NO_E566000_N5951500_500", "tile_250": "NO_E566000_N5951750_250", "LaneCount": 2, "DirectionMode": "two-way", "OSMWidthMeters": 5.0, "ScaledOSMWidthStuds": 17.85714, "GameplayMinimumStuds": 28.0, "FinalWidthStuds": 28.0}}, {"type": "Feature", "geometry": {"type": "LineString", "coordinates": [[566106.6257070915, 5951913.377148099], [566090.0096678266, 5951940.616104651]]}, "properties": {"highway": "living_street", "lit": "yes", "name": "Schinkelring", "osm_id": 31881056, "tile_500": "NO_E566000_N5951500_500", "tile_250": "NO_E566000_N5951750_250", "LaneCount": 2, "DirectionMode": "two-way", "OSMWidthMeters": 5.0, "ScaledOSMWidthStuds": 17.85714, "GameplayMinimumStuds": 28.0, "FinalWidthStuds": 28.0}}, {"type": "Feature", "geometry": {"type": "LineString", "coordinates": [[566096.7804047214, 5951853.618820304], [566041.532429416, 5951862.677159912]]}, "properties": {"highway": "living_street", "lit": "yes", "name": "Schinkelring", "osm_id": 31881245, "tile_500": "NO_E566000_N5951500_500", "tile_250": "NO_E566000_N5951750_250", "LaneCount": 2, "DirectionMode": "two-way", "OSMWidthMeters": 5.0, "ScaledOSMWidthStuds": 17.85714, "GameplayMinimumStuds": 28.0, "FinalWidthStuds": 28.0}}, {"type": "Feature", "geometry": {"type": "LineString", "coordinates": [[566344.551933018, 5951785.9467211375], [566309.4473133715, 5951796.121393793]]}, "properties": {"highway": "living_street", "lit": "yes", "name": "Schinkelring", "osm_id": 31881596, "tile_500": "NO_E566000_N5951500_500", "tile_250": "NO_E566250_N5951750_250", "LaneCount": 2, "DirectionMode": "two-way", "OSMWidthMeters": 5.0, "ScaledOSMWidthStuds": 17.85714, "GameplayMinimumStuds": 28.0, "FinalWidthStuds": 28.0}}, {"type": "Feature", "geometry": {"type": "LineString", "coordinates": [[566392.8739620465, 5951832.585796665], [566321.2587428392, 5951830.09286031], [566253.4699312061, 5951849.731458562]]}, "properties": {"highway": "living_street", "lit": "yes", "name": "Schinkelring", "osm_id": 31881759, "tile_500": "NO_E566000_N5951500_500", "tile_250": "NO_E566250_N5951750_250", "LaneCount": 2, "DirectionMode": "two-way", "OSMWidthMeters": 5.0, "ScaledOSMWidthStuds": 17.85714, "GameplayMinimumStuds": 28.0, "FinalWidthStuds": 28.0}}, {"type": "Feature", "geometry": {"type": "LineString", "coordinates": [[566366.4589606407, 5951832.812892394], [566366.6683600273, 5951857.206729862]]}, "properties": {"highway": "living_street", "lit": "yes", "name": "Schinkelring", "osm_id": 31881814, "tile_500": "NO_E566000_N5951500_500", "tile_250": "NO_E566250_N5951750_250", "LaneCount": 2, "DirectionMode": "two-way", "OSMWidthMeters": 5.0, "ScaledOSMWidthStuds": 17.85714, "GameplayMinimumStuds": 28.0, "FinalWidthStuds": 28.0}}, {"type": "Feature", "geometry": {"type": "LineString", "coordinates": [[566459.8090595899, 5951862.553412582], [566366.6683600273, 5951857.206729862]]}, "properties": {"highway": "living_street", "lit": "yes", "name": "Schinkelring", "osm_id": 31881826, "tile_500": "NO_E566000_N5951500_500", "tile_250": "NO_E566250_N5951750_250", "LaneCount": 2, "DirectionMode": "two-way", "OSMWidthMeters": 5.0, "ScaledOSMWidthStuds": 17.85714, "GameplayMinimumStuds": 28.0, "FinalWidthStuds": 28.0}}, {"type": "Feature", "geometry": {"type": "LineString", "coordinates": [[566416.7231759042, 5951793.043414642], [566392.5744517513, 5951798.242941923], [566392.8739620465, 5951832.585796665]]}, "properties": {"highway": "living_street", "lit": "yes", "name": "Schinkelring", "osm_id": 31881839, "tile_500": "NO_E566000_N5951500_500", "tile_250": "NO_E566250_N5951750_250", "LaneCount": 2, "DirectionMode": "two-way", "OSMWidthMeters": 5.0, "ScaledOSMWidthStuds": 17.85714, "GameplayMinimumStuds": 28.0, "FinalWidthStuds": 28.0}}, {"type": "Feature", "geometry": {"type": "LineString", "coordinates": [[566392.8739620465, 5951832.585796665], [566393.083224218, 5951856.979636339]]}, "properties": {"highway": "living_street", "lit": "yes", "name": "Schinkelring", "osm_id": 31882056, "tile_500": "NO_E566000_N5951500_500", "tile_250": "NO_E566250_N5951750_250", "LaneCount": 2, "DirectionMode": "two-way", "OSMWidthMeters": 5.0, "ScaledOSMWidthStuds": 17.85714, "GameplayMinimumStuds": 28.0, "FinalWidthStuds": 28.0}}, {"type": "Feature", "geometry": {"type": "LineString", "coordinates": [[566267.8782415655, 5952077.45326107], [566247.4552207976, 5952080.703238202], [566241.8657472234, 5952056.7564109685], [566263.6513882116, 5952050.977522228], [566267.8782415655, 5952077.45326107]]}, "properties": {"highway": "residential", "lit": "yes", "maxspeed": "30", "name": "Walter-Gropius-Weg", "osm_id": 31882393, "tile_500": "NO_E566000_N5952000_500", "tile_250": "NO_E566250_N5952000_250", "LaneCount": 2, "DirectionMode": "two-way", "OSMWidthMeters": 6.0, "ScaledOSMWidthStuds": 21.428568, "GameplayMinimumStuds": 28.0, "FinalWidthStuds": 28.0}}, {"type": "Feature", "geometry": {"type": "LineString", "coordinates": [[566397.2679566441, 5952046.357512884], [566396.9042109002, 5952035.214007914], [566411.3043758234, 5952041.504454621], [566409.1009197806, 5952044.677901205], [566397.2679566441, 5952046.357512884]]}, "properties": {"alt_name": "Eduard-Howard-Weg", "highway": "residential", "lit": "yes", "maxspeed": "30", "name": "E.-Howard-Weg", "surface": "asphalt", "osm_id": 31884175, "tile_500": "NO_E566000_N5952000_500", "tile_250": "NO_E566250_N5952000_250", "LaneCount": 2, "DirectionMode": "two-way", "OSMWidthMeters": 6.0, "ScaledOSMWidthStuds": 21.428568, "GameplayMinimumStuds": 28.0, "FinalWidthStuds": 28.0}}, {"type": "Feature", "geometry": {"type": "LineString", "coordinates": [[566288.4351728609, 5951626.534946205], [566299.3566513754, 5951686.620468002]]}, "properties": {"highway": "residential", "lit": "yes", "maxspeed:type": "DE:urban", "name": "Langenharmer Weg", "surface": "asphalt", "osm_id": 31884197, "tile_500": "NO_E566000_N5951500_500", "tile_250": "NO_E566250_N5951500_250", "LaneCount": 2, "DirectionMode": "two-way", "OSMWidthMeters": 6.0, "ScaledOSMWidthStuds": 21.428568, "GameplayMinimumStuds": 28.0, "FinalWidthStuds": 28.0}}, {"type": "Feature", "geometry": {"type": "LineString", "coordinates": [[565705.1768955461, 5951747.427587091], [565673.9943810755, 5951817.51506517], [565669.7934819029, 5951884.653347268], [565586.4412558489, 5951987.982640475]]}, "properties": {"cycleway:both": "no", "highway": "residential", "lit": "yes", "maxspeed": "30", "name": "Alter Heidberg", "oneway": "yes", "surface": "asphalt", "osm_id": 31891187, "tile_500": "NO_E565500_N5951500_500", "tile_250": "NO_E565500_N5951750_250", "LaneCount": 1, "DirectionMode": "one-way", "OSMWidthMeters": 6.0, "ScaledOSMWidthStuds": 21.428568, "GameplayMinimumStuds": 14.0, "FinalWidthStuds": 21.428568}}, {"type": "Feature", "geometry": {"type": "LineString", "coordinates": [[566658.8147506644, 5951534.26383105], [566683.3975900996, 5951613.82796332], [566743.613763549, 5951603.423484319], [566724.4001995388, 5951515.890384106]]}, "properties": {"highway": "residential", "lit": "yes", "name": "Langenharmer Weg", "osm_id": 31894364, "tile_500": "NO_E566500_N5951500_500", "tile_250": "NO_E566500_N5951500_250", "LaneCount": 2, "DirectionMode": "two-way", "OSMWidthMeters": 6.0, "ScaledOSMWidthStuds": 21.428568, "GameplayMinimumStuds": 28.0, "FinalWidthStuds": 28.0}}, {"type": "Feature", "geometry": {"type": "LineString", "coordinates": [[566715.6981635306, 5951610.659708868], [566691.6041876029, 5951525.071384001]]}, "properties": {"highway": "residential", "lit": "yes", "name": "Langenharmer Weg", "osm_id": 31894376, "tile_500": "NO_E566500_N5951500_500", "tile_250": "NO_E566500_N5951500_250", "LaneCount": 2, "DirectionMode": "two-way", "OSMWidthMeters": 6.0, "ScaledOSMWidthStuds": 21.428568, "GameplayMinimumStuds": 28.0, "FinalWidthStuds": 28.0}}, {"type": "Feature", "geometry": {"type": "LineString", "coordinates": [[566697.1553058007, 5951795.386394777], [566688.5748443464, 5951660.157478698]]}, "properties": {"highway": "residential", "lit": "yes", "maxspeed": "30", "name": "Matthias-Claudius-Weg", "surface": "asphalt", "osm_id": 31894626, "tile_500": "NO_E566500_N5951500_500", "tile_250": "NO_E566500_N5951500_250", "LaneCount": 2, "DirectionMode": "two-way", "OSMWidthMeters": 6.0, "ScaledOSMWidthStuds": 21.428568, "GameplayMinimumStuds": 28.0, "FinalWidthStuds": 28.0}}, {"type": "Feature", "geometry": {"type": "LineString", "coordinates": [[566811.2450734654, 5951796.431246043], [566794.7924016597, 5951654.235578519]]}, "properties": {"highway": "residential", "lit": "yes", "maxspeed": "30", "name": "Gorch-Fock-Weg", "surface": "asphalt", "osm_id": 31895039, "tile_500": "NO_E566500_N5951500_500", "tile_250": "NO_E566750_N5951500_250", "LaneCount": 2, "DirectionMode": "two-way", "OSMWidthMeters": 6.0, "ScaledOSMWidthStuds": 21.428568, "GameplayMinimumStuds": 28.0, "FinalWidthStuds": 28.0}}, {"type": "Feature", "geometry": {"type": "LineString", "coordinates": [[566794.7924016597, 5951654.235578519], [566799.5661634175, 5951639.80475101]]}, "properties": {"highway": "residential", "lit": "yes", "maxspeed": "30", "name": "Gorch-Fock-Weg", "surface": "asphalt", "osm_id": 31895043, "tile_500": "NO_E566500_N5951500_500", "tile_250": "NO_E566750_N5951500_250", "LaneCount": 2, "DirectionMode": "two-way", "OSMWidthMeters": 6.0, "ScaledOSMWidthStuds": 21.428568, "GameplayMinimumStuds": 28.0, "FinalWidthStuds": 28.0}}, {"type": "Feature", "geometry": {"type": "LineString", "coordinates": [[566903.0793668274, 5951658.304474685], [566907.748109615, 5951646.631809905]]}, "properties": {"highway": "residential", "lit": "yes", "maxspeed": "30", "name": "Fritz-Reuter-Stra\u00dfe", "osm_id": 31895399, "tile_500": "NO_E566500_N5951500_500", "tile_250": "NO_E566750_N5951500_250", "LaneCount": 2, "DirectionMode": "two-way", "OSMWidthMeters": 6.0, "ScaledOSMWidthStuds": 21.428568, "GameplayMinimumStuds": 28.0, "FinalWidthStuds": 28.0}}, {"type": "Feature", "geometry": {"type": "LineString", "coordinates": [[566908.6132935513, 5951796.5727133835], [566896.6503513607, 5951584.628308519]]}, "properties": {"highway": "residential", "lit": "yes", "maxspeed": "30", "name": "Fritz-Reuter-Stra\u00dfe", "osm_id": 31895598, "tile_500": "NO_E566500_N5951500_500", "tile_250": "NO_E566750_N5951500_250", "LaneCount": 2, "DirectionMode": "two-way", "OSMWidthMeters": 6.0, "ScaledOSMWidthStuds": 21.428568, "GameplayMinimumStuds": 28.0, "FinalWidthStuds": 28.0}}, {"type": "Feature", "geometry": {"type": "LineString", "coordinates": [[566129.875783202, 5951742.868772631], [566136.0247006182, 5951725.329953389]]}, "properties": {"bicycle": "yes", "highway": "footway", "lit": "yes", "osm_id": 31925892, "tile_500": "NO_E566000_N5951500_500", "tile_250": "NO_E566000_N5951500_250", "LaneCount": 2, "DirectionMode": "two-way", "OSMWidthMeters": 2.0, "ScaledOSMWidthStuds": 7.142856, "GameplayMinimumStuds": 7.0, "FinalWidthStuds": 7.142856}}, {"type": "Feature", "geometry": {"type": "LineString", "coordinates": [[566536.7858154994, 5951433.432529636], [566492.4553362718, 5951453.389420418]]}, "properties": {"highway": "service", "surface": "paving_stones", "osm_id": 31955713, "tile_500": "NO_E566500_N5951000_500", "tile_250": "NO_E566500_N5951250_250", "LaneCount": 2, "DirectionMode": "two-way", "OSMWidthMeters": 4.0, "ScaledOSMWidthStuds": 14.285712, "GameplayMinimumStuds": 28.0, "FinalWidthStuds": 28.0}}, {"type": "Feature", "geometry": {"type": "LineString", "coordinates": [[565597.7339495468, 5951893.692987419], [565592.5936710935, 5951863.332912586]]}, "properties": {"highway": "living_street", "lit": "yes", "name": "Iltisstieg", "osm_id": 31969345, "tile_500": "NO_E565500_N5951500_500", "tile_250": "NO_E565500_N5951750_250", "LaneCount": 2, "DirectionMode": "two-way", "OSMWidthMeters": 5.0, "ScaledOSMWidthStuds": 17.85714, "GameplayMinimumStuds": 28.0, "FinalWidthStuds": 28.0}}, {"type": "Feature", "geometry": {"type": "LineString", "coordinates": [[566431.4636899367, 5951479.308641834], [566426.6474745393, 5951481.42138447]]}, "properties": {"bridge": "yes", "highway": "service", "layer": "1", "maxweight:signed": "no", "surface": "paving_stones", "osm_id": 31981159, "tile_500": "NO_E566000_N5951000_500", "tile_250": "NO_E566250_N5951250_250", "LaneCount": 2, "DirectionMode": "two-way", "OSMWidthMeters": 4.0, "ScaledOSMWidthStuds": 14.285712, "GameplayMinimumStuds": 28.0, "FinalWidthStuds": 28.0}}, {"type": "Feature", "geometry": {"type": "LineString", "coordinates": [[566426.6474745393, 5951481.42138447], [566418.6026474433, 5951484.957217266]]}, "properties": {"highway": "service", "surface": "paving_stones", "osm_id": 31981186, "tile_500": "NO_E566000_N5951000_500", "tile_250": "NO_E566250_N5951250_250", "LaneCount": 2, "DirectionMode": "two-way", "OSMWidthMeters": 4.0, "ScaledOSMWidthStuds": 14.285712, "GameplayMinimumStuds": 28.0, "FinalWidthStuds": 28.0}}, {"type": "Feature", "geometry": {"type": "LineString", "coordinates": [[566015.0997980125, 5951663.395203722], [565960.1781227813, 5951675.864058127]]}, "properties": {"cycleway:left": "separate", "cycleway:right": "lane", "cycleway:right:lane": "exclusive", "highway": "secondary", "lanes": "3", "lanes:backward": "1", "lanes:forward": "2", "lit": "yes", "maxspeed:type": "DE:urban", "name": "Langenharmer Weg", "oneway": "no", "sidewalk:left": "separate", "sidewalk:right": "no", "surface": "asphalt", "turn:lanes:forward": "left|through", "osm_id": 31981871, "tile_500": "NO_E565500_N5951500_500", "tile_250": "NO_E565750_N5951500_250", "LaneCount": 3, "DirectionMode": "two-way", "OSMWidthMeters": 14.0, "ScaledOSMWidthStuds": 49.999992, "GameplayMinimumStuds": 42.0, "FinalWidthStuds": 49.999992}}, {"type": "Feature", "geometry": {"type": "LineString", "coordinates": [[566079.141573692, 5951812.8672835585], [566090.9059401533, 5951817.962364099]]}, "properties": {"highway": "footway", "osm_id": 32003305, "tile_500": "NO_E566000_N5951500_500", "tile_250": "NO_E566000_N5951750_250", "LaneCount": 2, "DirectionMode": "two-way", "OSMWidthMeters": 2.0, "ScaledOSMWidthStuds": 7.142856, "GameplayMinimumStuds": 7.0, "FinalWidthStuds": 7.142856}}, {"type": "Feature", "geometry": {"type": "LineString", "coordinates": [[566047.8287198317, 5951796.659065167], [566061.7205553108, 5951783.346241628]]}, "properties": {"highway": "footway", "osm_id": 32003584, "tile_500": "NO_E566000_N5951500_500", "tile_250": "NO_E566000_N5951750_250", "LaneCount": 2, "DirectionMode": "two-way", "OSMWidthMeters": 2.0, "ScaledOSMWidthStuds": 7.142856, "GameplayMinimumStuds": 7.0, "FinalWidthStuds": 7.142856}}, {"type": "Feature", "geometry": {"type": "LineString", "coordinates": [[566106.1103831393, 5951998.6599704735], [566134.1003225468, 5952004.1730221175]]}, "properties": {"bicycle": "yes", "highway": "footway", "lit": "yes", "osm_id": 32260080, "tile_500": "NO_E566000_N5952000_500", "tile_250": "NO_E566000_N5952000_250", "LaneCount": 2, "DirectionMode": "two-way", "OSMWidthMeters": 2.0, "ScaledOSMWidthStuds": 7.142856, "GameplayMinimumStuds": 7.0, "FinalWidthStuds": 7.142856}}, {"type": "Feature", "geometry": {"type": "LineString", "coordinates": [[566064.9805797066, 5952011.689106937], [566079.6919201734, 5952043.7201497555]]}, "properties": {"bicycle": "yes", "highway": "footway", "surface": "paving_stones", "osm_id": 32260106, "tile_500": "NO_E566000_N5952000_500", "tile_250": "NO_E566000_N5952000_250", "LaneCount": 2, "DirectionMode": "two-way", "OSMWidthMeters": 2.0, "ScaledOSMWidthStuds": 7.142856, "GameplayMinimumStuds": 7.0, "FinalWidthStuds": 7.142856}}, {"type": "Feature", "geometry": {"type": "LineString", "coordinates": [[566134.1003225468, 5952004.1730221175], [566241.4630828779, 5951978.69327213]]}, "properties": {"bicycle": "yes", "highway": "footway", "lit": "yes", "name": "Fritz-Schumacher-Stra\u00dfe", "osm_id": 32260173, "tile_500": "NO_E566000_N5951500_500", "tile_250": "NO_E566000_N5951750_250", "LaneCount": 2, "DirectionMode": "two-way", "OSMWidthMeters": 2.0, "ScaledOSMWidthStuds": 7.142856, "GameplayMinimumStuds": 7.0, "FinalWidthStuds": 7.142856}}, {"type": "Feature", "geometry": {"type": "LineString", "coordinates": [[566241.4630828779, 5951978.69327213], [566209.1220767987, 5951984.000585716]]}, "properties": {"highway": "living_street", "lit": "yes", "name": "Fritz-Schumacher-Stra\u00dfe", "osm_id": 32452635, "tile_500": "NO_E566000_N5951500_500", "tile_250": "NO_E566000_N5951750_250", "LaneCount": 2, "DirectionMode": "two-way", "OSMWidthMeters": 5.0, "ScaledOSMWidthStuds": 17.85714, "GameplayMinimumStuds": 28.0, "FinalWidthStuds": 28.0}}, {"type": "Feature", "geometry": {"type": "LineString", "coordinates": [[566039.8344631987, 5951710.377438941], [566048.8068111418, 5951766.573742169]]}, "properties": {"access": "private", "highway": "footway", "osm_id": 32601022, "tile_500": "NO_E566000_N5951500_500", "tile_250": "NO_E566000_N5951500_250", "LaneCount": 2, "DirectionMode": "two-way", "OSMWidthMeters": 2.0, "ScaledOSMWidthStuds": 7.142856, "GameplayMinimumStuds": 7.0, "FinalWidthStuds": 7.142856}}, {"type": "Feature", "geometry": {"type": "LineString", "coordinates": [[565984.4822274118, 5951450.746519566], [565908.6193625325, 5951474.816522392]]}, "properties": {"bicycle": "yes", "foot": "yes", "highway": "path", "osm_id": 32601169, "tile_500": "NO_E565500_N5951000_500", "tile_250": "NO_E565750_N5951250_250", "LaneCount": 2, "DirectionMode": "two-way", "OSMWidthMeters": 1.5, "ScaledOSMWidthStuds": 5.357142, "GameplayMinimumStuds": 6.0, "FinalWidthStuds": 6.0}}, {"type": "Feature", "geometry": {"type": "LineString", "coordinates": [[566224.5892284113, 5951797.838027826], [566240.9976093245, 5951852.2481119735], [566316.4700049582, 5951921.813615456], [566321.1858458208, 5951962.24985218]]}, "properties": {"bicycle": "yes", "highway": "footway", "osm_id": 32601235, "tile_500": "NO_E566000_N5951500_500", "tile_250": "NO_E566250_N5951750_250", "LaneCount": 2, "DirectionMode": "two-way", "OSMWidthMeters": 2.0, "ScaledOSMWidthStuds": 7.142856, "GameplayMinimumStuds": 7.0, "FinalWidthStuds": 7.142856}}, {"type": "Feature", "geometry": {"type": "LineString", "coordinates": [[566266.8703103788, 5951879.185321306], [566256.0059348979, 5951895.922979519]]}, "properties": {"bicycle": "yes", "highway": "footway", "osm_id": 32601240, "tile_500": "NO_E566000_N5951500_500", "tile_250": "NO_E566250_N5951750_250", "LaneCount": 2, "DirectionMode": "two-way", "OSMWidthMeters": 2.0, "ScaledOSMWidthStuds": 7.142856, "GameplayMinimumStuds": 7.0, "FinalWidthStuds": 7.142856}}, {"type": "Feature", "geometry": {"type": "LineString", "coordinates": [[566237.4711418573, 5951842.061422358], [566207.2707794923, 5951824.72172835], [566142.8047889526, 5951841.882936541], [566106.4779853363, 5951832.046280155]]}, "properties": {"bicycle": "yes", "highway": "footway", "osm_id": 32601283, "tile_500": "NO_E566000_N5951500_500", "tile_250": "NO_E566000_N5951750_250", "LaneCount": 2, "DirectionMode": "two-way", "OSMWidthMeters": 2.0, "ScaledOSMWidthStuds": 7.142856, "GameplayMinimumStuds": 7.0, "FinalWidthStuds": 7.142856}}, {"type": "Feature", "geometry": {"type": "LineString", "coordinates": [[566163.0973728299, 5951815.652949234], [566167.8873281532, 5951835.493566759]]}, "properties": {"bicycle": "yes", "highway": "footway", "osm_id": 32601286, "tile_500": "NO_E566000_N5951500_500", "tile_250": "NO_E566000_N5951750_250", "LaneCount": 2, "DirectionMode": "two-way", "OSMWidthMeters": 2.0, "ScaledOSMWidthStuds": 7.142856, "GameplayMinimumStuds": 7.0, "FinalWidthStuds": 7.142856}}, {"type": "Feature", "geometry": {"type": "LineString", "coordinates": [[566210.0595896343, 5951824.97250558], [566205.3822390948, 5951837.391228062]]}, "properties": {"bicycle": "yes", "highway": "footway", "osm_id": 32601289, "tile_500": "NO_E566000_N5951500_500", "tile_250": "NO_E566000_N5951750_250", "LaneCount": 2, "DirectionMode": "two-way", "OSMWidthMeters": 2.0, "ScaledOSMWidthStuds": 7.142856, "GameplayMinimumStuds": 7.0, "FinalWidthStuds": 7.142856}}, {"type": "Feature", "geometry": {"type": "LineString", "coordinates": [[566253.4699312061, 5951849.731458562], [566247.2248338828, 5951858.166710597]]}, "properties": {"bicycle": "yes", "foot": "yes", "highway": "footway", "horse": "no", "lit": "yes", "surface": "gravel", "osm_id": 32601314, "tile_500": "NO_E566000_N5951500_500", "tile_250": "NO_E566250_N5951750_250", "LaneCount": 2, "DirectionMode": "two-way", "OSMWidthMeters": 2.0, "ScaledOSMWidthStuds": 7.142856, "GameplayMinimumStuds": 7.0, "FinalWidthStuds": 7.142856}}, {"type": "Feature", "geometry": {"type": "LineString", "coordinates": [[566294.8667124996, 5951892.688755514], [566288.2749612774, 5951898.0924507575]]}, "properties": {"bicycle": "yes", "highway": "footway", "lit": "yes", "osm_id": 32601323, "tile_500": "NO_E566000_N5951500_500", "tile_250": "NO_E566250_N5951750_250", "LaneCount": 2, "DirectionMode": "two-way", "OSMWidthMeters": 2.0, "ScaledOSMWidthStuds": 7.142856, "GameplayMinimumStuds": 7.0, "FinalWidthStuds": 7.142856}}, {"type": "Feature", "geometry": {"type": "LineString", "coordinates": [[565989.7881255532, 5952058.622359984], [566031.3357401863, 5952048.691822804], [566024.6150196729, 5952015.460390576], [566106.1103831393, 5951998.6599704735]]}, "properties": {"bicycle": "yes", "highway": "footway", "lit": "yes", "surface": "paving_stones", "osm_id": 32601423, "tile_500": "NO_E566000_N5952000_500", "tile_250": "NO_E566000_N5952000_250", "LaneCount": 2, "DirectionMode": "two-way", "OSMWidthMeters": 2.0, "ScaledOSMWidthStuds": 7.142856, "GameplayMinimumStuds": 7.0, "FinalWidthStuds": 7.142856}}, {"type": "Feature", "geometry": {"type": "LineString", "coordinates": [[566208.2676849318, 5951719.939690976], [566199.883192776, 5951635.777531823]]}, "properties": {"bicycle": "yes", "highway": "footway", "lit": "yes", "osm_id": 32601497, "tile_500": "NO_E566000_N5951500_500", "tile_250": "NO_E566000_N5951500_250", "LaneCount": 2, "DirectionMode": "two-way", "OSMWidthMeters": 2.0, "ScaledOSMWidthStuds": 7.142856, "GameplayMinimumStuds": 7.0, "FinalWidthStuds": 7.142856}}, {"type": "Feature", "geometry": {"type": "LineString", "coordinates": [[566376.5609848589, 5951619.4466751395], [566381.7055038167, 5951694.895263216]]}, "properties": {"bicycle": "yes", "highway": "footway", "lit": "yes", "osm_id": 32601591, "tile_500": "NO_E566000_N5951500_500", "tile_250": "NO_E566250_N5951500_250", "LaneCount": 2, "DirectionMode": "two-way", "OSMWidthMeters": 2.0, "ScaledOSMWidthStuds": 7.142856, "GameplayMinimumStuds": 7.0, "FinalWidthStuds": 7.142856}}, {"type": "Feature", "geometry": {"type": "LineString", "coordinates": [[565799.1260701137, 5950878.987906948], [565854.1584667162, 5951084.132854364]]}, "properties": {"highway": "residential", "maxspeed": "30", "name": "Amselstra\u00dfe", "sidewalk": "no", "osm_id": 32601774, "tile_500": "NO_E565500_N5950500_500", "tile_250": "NO_E565750_N5950750_250", "LaneCount": 2, "DirectionMode": "two-way", "OSMWidthMeters": 6.0, "ScaledOSMWidthStuds": 21.428568, "GameplayMinimumStuds": 28.0, "FinalWidthStuds": 28.0}}, {"type": "Feature", "geometry": {"type": "LineString", "coordinates": [[565984.4822274118, 5951450.746519566], [566174.1648092647, 5951397.4482160425]]}, "properties": {"foot": "yes", "highway": "path", "osm_id": 32601894, "tile_500": "NO_E566000_N5951000_500", "tile_250": "NO_E566000_N5951250_250", "LaneCount": 2, "DirectionMode": "two-way", "OSMWidthMeters": 1.5, "ScaledOSMWidthStuds": 5.357142, "GameplayMinimumStuds": 6.0, "FinalWidthStuds": 6.0}}, {"type": "Feature", "geometry": {"type": "LineString", "coordinates": [[566140.0774092682, 5951739.88584397], [566141.0910889147, 5951743.371825237]]}, "properties": {"bicycle": "yes", "highway": "footway", "lit": "yes", "osm_id": 32614006, "tile_500": "NO_E566000_N5951500_500", "tile_250": "NO_E566000_N5951500_250", "LaneCount": 2, "DirectionMode": "two-way", "OSMWidthMeters": 2.0, "ScaledOSMWidthStuds": 7.142856, "GameplayMinimumStuds": 7.0, "FinalWidthStuds": 7.142856}}, {"type": "Feature", "geometry": {"type": "LineString", "coordinates": [[566189.5085619085, 5951319.22897562], [566180.4533910141, 5951357.879552951], [566163.565038393, 5951371.027393885]]}, "properties": {"bicycle": "yes", "highway": "footway", "lit": "yes", "osm_id": 33651391, "tile_500": "NO_E566000_N5951000_500", "tile_250": "NO_E566000_N5951250_250", "LaneCount": 2, "DirectionMode": "two-way", "OSMWidthMeters": 2.0, "ScaledOSMWidthStuds": 7.142856, "GameplayMinimumStuds": 7.0, "FinalWidthStuds": 7.142856}}, {"type": "Feature", "geometry": {"type": "LineString", "coordinates": [[566168.6308939391, 5951287.077311258], [566162.6442862682, 5951291.18784435]]}, "properties": {"bicycle": "yes", "bridge": "yes", "foot": "yes", "highway": "path", "layer": "2", "surface": "wood", "osm_id": 33651392, "tile_500": "NO_E566000_N5951000_500", "tile_250": "NO_E566000_N5951250_250", "LaneCount": 2, "DirectionMode": "two-way", "OSMWidthMeters": 1.5, "ScaledOSMWidthStuds": 5.357142, "GameplayMinimumStuds": 6.0, "FinalWidthStuds": 6.0}}, {"type": "Feature", "geometry": {"type": "LineString", "coordinates": [[566162.6442862682, 5951291.18784435], [566149.4350574107, 5951311.219723912]]}, "properties": {"bicycle": "yes", "foot": "yes", "highway": "path", "surface": "compacted", "osm_id": 33651393, "tile_500": "NO_E566000_N5951000_500", "tile_250": "NO_E566000_N5951250_250", "LaneCount": 2, "DirectionMode": "two-way", "OSMWidthMeters": 1.5, "ScaledOSMWidthStuds": 5.357142, "GameplayMinimumStuds": 6.0, "FinalWidthStuds": 6.0}}, {"type": "Feature", "geometry": {"type": "LineString", "coordinates": [[566991.373155126, 5951870.184142233], [566904.5158016064, 5951875.584524164], [566871.4373515861, 5951903.798923558], [566727.4489992931, 5951881.241036355]]}, "properties": {"bicycle": "designated", "foot": "designated", "highway": "path", "segregated": "no", "surface": "compacted", "osm_id": 34356154, "tile_500": "NO_E566500_N5951500_500", "tile_250": "NO_E566750_N5951750_250", "LaneCount": 2, "DirectionMode": "two-way", "OSMWidthMeters": 1.5, "ScaledOSMWidthStuds": 5.357142, "GameplayMinimumStuds": 6.0, "FinalWidthStuds": 6.0}}, {"type": "Feature", "geometry": {"type": "LineString", "coordinates": [[566851.4041185398, 5951904.1587683875], [566837.0200807743, 5951960.6805235995]]}, "properties": {"bicycle": "designated", "foot": "designated", "highway": "path", "segregated": "no", "surface": "compacted", "osm_id": 34356155, "tile_500": "NO_E566500_N5951500_500", "tile_250": "NO_E566750_N5951750_250", "LaneCount": 2, "DirectionMode": "two-way", "OSMWidthMeters": 1.5, "ScaledOSMWidthStuds": 5.357142, "GameplayMinimumStuds": 6.0, "FinalWidthStuds": 6.0}}, {"type": "Feature", "geometry": {"type": "LineString", "coordinates": [[566671.9851122933, 5951844.099728427], [566664.3425034337, 5951853.271232196]]}, "properties": {"bicycle": "designated", "bridge": "yes", "foot": "designated", "highway": "path", "layer": "1", "segregated": "no", "surface": "compacted", "osm_id": 34853150, "tile_500": "NO_E566500_N5951500_500", "tile_250": "NO_E566500_N5951750_250", "LaneCount": 2, "DirectionMode": "two-way", "OSMWidthMeters": 1.5, "ScaledOSMWidthStuds": 5.357142, "GameplayMinimumStuds": 6.0, "FinalWidthStuds": 6.0}}, {"type": "Feature", "geometry": {"type": "LineString", "coordinates": [[566664.3425034337, 5951853.271232196], [566660.9227794483, 5951857.00589762]]}, "properties": {"bicycle": "designated", "foot": "designated", "highway": "path", "lit": "yes", "segregated": "no", "surface": "compacted", "osm_id": 34853151, "tile_500": "NO_E566500_N5951500_500", "tile_250": "NO_E566500_N5951750_250", "LaneCount": 2, "DirectionMode": "two-way", "OSMWidthMeters": 1.5, "ScaledOSMWidthStuds": 5.357142, "GameplayMinimumStuds": 6.0, "FinalWidthStuds": 6.0}}, {"type": "Feature", "geometry": {"type": "LineString", "coordinates": [[565472.9517693392, 5951550.31204207], [565478.7079038845, 5951549.402056993]]}, "properties": {"highway": "footway", "osm_id": 38564123, "tile_500": "NO_E565000_N5951500_500", "tile_250": "NO_E565250_N5951500_250", "LaneCount": 2, "DirectionMode": "two-way", "OSMWidthMeters": 2.0, "ScaledOSMWidthStuds": 7.142856, "GameplayMinimumStuds": 7.0, "FinalWidthStuds": 7.142856}}, {"type": "Feature", "geometry": {"type": "LineString", "coordinates": [[565478.7079038845, 5951549.402056993], [565479.4769288799, 5951537.818275453]]}, "properties": {"handrail": "yes", "highway": "steps", "incline": "up", "step_count": "20", "osm_id": 38564124, "tile_500": "NO_E565000_N5951500_500", "tile_250": "NO_E565250_N5951500_250", "LaneCount": 2, "DirectionMode": "two-way", "OSMWidthMeters": 2.0, "ScaledOSMWidthStuds": 7.142856, "GameplayMinimumStuds": 28.0, "FinalWidthStuds": 28.0}}, {"type": "Feature", "geometry": {"type": "LineString", "coordinates": [[565471.2041389254, 5951469.76030669], [565443.25839733, 5951446.604223447]]}, "properties": {"access": "permissive", "highway": "service", "oneway": "no", "surface": "paving_stones", "osm_id": 38564125, "tile_500": "NO_E565000_N5951000_500", "tile_250": "NO_E565250_N5951250_250", "LaneCount": 2, "DirectionMode": "two-way", "OSMWidthMeters": 4.0, "ScaledOSMWidthStuds": 14.285712, "GameplayMinimumStuds": 28.0, "FinalWidthStuds": 28.0}}, {"type": "Feature", "geometry": {"type": "LineString", "coordinates": [[565421.0130181446, 5951547.729260058], [565430.7711715542, 5951560.917513867]]}, "properties": {"highway": "path", "osm_id": 38564126, "tile_500": "NO_E565000_N5951500_500", "tile_250": "NO_E565250_N5951500_250", "LaneCount": 2, "DirectionMode": "two-way", "OSMWidthMeters": 1.5, "ScaledOSMWidthStuds": 5.357142, "GameplayMinimumStuds": 6.0, "FinalWidthStuds": 6.0}}, {"type": "Feature", "geometry": {"type": "LineString", "coordinates": [[565458.0615659857, 5951516.967546595], [565420.7423987708, 5951517.426201896]]}, "properties": {"highway": "path", "osm_id": 38564127, "tile_500": "NO_E565000_N5951500_500", "tile_250": "NO_E565250_N5951500_250", "LaneCount": 2, "DirectionMode": "two-way", "OSMWidthMeters": 1.5, "ScaledOSMWidthStuds": 5.357142, "GameplayMinimumStuds": 6.0, "FinalWidthStuds": 6.0}}, {"type": "Feature", "geometry": {"type": "LineString", "coordinates": [[565558.0887346672, 5950800.728466028], [565642.5838062132, 5950788.913109019]]}, "properties": {"bicycle": "designated", "foot": "designated", "highway": "path", "lit": "no", "segregated": "no", "surface": "paving_stones", "osm_id": 38708663, "tile_500": "NO_E565500_N5950500_500", "tile_250": "NO_E565500_N5950750_250", "LaneCount": 2, "DirectionMode": "two-way", "OSMWidthMeters": 1.5, "ScaledOSMWidthStuds": 5.357142, "GameplayMinimumStuds": 6.0, "FinalWidthStuds": 6.0}}, {"type": "Feature", "geometry": {"type": "LineString", "coordinates": [[565445.6199212932, 5951229.0231380705], [565465.3753378075, 5951214.688762213]]}, "properties": {"bicycle": "yes", "foot": "yes", "highway": "service", "lit": "yes", "segregated": "no", "surface": "paving_stones", "osm_id": 40195628, "tile_500": "NO_E565000_N5951000_500", "tile_250": "NO_E565250_N5951000_250", "LaneCount": 2, "DirectionMode": "two-way", "OSMWidthMeters": 4.0, "ScaledOSMWidthStuds": 14.285712, "GameplayMinimumStuds": 28.0, "FinalWidthStuds": 28.0}}, {"type": "Feature", "geometry": {"type": "LineString", "coordinates": [[565336.7128627104, 5951311.437520902], [565371.7235584992, 5951384.852625321]]}, "properties": {"foot": "yes", "highway": "path", "surface": "paving_stones", "osm_id": 40195659, "tile_500": "NO_E565000_N5951000_500", "tile_250": "NO_E565250_N5951250_250", "LaneCount": 2, "DirectionMode": "two-way", "OSMWidthMeters": 1.5, "ScaledOSMWidthStuds": 5.357142, "GameplayMinimumStuds": 6.0, "FinalWidthStuds": 6.0}}, {"type": "Feature", "geometry": {"type": "LineString", "coordinates": [[565371.7235584992, 5951384.852625321], [565363.4019292592, 5951404.042317019]]}, "properties": {"foot": "yes", "handrail": "yes", "highway": "steps", "incline": "up", "ramp": "no", "step_count": "18", "surface": "paving_stones", "tactile_paving": "yes", "osm_id": 40195670, "tile_500": "NO_E565000_N5951000_500", "tile_250": "NO_E565250_N5951250_250", "LaneCount": 2, "DirectionMode": "two-way", "OSMWidthMeters": 2.0, "ScaledOSMWidthStuds": 7.142856, "GameplayMinimumStuds": 28.0, "FinalWidthStuds": 28.0}}, {"type": "Feature", "geometry": {"type": "LineString", "coordinates": [[565445.6199212932, 5951229.0231380705], [565411.5395532453, 5951179.321327827]]}, "properties": {"bicycle": "designated", "foot": "designated", "highway": "path", "lit": "yes", "segregated": "no", "osm_id": 40196047, "tile_500": "NO_E565000_N5951000_500", "tile_250": "NO_E565250_N5951000_250", "LaneCount": 2, "DirectionMode": "two-way", "OSMWidthMeters": 1.5, "ScaledOSMWidthStuds": 5.357142, "GameplayMinimumStuds": 6.0, "FinalWidthStuds": 6.0}}, {"type": "Feature", "geometry": {"type": "LineString", "coordinates": [[566726.7517554131, 5950776.218938023], [566505.4312811386, 5950933.787522327], [566488.6623696359, 5950979.805723081]]}, "properties": {"bicycle": "designated", "foot": "designated", "highway": "path", "lit": "yes", "segregated": "yes", "surface": "paving_stones", "osm_id": 40978537, "tile_500": "NO_E566500_N5950500_500", "tile_250": "NO_E566500_N5950750_250", "LaneCount": 2, "DirectionMode": "two-way", "OSMWidthMeters": 1.5, "ScaledOSMWidthStuds": 5.357142, "GameplayMinimumStuds": 6.0, "FinalWidthStuds": 6.0}}, {"type": "Feature", "geometry": {"type": "LineString", "coordinates": [[565419.5672256795, 5951513.170363431], [565405.9986933117, 5951426.656611546]]}, "properties": {"foot": "yes", "highway": "path", "surface": "paving_stones", "osm_id": 40980032, "tile_500": "NO_E565000_N5951000_500", "tile_250": "NO_E565250_N5951250_250", "LaneCount": 2, "DirectionMode": "two-way", "OSMWidthMeters": 1.5, "ScaledOSMWidthStuds": 5.357142, "GameplayMinimumStuds": 6.0, "FinalWidthStuds": 6.0}}, {"type": "Feature", "geometry": {"type": "LineString", "coordinates": [[565400.5790989707, 5951366.472106645], [565425.349493851, 5951384.9324818235], [565455.5600535832, 5951379.701251652]]}, "properties": {"highway": "path", "lit": "yes", "surface": "paving_stones", "osm_id": 40980093, "tile_500": "NO_E565000_N5951000_500", "tile_250": "NO_E565250_N5951250_250", "LaneCount": 2, "DirectionMode": "two-way", "OSMWidthMeters": 1.5, "ScaledOSMWidthStuds": 5.357142, "GameplayMinimumStuds": 6.0, "FinalWidthStuds": 6.0}}, {"type": "Feature", "geometry": {"type": "LineString", "coordinates": [[565461.7906112608, 5951501.419281417], [565411.2052665082, 5951392.724573433]]}, "properties": {"foot": "yes", "highway": "path", "osm_id": 40980187, "tile_500": "NO_E565000_N5951000_500", "tile_250": "NO_E565250_N5951250_250", "LaneCount": 2, "DirectionMode": "two-way", "OSMWidthMeters": 1.5, "ScaledOSMWidthStuds": 5.357142, "GameplayMinimumStuds": 6.0, "FinalWidthStuds": 6.0}}, {"type": "Feature", "geometry": {"type": "LineString", "coordinates": [[565218.5108984853, 5951188.9103300115], [565226.3324389325, 5951197.128008427]]}, "properties": {"bicycle": "designated", "foot": "designated", "highway": "path", "lit": "no", "segregated": "no", "surface": "compacted", "osm_id": 41082405, "tile_500": "NO_E565000_N5951000_500", "tile_250": "NO_E565000_N5951000_250", "LaneCount": 2, "DirectionMode": "two-way", "OSMWidthMeters": 1.5, "ScaledOSMWidthStuds": 5.357142, "GameplayMinimumStuds": 6.0, "FinalWidthStuds": 6.0}}, {"type": "Feature", "geometry": {"type": "LineString", "coordinates": [[565241.1874689119, 5951173.845112444], [565235.8160176859, 5951181.247876636]]}, "properties": {"bicycle": "designated", "bridge": "yes", "check_date:surface": "2026-05-17", "foot": "designated", "highway": "path", "layer": "1", "lit": "no", "segregated": "no", "surface": "wood", "osm_id": 41082443, "tile_500": "NO_E565000_N5951000_500", "tile_250": "NO_E565000_N5951000_250", "LaneCount": 2, "DirectionMode": "two-way", "OSMWidthMeters": 1.5, "ScaledOSMWidthStuds": 5.357142, "GameplayMinimumStuds": 6.0, "FinalWidthStuds": 6.0}}, {"type": "Feature", "geometry": {"type": "LineString", "coordinates": [[565351.9315871274, 5951316.567678228], [565400.5790989707, 5951366.472106645]]}, "properties": {"bicycle": "designated", "foot": "designated", "highway": "path", "lit": "yes", "segregated": "no", "surface": "paving_stones", "osm_id": 41082481, "tile_500": "NO_E565000_N5951000_500", "tile_250": "NO_E565250_N5951250_250", "LaneCount": 2, "DirectionMode": "two-way", "OSMWidthMeters": 1.5, "ScaledOSMWidthStuds": 5.357142, "GameplayMinimumStuds": 6.0, "FinalWidthStuds": 6.0}}, {"type": "Feature", "geometry": {"type": "LineString", "coordinates": [[565345.9910581125, 5951314.582193606], [565351.9315871274, 5951316.567678228]]}, "properties": {"bicycle": "designated", "bridge": "yes", "cycleway:surface": "wood", "foot": "designated", "footway:surface": "wood", "highway": "path", "layer": "1", "segregated": "no", "surface": "wood", "osm_id": 41082486, "tile_500": "NO_E565000_N5951000_500", "tile_250": "NO_E565250_N5951250_250", "LaneCount": 2, "DirectionMode": "two-way", "OSMWidthMeters": 1.5, "ScaledOSMWidthStuds": 5.357142, "GameplayMinimumStuds": 6.0, "FinalWidthStuds": 6.0}}, {"type": "Feature", "geometry": {"type": "LineString", "coordinates": [[565402.6247611446, 5951431.894982412], [565389.1128137751, 5951433.175431553]]}, "properties": {"foot": "yes", "handrail": "yes", "highway": "steps", "incline": "up", "ramp": "no", "surface": "paving_stones", "tactile_paving": "yes", "osm_id": 41350090, "tile_500": "NO_E565000_N5951000_500", "tile_250": "NO_E565250_N5951250_250", "LaneCount": 2, "DirectionMode": "two-way", "OSMWidthMeters": 2.0, "ScaledOSMWidthStuds": 7.142856, "GameplayMinimumStuds": 28.0, "FinalWidthStuds": 28.0}}, {"type": "Feature", "geometry": {"type": "LineString", "coordinates": [[566129.875783202, 5951742.868772631], [566274.9645618483, 5951702.009699839], [566467.2421935552, 5951694.348274835]]}, "properties": {"bicycle": "yes", "highway": "footway", "lit": "yes", "osm_id": 44387399, "tile_500": "NO_E566000_N5951500_500", "tile_250": "NO_E566250_N5951500_250", "LaneCount": 2, "DirectionMode": "two-way", "OSMWidthMeters": 2.0, "ScaledOSMWidthStuds": 7.142856, "GameplayMinimumStuds": 7.0, "FinalWidthStuds": 7.142856}}, {"type": "Feature", "geometry": {"type": "LineString", "coordinates": [[566342.6253546857, 5952077.130062065], [566321.1858458208, 5951962.24985218]]}, "properties": {"bicycle": "yes", "highway": "footway", "lit": "yes", "osm_id": 44491703, "tile_500": "NO_E566000_N5952000_500", "tile_250": "NO_E566250_N5952000_250", "LaneCount": 2, "DirectionMode": "two-way", "OSMWidthMeters": 2.0, "ScaledOSMWidthStuds": 7.142856, "GameplayMinimumStuds": 7.0, "FinalWidthStuds": 7.142856}}, {"type": "Feature", "geometry": {"type": "LineString", "coordinates": [[566007.1634357634, 5951715.570259366], [566039.8344631987, 5951710.377438941]]}, "properties": {"access": "private", "highway": "footway", "osm_id": 44631143, "tile_500": "NO_E566000_N5951500_500", "tile_250": "NO_E566000_N5951500_250", "LaneCount": 2, "DirectionMode": "two-way", "OSMWidthMeters": 2.0, "ScaledOSMWidthStuds": 7.142856, "GameplayMinimumStuds": 7.0, "FinalWidthStuds": 7.142856}}, {"type": "Feature", "geometry": {"type": "LineString", "coordinates": [[565520.2816513819, 5951403.103774428], [565542.5827205234, 5951404.049509221]]}, "properties": {"cycleway:left": "no", "cycleway:right": "separate", "highway": "secondary", "lane_markings": "no", "lit": "yes", "maxspeed": "50", "name": "Rathausallee", "oneway": "yes", "sidewalk:left": "no", "sidewalk:right": "separate", "surface": "asphalt", "osm_id": 47125758, "tile_500": "NO_E565500_N5951000_500", "tile_250": "NO_E565500_N5951250_250", "LaneCount": 1, "DirectionMode": "one-way", "OSMWidthMeters": 14.0, "ScaledOSMWidthStuds": 49.999992, "GameplayMinimumStuds": 14.0, "FinalWidthStuds": 49.999992}}, {"type": "Feature", "geometry": {"type": "LineString", "coordinates": [[565818.9052658045, 5951295.700103369], [565824.2809291574, 5951305.467296283]]}, "properties": {"cycleway:both": "separate", "highway": "secondary", "lanes": "4", "lanes:backward": "2", "lanes:forward": "2", "lit": "yes", "maxspeed": "50", "name": "Ulzburger Stra\u00dfe", "sidewalk": "separate", "surface": "asphalt", "turn:lanes:backward": "left|through", "turn:lanes:forward": "left|through", "osm_id": 47125759, "tile_500": "NO_E565500_N5951000_500", "tile_250": "NO_E565750_N5951250_250", "LaneCount": 4, "DirectionMode": "two-way", "OSMWidthMeters": 14.0, "ScaledOSMWidthStuds": 49.999992, "GameplayMinimumStuds": 52.0, "FinalWidthStuds": 52.0}}, {"type": "Feature", "geometry": {"type": "LineString", "coordinates": [[566156.8576588128, 5952127.950396194], [566146.7391607808, 5952094.670842906], [566089.9155951726, 5952106.588287396]]}, "properties": {"bicycle": "yes", "highway": "footway", "lit": "yes", "name": "Hans-Scharoun-Weg", "osm_id": 47188879, "tile_500": "NO_E566000_N5952000_500", "tile_250": "NO_E566000_N5952000_250", "LaneCount": 2, "DirectionMode": "two-way", "OSMWidthMeters": 2.0, "ScaledOSMWidthStuds": 7.142856, "GameplayMinimumStuds": 7.0, "FinalWidthStuds": 7.142856}}, {"type": "Feature", "geometry": {"type": "LineString", "coordinates": [[565987.915141017, 5952023.778977278], [566024.6150196729, 5952015.460390576]]}, "properties": {"bicycle": "yes", "highway": "footway", "lit": "yes", "surface": "paving_stones", "osm_id": 47298415, "tile_500": "NO_E566000_N5952000_500", "tile_250": "NO_E566000_N5952000_250", "LaneCount": 2, "DirectionMode": "two-way", "OSMWidthMeters": 2.0, "ScaledOSMWidthStuds": 7.142856, "GameplayMinimumStuds": 7.0, "FinalWidthStuds": 7.142856}}, {"type": "Feature", "geometry": {"type": "LineString", "coordinates": [[566299.3566513754, 5951686.620468002], [566292.0831729323, 5951701.940006281]]}, "properties": {"bicycle": "yes", "highway": "footway", "lit": "yes", "osm_id": 47327925, "tile_500": "NO_E566000_N5951500_500", "tile_250": "NO_E566250_N5951500_250", "LaneCount": 2, "DirectionMode": "two-way", "OSMWidthMeters": 2.0, "ScaledOSMWidthStuds": 7.142856, "GameplayMinimumStuds": 7.0, "FinalWidthStuds": 7.142856}}, {"type": "Feature", "geometry": {"type": "LineString", "coordinates": [[566410.9229497721, 5952043.268284014], [566417.8573404917, 5952056.552232146]]}, "properties": {"bicycle": "yes", "highway": "footway", "lit": "yes", "osm_id": 47327927, "tile_500": "NO_E566000_N5952000_500", "tile_250": "NO_E566250_N5952000_250", "LaneCount": 2, "DirectionMode": "two-way", "OSMWidthMeters": 2.0, "ScaledOSMWidthStuds": 7.142856, "GameplayMinimumStuds": 7.0, "FinalWidthStuds": 7.142856}}, {"type": "Feature", "geometry": {"type": "LineString", "coordinates": [[566261.9352690019, 5952080.874381319], [566265.0348496592, 5952098.365653223]]}, "properties": {"bicycle": "yes", "highway": "footway", "lit": "yes", "name": "Walter-Gropius-Weg", "osm_id": 47327929, "tile_500": "NO_E566000_N5952000_500", "tile_250": "NO_E566250_N5952000_250", "LaneCount": 2, "DirectionMode": "two-way", "OSMWidthMeters": 2.0, "ScaledOSMWidthStuds": 7.142856, "GameplayMinimumStuds": 7.0, "FinalWidthStuds": 7.142856}}, {"type": "Feature", "geometry": {"type": "LineString", "coordinates": [[566173.2298416493, 5951835.346381419], [566176.8052611336, 5951842.073146459]]}, "properties": {"bicycle": "yes", "highway": "footway", "osm_id": 47329584, "tile_500": "NO_E566000_N5951500_500", "tile_250": "NO_E566000_N5951750_250", "LaneCount": 2, "DirectionMode": "two-way", "OSMWidthMeters": 2.0, "ScaledOSMWidthStuds": 7.142856, "GameplayMinimumStuds": 7.0, "FinalWidthStuds": 7.142856}}, {"type": "Feature", "geometry": {"type": "LineString", "coordinates": [[566150.0978789321, 5951841.0399590265], [566148.3738565104, 5951846.735035953]]}, "properties": {"bicycle": "yes", "highway": "footway", "osm_id": 47329585, "tile_500": "NO_E566000_N5951500_500", "tile_250": "NO_E566000_N5951750_250", "LaneCount": 2, "DirectionMode": "two-way", "OSMWidthMeters": 2.0, "ScaledOSMWidthStuds": 7.142856, "GameplayMinimumStuds": 7.0, "FinalWidthStuds": 7.142856}}, {"type": "Feature", "geometry": {"type": "LineString", "coordinates": [[565506.568354311, 5951128.449516202], [565508.271944194, 5951105.2620287165]]}, "properties": {"highway": "service", "oneway": "yes", "osm_id": 58522308, "tile_500": "NO_E565500_N5951000_500", "tile_250": "NO_E565500_N5951000_250", "LaneCount": 1, "DirectionMode": "one-way", "OSMWidthMeters": 4.0, "ScaledOSMWidthStuds": 14.285712, "GameplayMinimumStuds": 14.0, "FinalWidthStuds": 14.285712}}, {"type": "Feature", "geometry": {"type": "LineString", "coordinates": [[565435.9029610602, 5951400.290497126], [565480.0140893675, 5951391.481205782]]}, "properties": {"highway": "service", "oneway": "yes", "surface": "paving_stones", "osm_id": 58522309, "tile_500": "NO_E565000_N5951000_500", "tile_250": "NO_E565250_N5951250_250", "LaneCount": 1, "DirectionMode": "one-way", "OSMWidthMeters": 4.0, "ScaledOSMWidthStuds": 14.285712, "GameplayMinimumStuds": 14.0, "FinalWidthStuds": 14.285712}}, {"type": "Feature", "geometry": {"type": "LineString", "coordinates": [[565480.0140893675, 5951391.481205782], [565489.7737094535, 5951388.023347752], [565506.568354311, 5951128.449516202]]}, "properties": {"highway": "service", "layer": "-1", "oneway": "yes", "surface": "asphalt", "tunnel": "yes", "vehicle": "destination", "osm_id": 58522310, "tile_500": "NO_E565000_N5951000_500", "tile_250": "NO_E565250_N5951250_250", "LaneCount": 1, "DirectionMode": "one-way", "OSMWidthMeters": 4.0, "ScaledOSMWidthStuds": 14.285712, "GameplayMinimumStuds": 14.0, "FinalWidthStuds": 14.285712}}, {"type": "Feature", "geometry": {"type": "LineString", "coordinates": [[565476.8540044726, 5952190.624380581], [565474.2358927272, 5952270.136081046]]}, "properties": {"bicycle": "designated", "check_date:segregated": "2023-06-23", "foot": "designated", "highway": "path", "lit": "yes", "segregated": "no", "surface": "asphalt", "osm_id": 58627033, "tile_500": "NO_E565000_N5952000_500", "tile_250": "NO_E565250_N5952000_250", "LaneCount": 2, "DirectionMode": "two-way", "OSMWidthMeters": 1.5, "ScaledOSMWidthStuds": 5.357142, "GameplayMinimumStuds": 6.0, "FinalWidthStuds": 6.0}}, {"type": "Feature", "geometry": {"type": "LineString", "coordinates": [[565497.3328075365, 5951875.065208772], [565500.4641199597, 5951892.389441028]]}, "properties": {"bicycle": "designated", "bridge": "yes", "bridge:structure": "beam", "foot": "designated", "highway": "path", "layer": "1", "lit": "yes", "segregated": "no", "surface": "wood", "osm_id": 59055284, "tile_500": "NO_E565000_N5951500_500", "tile_250": "NO_E565250_N5951750_250", "LaneCount": 2, "DirectionMode": "two-way", "OSMWidthMeters": 1.5, "ScaledOSMWidthStuds": 5.357142, "GameplayMinimumStuds": 6.0, "FinalWidthStuds": 6.0}}, {"type": "Feature", "geometry": {"type": "LineString", "coordinates": [[565481.9501453476, 5951993.421692129], [565558.2438047886, 5951995.855975184]]}, "properties": {"cycleway:both": "no", "highway": "tertiary", "lanes": "2", "lit": "yes", "maxspeed": "30", "name": "Waldstra\u00dfe", "sidewalk": "both", "surface": "asphalt", "osm_id": 59083046, "tile_500": "NO_E565500_N5951500_500", "tile_250": "NO_E565500_N5951750_250", "LaneCount": 2, "DirectionMode": "two-way", "OSMWidthMeters": 12.0, "ScaledOSMWidthStuds": 42.857136, "GameplayMinimumStuds": 28.0, "FinalWidthStuds": 42.857136}}, {"type": "Feature", "geometry": {"type": "LineString", "coordinates": [[565575.5646755466, 5951541.563812424], [565583.2571372864, 5951541.927264045]]}, "properties": {"handrail": "yes", "highway": "steps", "incline": "down", "ramp": "no", "step_count": "11", "surface": "metal", "tactile_paving": "no", "osm_id": 59638131, "tile_500": "NO_E565500_N5951500_500", "tile_250": "NO_E565500_N5951500_250", "LaneCount": 2, "DirectionMode": "two-way", "OSMWidthMeters": 2.0, "ScaledOSMWidthStuds": 7.142856, "GameplayMinimumStuds": 28.0, "FinalWidthStuds": 28.0}}, {"type": "Feature", "geometry": {"type": "LineString", "coordinates": [[565583.2571372864, 5951541.927264045], [565585.5022359269, 5951551.806202068]]}, "properties": {"highway": "path", "surface": "paving_stones", "osm_id": 59638132, "tile_500": "NO_E565500_N5951500_500", "tile_250": "NO_E565500_N5951500_250", "LaneCount": 2, "DirectionMode": "two-way", "OSMWidthMeters": 1.5, "ScaledOSMWidthStuds": 5.357142, "GameplayMinimumStuds": 6.0, "FinalWidthStuds": 6.0}}, {"type": "Feature", "geometry": {"type": "LineString", "coordinates": [[565570.0372919039, 5951541.219505252], [565595.2332522825, 5951523.935137016]]}, "properties": {"highway": "path", "surface": "paving_stones", "osm_id": 59638138, "tile_500": "NO_E565500_N5951500_500", "tile_250": "NO_E565500_N5951500_250", "LaneCount": 2, "DirectionMode": "two-way", "OSMWidthMeters": 1.5, "ScaledOSMWidthStuds": 5.357142, "GameplayMinimumStuds": 6.0, "FinalWidthStuds": 6.0}}, {"type": "Feature", "geometry": {"type": "LineString", "coordinates": [[565532.0705415922, 5951538.897553932], [565532.6897824267, 5951514.415289616]]}, "properties": {"highway": "path", "surface": "paving_stones", "osm_id": 59641482, "tile_500": "NO_E565500_N5951500_500", "tile_250": "NO_E565500_N5951500_250", "LaneCount": 2, "DirectionMode": "two-way", "OSMWidthMeters": 1.5, "ScaledOSMWidthStuds": 5.357142, "GameplayMinimumStuds": 6.0, "FinalWidthStuds": 6.0}}, {"type": "Feature", "geometry": {"type": "LineString", "coordinates": [[565535.89195131, 5951474.691493966], [565537.4591700324, 5951453.237938396]]}, "properties": {"highway": "service", "name": "J\u00f6rg-Peter-Hahn-Platz", "surface": "paving_stones", "osm_id": 59641494, "tile_500": "NO_E565500_N5951000_500", "tile_250": "NO_E565500_N5951250_250", "LaneCount": 2, "DirectionMode": "two-way", "OSMWidthMeters": 4.0, "ScaledOSMWidthStuds": 14.285712, "GameplayMinimumStuds": 28.0, "FinalWidthStuds": 28.0}}, {"type": "Feature", "geometry": {"type": "LineString", "coordinates": [[565532.6897824267, 5951514.415289616], [565535.89195131, 5951474.691493966]]}, "properties": {"highway": "service", "service": "parking_aisle", "surface": "paving_stones", "osm_id": 59643950, "tile_500": "NO_E565500_N5951000_500", "tile_250": "NO_E565500_N5951250_250", "LaneCount": 2, "DirectionMode": "two-way", "OSMWidthMeters": 4.0, "ScaledOSMWidthStuds": 14.285712, "GameplayMinimumStuds": 28.0, "FinalWidthStuds": 28.0}}, {"type": "Feature", "geometry": {"type": "LineString", "coordinates": [[565214.9725983633, 5951443.467212106], [565247.2429801667, 5951436.285433299]]}, "properties": {"cycleway:left": "no", "cycleway:right": "separate", "highway": "secondary", "lane_markings": "no", "lit": "yes", "maxspeed": "50", "name": "Rathausallee", "oneway": "yes", "sidewalk:left": "no", "sidewalk:right": "separate", "surface": "asphalt", "osm_id": 59722481, "tile_500": "NO_E565000_N5951000_500", "tile_250": "NO_E565000_N5951250_250", "LaneCount": 1, "DirectionMode": "one-way", "OSMWidthMeters": 14.0, "ScaledOSMWidthStuds": 49.999992, "GameplayMinimumStuds": 14.0, "FinalWidthStuds": 49.999992}}, {"type": "Feature", "geometry": {"type": "LineString", "coordinates": [[565492.9088518703, 5951402.265381057], [565508.378882201, 5951402.603753031]]}, "properties": {"cycleway:left": "no", "cycleway:right": "separate", "highway": "secondary", "lanes": "2", "lit": "yes", "maxspeed": "50", "name": "Rathausallee", "oneway": "yes", "sidewalk:left": "no", "sidewalk:right": "separate", "surface": "asphalt", "osm_id": 59724128, "tile_500": "NO_E565500_N5951000_500", "tile_250": "NO_E565500_N5951250_250", "LaneCount": 2, "DirectionMode": "one-way", "OSMWidthMeters": 14.0, "ScaledOSMWidthStuds": 49.999992, "GameplayMinimumStuds": 28.0, "FinalWidthStuds": 49.999992}}, {"type": "Feature", "geometry": {"type": "LineString", "coordinates": [[565550.8801405926, 5951414.524828539], [565536.2536607393, 5951409.569194151]]}, "properties": {"bus": "designated", "highway": "service", "oneway": "yes", "surface": "asphalt", "vehicle": "no", "osm_id": 59725847, "tile_500": "NO_E565500_N5951000_500", "tile_250": "NO_E565500_N5951250_250", "LaneCount": 1, "DirectionMode": "one-way", "OSMWidthMeters": 4.0, "ScaledOSMWidthStuds": 14.285712, "GameplayMinimumStuds": 14.0, "FinalWidthStuds": 14.285712}}, {"type": "Feature", "geometry": {"type": "LineString", "coordinates": [[565492.9088518703, 5951402.265381057], [565486.8693516584, 5951411.639174684]]}, "properties": {"highway": "service", "oneway": "yes", "psv": "yes", "surface": "asphalt", "vehicle": "no", "vehicle:conditional": "delivery @ (09:00-15:00,19:00-06:00)", "osm_id": 59726005, "tile_500": "NO_E565000_N5951000_500", "tile_250": "NO_E565250_N5951250_250", "LaneCount": 1, "DirectionMode": "one-way", "OSMWidthMeters": 4.0, "ScaledOSMWidthStuds": 14.285712, "GameplayMinimumStuds": 14.0, "FinalWidthStuds": 14.285712}}, {"type": "Feature", "geometry": {"type": "LineString", "coordinates": [[565486.8693516584, 5951411.639174684], [565436.0500678355, 5951414.357290197]]}, "properties": {"cycleway:left": "no", "cycleway:right": "separate", "highway": "secondary", "lane_markings": "no", "lit": "yes", "maxspeed": "50", "name": "Rathausallee", "oneway": "yes", "sidewalk:left": "no", "sidewalk:right": "separate", "surface": "asphalt", "turn:lanes:forward": "left|through", "osm_id": 59740085, "tile_500": "NO_E565000_N5951000_500", "tile_250": "NO_E565250_N5951250_250", "LaneCount": 1, "DirectionMode": "one-way", "OSMWidthMeters": 14.0, "ScaledOSMWidthStuds": 49.999992, "GameplayMinimumStuds": 14.0, "FinalWidthStuds": 49.999992}}, {"type": "Feature", "geometry": {"type": "LineString", "coordinates": [[565503.7693182358, 5951519.975580655], [565503.2341199763, 5951530.883866254]]}, "properties": {"access": "customers", "handrail": "yes", "highway": "steps", "incline": "up", "lit": "yes", "ramp": "no", "step_count": "32", "surface": "concrete", "tactile_paving": "yes", "osm_id": 59761732, "tile_500": "NO_E565500_N5951500_500", "tile_250": "NO_E565500_N5951500_250", "LaneCount": 2, "DirectionMode": "two-way", "OSMWidthMeters": 2.0, "ScaledOSMWidthStuds": 7.142856, "GameplayMinimumStuds": 28.0, "FinalWidthStuds": 28.0}}, {"type": "Feature", "geometry": {"type": "LineString", "coordinates": [[566908.7109457677, 5950676.250066734], [567007.2082310686, 5950761.264394492]]}, "properties": {"bicycle": "designated", "foot": "designated", "highway": "path", "lit": "no", "segregated": "no", "surface": "asphalt", "width": "2", "osm_id": 60228071, "tile_500": "NO_E566500_N5950500_500", "tile_250": "NO_E566750_N5950500_250", "LaneCount": 2, "DirectionMode": "two-way", "OSMWidthMeters": 2.0, "ScaledOSMWidthStuds": 7.142856, "GameplayMinimumStuds": 6.0, "FinalWidthStuds": 7.142856}}, {"type": "Feature", "geometry": {"type": "LineString", "coordinates": [[565561.5538997225, 5951359.349655892], [565523.1851287063, 5951357.344879097]]}, "properties": {"highway": "footway", "lit": "yes", "surface": "paving_stones", "osm_id": 62064993, "tile_500": "NO_E565500_N5951000_500", "tile_250": "NO_E565500_N5951250_250", "LaneCount": 2, "DirectionMode": "two-way", "OSMWidthMeters": 2.0, "ScaledOSMWidthStuds": 7.142856, "GameplayMinimumStuds": 7.0, "FinalWidthStuds": 7.142856}}, {"type": "Feature", "geometry": {"type": "LineString", "coordinates": [[566975.329893077, 5950622.2429436995], [566920.1247790279, 5950663.471841777]]}, "properties": {"bicycle": "designated", "foot": "designated", "highway": "path", "surface": "asphalt", "traffic_sign": "DE:240", "width": "3", "osm_id": 70288642, "tile_500": "NO_E566500_N5950500_500", "tile_250": "NO_E566750_N5950500_250", "LaneCount": 2, "DirectionMode": "two-way", "OSMWidthMeters": 3.0, "ScaledOSMWidthStuds": 10.714284, "GameplayMinimumStuds": 6.0, "FinalWidthStuds": 10.714284}}, {"type": "Feature", "geometry": {"type": "LineString", "coordinates": [[566749.3770987219, 5950774.070461317], [566906.2015240472, 5950673.955461527]]}, "properties": {"bicycle": "designated", "foot": "designated", "highway": "path", "surface": "paved", "osm_id": 70290011, "tile_500": "NO_E566500_N5950500_500", "tile_250": "NO_E566750_N5950500_250", "LaneCount": 2, "DirectionMode": "two-way", "OSMWidthMeters": 1.5, "ScaledOSMWidthStuds": 5.357142, "GameplayMinimumStuds": 6.0, "FinalWidthStuds": 6.0}}, {"type": "Feature", "geometry": {"type": "LineString", "coordinates": [[566043.2861087086, 5951732.012807477], [566097.700485288, 5951721.3181396695]]}, "properties": {"access": "private", "highway": "footway", "osm_id": 73855862, "tile_500": "NO_E566000_N5951500_500", "tile_250": "NO_E566000_N5951500_250", "LaneCount": 2, "DirectionMode": "two-way", "OSMWidthMeters": 2.0, "ScaledOSMWidthStuds": 7.142856, "GameplayMinimumStuds": 7.0, "FinalWidthStuds": 7.142856}}, {"type": "Feature", "geometry": {"type": "LineString", "coordinates": [[566204.5733146204, 5951682.811679425], [566259.4924868542, 5951675.241612127]]}, "properties": {"highway": "footway", "lit": "yes", "osm_id": 74007872, "tile_500": "NO_E566000_N5951500_500", "tile_250": "NO_E566000_N5951500_250", "LaneCount": 2, "DirectionMode": "two-way", "OSMWidthMeters": 2.0, "ScaledOSMWidthStuds": 7.142856, "GameplayMinimumStuds": 7.0, "FinalWidthStuds": 7.142856}}, {"type": "Feature", "geometry": {"type": "LineString", "coordinates": [[566480.7113818291, 5951774.3213514015], [566428.8599954296, 5951775.5452258205]]}, "properties": {"highway": "service", "service": "driveway", "osm_id": 74007886, "tile_500": "NO_E566000_N5951500_500", "tile_250": "NO_E566250_N5951750_250", "LaneCount": 2, "DirectionMode": "two-way", "OSMWidthMeters": 4.0, "ScaledOSMWidthStuds": 14.285712, "GameplayMinimumStuds": 28.0, "FinalWidthStuds": 28.0}}, {"type": "Feature", "geometry": {"type": "LineString", "coordinates": [[566128.0390956333, 5951706.445779505], [566177.7542636722, 5951699.457917698]]}, "properties": {"highway": "footway", "lit": "yes", "osm_id": 74007890, "tile_500": "NO_E566000_N5951500_500", "tile_250": "NO_E566000_N5951500_250", "LaneCount": 2, "DirectionMode": "two-way", "OSMWidthMeters": 2.0, "ScaledOSMWidthStuds": 7.142856, "GameplayMinimumStuds": 7.0, "FinalWidthStuds": 7.142856}}, {"type": "Feature", "geometry": {"type": "LineString", "coordinates": [[565867.7351132787, 5951270.214198842], [565824.2809291574, 5951305.467296283]]}, "properties": {"cycleway:left": "no", "cycleway:right": "separate", "highway": "secondary", "lanes": "2", "lit": "yes", "maxspeed": "50", "name": "Alter Kirchenweg", "oneway": "yes", "sidewalk:left": "no", "sidewalk:right": "separate", "surface": "asphalt", "turn:lanes": "left|through;right", "osm_id": 110251033, "tile_500": "NO_E565500_N5951000_500", "tile_250": "NO_E565750_N5951250_250", "LaneCount": 2, "DirectionMode": "one-way", "OSMWidthMeters": 14.0, "ScaledOSMWidthStuds": 49.999992, "GameplayMinimumStuds": 28.0, "FinalWidthStuds": 49.999992}}, {"type": "Feature", "geometry": {"type": "LineString", "coordinates": [[565882.7885814431, 5951260.756021815], [565987.7827367435, 5951215.597405712]]}, "properties": {"cycleway:left": "separate", "cycleway:right": "lane", "cycleway:right:lane": "advisory", "highway": "secondary", "lane_markings": "no", "lit": "yes", "maxspeed": "50", "name": "Alter Kirchenweg", "sidewalk:left": "separate", "sidewalk:right": "yes", "sidewalk:right:surface": "paving_stones", "surface": "asphalt", "osm_id": 110251034, "tile_500": "NO_E565500_N5951000_500", "tile_250": "NO_E565750_N5951000_250", "LaneCount": 2, "DirectionMode": "two-way", "OSMWidthMeters": 14.0, "ScaledOSMWidthStuds": 49.999992, "GameplayMinimumStuds": 28.0, "FinalWidthStuds": 49.999992}}, {"type": "Feature", "geometry": {"type": "LineString", "coordinates": [[565826.4356600503, 5951291.644178555], [565841.4131322723, 5951282.885818385]]}, "properties": {"cycleway:left": "no", "cycleway:right": "separate", "highway": "secondary", "lane_markings": "no", "lit": "yes", "maxspeed": "50", "name": "Alter Kirchenweg", "oneway": "yes", "sidewalk": "right", "sidewalk:right:surface": "paving_stones", "surface": "asphalt", "osm_id": 110251036, "tile_500": "NO_E565500_N5951000_500", "tile_250": "NO_E565750_N5951250_250", "LaneCount": 1, "DirectionMode": "one-way", "OSMWidthMeters": 14.0, "ScaledOSMWidthStuds": 49.999992, "GameplayMinimumStuds": 14.0, "FinalWidthStuds": 49.999992}}, {"type": "Feature", "geometry": {"type": "LineString", "coordinates": [[566938.2233065309, 5952290.800536727], [566939.2452140437, 5952267.826199113]]}, "properties": {"bicycle": "yes", "highway": "footway", "horse": "no", "lit": "no", "motor_vehicle": "no", "smoothness": "excellent", "surface": "asphalt", "osm_id": 120340722, "tile_500": "NO_E566500_N5952000_500", "tile_250": "NO_E566750_N5952250_250", "LaneCount": 2, "DirectionMode": "two-way", "OSMWidthMeters": 2.0, "ScaledOSMWidthStuds": 7.142856, "GameplayMinimumStuds": 7.0, "FinalWidthStuds": 7.142856}}, {"type": "Feature", "geometry": {"type": "LineString", "coordinates": [[565344.0548135419, 5952003.371469501], [565206.6475260748, 5952042.37069409]]}, "properties": {"bicycle": "yes", "foot": "yes", "highway": "path", "osm_id": 120409078, "tile_500": "NO_E565000_N5952000_500", "tile_250": "NO_E565250_N5952000_250", "LaneCount": 2, "DirectionMode": "two-way", "OSMWidthMeters": 1.5, "ScaledOSMWidthStuds": 5.357142, "GameplayMinimumStuds": 6.0, "FinalWidthStuds": 6.0}}, {"type": "Feature", "geometry": {"type": "LineString", "coordinates": [[566987.9822838418, 5952107.626168755], [566945.3878795775, 5952158.399371001], [566958.9422367653, 5952219.70375647], [566986.411779979, 5952217.596771377]]}, "properties": {"bicycle": "yes", "highway": "footway", "horse": "no", "lit": "no", "motor_vehicle": "no", "surface": "compacted", "osm_id": 120925799, "tile_500": "NO_E566500_N5952000_500", "tile_250": "NO_E566750_N5952000_250", "LaneCount": 2, "DirectionMode": "two-way", "OSMWidthMeters": 2.0, "ScaledOSMWidthStuds": 7.142856, "GameplayMinimumStuds": 7.0, "FinalWidthStuds": 7.142856}}, {"type": "Feature", "geometry": {"type": "LineString", "coordinates": [[566777.8778700322, 5952288.514942709], [566815.0950549027, 5952268.570806088]]}, "properties": {"bicycle": "no", "highway": "footway", "horse": "no", "lit": "no", "motor_vehicle": "no", "surface": "compacted", "osm_id": 121081606, "tile_500": "NO_E566500_N5952000_500", "tile_250": "NO_E566750_N5952250_250", "LaneCount": 2, "DirectionMode": "two-way", "OSMWidthMeters": 2.0, "ScaledOSMWidthStuds": 7.142856, "GameplayMinimumStuds": 7.0, "FinalWidthStuds": 7.142856}}, {"type": "Feature", "geometry": {"type": "LineString", "coordinates": [[566815.0950549027, 5952268.570806088], [566804.9174482987, 5952243.033444572]]}, "properties": {"highway": "footway", "horse": "no", "lit": "no", "motor_vehicle": "no", "surface": "compacted", "osm_id": 121081607, "tile_500": "NO_E566500_N5952000_500", "tile_250": "NO_E566750_N5952250_250", "LaneCount": 2, "DirectionMode": "two-way", "OSMWidthMeters": 2.0, "ScaledOSMWidthStuds": 7.142856, "GameplayMinimumStuds": 7.0, "FinalWidthStuds": 7.142856}}, {"type": "Feature", "geometry": {"type": "LineString", "coordinates": [[566789.0354202241, 5952247.7143879095], [566783.0777854235, 5952262.350914575], [566805.5595690802, 5952288.909131288]]}, "properties": {"bicycle": "no", "highway": "footway", "horse": "no", "lit": "no", "motor_vehicle": "no", "surface": "compacted", "osm_id": 121081609, "tile_500": "NO_E566500_N5952000_500", "tile_250": "NO_E566750_N5952250_250", "LaneCount": 2, "DirectionMode": "two-way", "OSMWidthMeters": 2.0, "ScaledOSMWidthStuds": 7.142856, "GameplayMinimumStuds": 7.0, "FinalWidthStuds": 7.142856}}, {"type": "Feature", "geometry": {"type": "LineString", "coordinates": [[566870.592304733, 5951381.84112632], [566794.6189931858, 5951391.441071915]]}, "properties": {"highway": "service", "surface": "asphalt", "osm_id": 122922828, "tile_500": "NO_E566500_N5951000_500", "tile_250": "NO_E566750_N5951250_250", "LaneCount": 2, "DirectionMode": "two-way", "OSMWidthMeters": 4.0, "ScaledOSMWidthStuds": 14.285712, "GameplayMinimumStuds": 28.0, "FinalWidthStuds": 28.0}}, {"type": "Feature", "geometry": {"type": "LineString", "coordinates": [[566867.2169946064, 5951344.438871142], [566791.3952203466, 5951354.01878663]]}, "properties": {"highway": "service", "surface": "asphalt", "osm_id": 122922830, "tile_500": "NO_E566500_N5951000_500", "tile_250": "NO_E566750_N5951250_250", "LaneCount": 2, "DirectionMode": "two-way", "OSMWidthMeters": 4.0, "ScaledOSMWidthStuds": 14.285712, "GameplayMinimumStuds": 28.0, "FinalWidthStuds": 28.0}}, {"type": "Feature", "geometry": {"type": "LineString", "coordinates": [[566864.1119884951, 5951287.601185394], [566768.0974278843, 5951288.559476729], [566771.4639094057, 5951337.3112941785], [566751.6646036217, 5951465.838451587], [566735.1177384297, 5951493.410021906], [566652.1155575234, 5951271.120912253], [566635.8835307721, 5951251.417707332], [566600.0782555406, 5951251.554717157]]}, "properties": {"bicycle": "yes", "foot": "yes", "highway": "path", "motor_vehicle": "no", "surface": "sand", "osm_id": 122922835, "tile_500": "NO_E566500_N5951000_500", "tile_250": "NO_E566500_N5951250_250", "LaneCount": 2, "DirectionMode": "two-way", "OSMWidthMeters": 1.5, "ScaledOSMWidthStuds": 5.357142, "GameplayMinimumStuds": 6.0, "FinalWidthStuds": 6.0}}, {"type": "Feature", "geometry": {"type": "LineString", "coordinates": [[566914.3989340197, 5951383.0443065], [566992.9028909141, 5951379.802701975]]}, "properties": {"highway": "service", "surface": "paving_stones", "osm_id": 122922839, "tile_500": "NO_E566500_N5951000_500", "tile_250": "NO_E566750_N5951250_250", "LaneCount": 2, "DirectionMode": "two-way", "OSMWidthMeters": 4.0, "ScaledOSMWidthStuds": 14.285712, "GameplayMinimumStuds": 28.0, "FinalWidthStuds": 28.0}}, {"type": "Feature", "geometry": {"type": "LineString", "coordinates": [[566768.0974278843, 5951288.559476729], [566635.8835307721, 5951251.417707332]]}, "properties": {"bicycle": "yes", "foot": "yes", "highway": "path", "surface": "sand", "osm_id": 123004686, "tile_500": "NO_E566500_N5951000_500", "tile_250": "NO_E566500_N5951250_250", "LaneCount": 2, "DirectionMode": "two-way", "OSMWidthMeters": 1.5, "ScaledOSMWidthStuds": 5.357142, "GameplayMinimumStuds": 6.0, "FinalWidthStuds": 6.0}}, {"type": "Feature", "geometry": {"type": "LineString", "coordinates": [[566873.9107592598, 5951480.197615566], [566896.6503513607, 5951584.628308519]]}, "properties": {"bicycle": "yes", "highway": "footway", "surface": "paving_stones", "osm_id": 123004687, "tile_500": "NO_E566500_N5951500_500", "tile_250": "NO_E566750_N5951500_250", "LaneCount": 2, "DirectionMode": "two-way", "OSMWidthMeters": 2.0, "ScaledOSMWidthStuds": 7.142856, "GameplayMinimumStuds": 7.0, "FinalWidthStuds": 7.142856}}, {"type": "Feature", "geometry": {"type": "LineString", "coordinates": [[566768.0974278843, 5951288.559476729], [566716.5898737567, 5951247.568464718], [566688.6257938859, 5951246.458779486], [566687.6593660046, 5951261.500186016]]}, "properties": {"bicycle": "yes", "foot": "yes", "highway": "path", "surface": "sand", "osm_id": 123004688, "tile_500": "NO_E566500_N5951000_500", "tile_250": "NO_E566500_N5951250_250", "LaneCount": 2, "DirectionMode": "two-way", "OSMWidthMeters": 1.5, "ScaledOSMWidthStuds": 5.357142, "GameplayMinimumStuds": 6.0, "FinalWidthStuds": 6.0}}, {"type": "Feature", "geometry": {"type": "LineString", "coordinates": [[566875.1601311192, 5951419.872383351], [566798.6315471878, 5951428.1735768905]]}, "properties": {"highway": "footway", "lit": "yes", "surface": "paving_stones", "osm_id": 123005292, "tile_500": "NO_E566500_N5951000_500", "tile_250": "NO_E566750_N5951250_250", "LaneCount": 2, "DirectionMode": "two-way", "OSMWidthMeters": 2.0, "ScaledOSMWidthStuds": 7.142856, "GameplayMinimumStuds": 7.0, "FinalWidthStuds": 7.142856}}, {"type": "Feature", "geometry": {"type": "LineString", "coordinates": [[565624.4080865054, 5951588.925292949], [565573.9019562288, 5951584.480354292]]}, "properties": {"highway": "service", "osm_id": 125481121, "tile_500": "NO_E565500_N5951500_500", "tile_250": "NO_E565500_N5951500_250", "LaneCount": 2, "DirectionMode": "two-way", "OSMWidthMeters": 4.0, "ScaledOSMWidthStuds": 14.285712, "GameplayMinimumStuds": 28.0, "FinalWidthStuds": 28.0}}, {"type": "Feature", "geometry": {"type": "LineString", "coordinates": [[565595.2332522825, 5951523.935137016], [565614.0846823731, 5951515.6530712675], [565618.0090640013, 5951473.903143398]]}, "properties": {"covered": "yes", "highway": "path", "indoor": "yes", "osm_id": 125481169, "tile_500": "NO_E565500_N5951500_500", "tile_250": "NO_E565500_N5951500_250", "LaneCount": 2, "DirectionMode": "two-way", "OSMWidthMeters": 1.5, "ScaledOSMWidthStuds": 5.357142, "GameplayMinimumStuds": 6.0, "FinalWidthStuds": 6.0}}, {"type": "Feature", "geometry": {"type": "LineString", "coordinates": [[565618.0090640013, 5951473.903143398], [565623.0246500667, 5951453.732955337]]}, "properties": {"highway": "path", "surface": "paving_stones", "osm_id": 125481170, "tile_500": "NO_E565500_N5951000_500", "tile_250": "NO_E565500_N5951250_250", "LaneCount": 2, "DirectionMode": "two-way", "OSMWidthMeters": 1.5, "ScaledOSMWidthStuds": 5.357142, "GameplayMinimumStuds": 6.0, "FinalWidthStuds": 6.0}}, {"type": "Feature", "geometry": {"type": "LineString", "coordinates": [[566347.0822799156, 5952086.373062303], [566352.6134355945, 5952106.469182586]]}, "properties": {"highway": "footway", "lit": "yes", "name": "Glash\u00fctter Weg", "osm_id": 130573729, "tile_500": "NO_E566000_N5952000_500", "tile_250": "NO_E566250_N5952000_250", "LaneCount": 2, "DirectionMode": "two-way", "OSMWidthMeters": 2.0, "ScaledOSMWidthStuds": 7.142856, "GameplayMinimumStuds": 7.0, "FinalWidthStuds": 7.142856}}, {"type": "Feature", "geometry": {"type": "LineString", "coordinates": [[566355.8134538331, 5952149.03158956], [566370.1524408497, 5952176.418279769]]}, "properties": {"highway": "footway", "lit": "yes", "name": "Glash\u00fctter Weg", "osm_id": 130573730, "tile_500": "NO_E566000_N5952000_500", "tile_250": "NO_E566250_N5952000_250", "LaneCount": 2, "DirectionMode": "two-way", "OSMWidthMeters": 2.0, "ScaledOSMWidthStuds": 7.142856, "GameplayMinimumStuds": 7.0, "FinalWidthStuds": 7.142856}}, {"type": "Feature", "geometry": {"type": "LineString", "coordinates": [[566350.8498213801, 5952111.6851598695], [566352.5049902626, 5952137.000762563]]}, "properties": {"highway": "footway", "lit": "yes", "name": "Glash\u00fctter Weg", "osm_id": 130573731, "tile_500": "NO_E566000_N5952000_500", "tile_250": "NO_E566250_N5952000_250", "LaneCount": 2, "DirectionMode": "two-way", "OSMWidthMeters": 2.0, "ScaledOSMWidthStuds": 7.142856, "GameplayMinimumStuds": 7.0, "FinalWidthStuds": 7.142856}}, {"type": "Feature", "geometry": {"type": "LineString", "coordinates": [[566352.5049902626, 5952137.000762563], [566355.8134538331, 5952149.03158956]]}, "properties": {"highway": "steps", "lit": "yes", "name": "Glash\u00fctter Weg", "osm_id": 130573732, "tile_500": "NO_E566000_N5952000_500", "tile_250": "NO_E566250_N5952000_250", "LaneCount": 2, "DirectionMode": "two-way", "OSMWidthMeters": 2.0, "ScaledOSMWidthStuds": 7.142856, "GameplayMinimumStuds": 28.0, "FinalWidthStuds": 28.0}}, {"type": "Feature", "geometry": {"type": "LineString", "coordinates": [[566352.6134355945, 5952106.469182586], [566350.8498213801, 5952111.6851598695]]}, "properties": {"highway": "steps", "lit": "yes", "name": "Glash\u00fctter Weg", "osm_id": 130573733, "tile_500": "NO_E566000_N5952000_500", "tile_250": "NO_E566250_N5952000_250", "LaneCount": 2, "DirectionMode": "two-way", "OSMWidthMeters": 2.0, "ScaledOSMWidthStuds": 7.142856, "GameplayMinimumStuds": 28.0, "FinalWidthStuds": 28.0}}, {"type": "Feature", "geometry": {"type": "LineString", "coordinates": [[566344.4078934301, 5952076.64342098], [566347.0822799156, 5952086.373062303]]}, "properties": {"highway": "steps", "lit": "yes", "name": "Glash\u00fctter Weg", "osm_id": 130573734, "tile_500": "NO_E566000_N5952000_500", "tile_250": "NO_E566250_N5952000_250", "LaneCount": 2, "DirectionMode": "two-way", "OSMWidthMeters": 2.0, "ScaledOSMWidthStuds": 7.142856, "GameplayMinimumStuds": 28.0, "FinalWidthStuds": 28.0}}, {"type": "Feature", "geometry": {"type": "LineString", "coordinates": [[566992.5652007204, 5950749.094638429], [566929.404052294, 5950818.41737434], [566894.7215923537, 5950880.357752627]]}, "properties": {"foot": "yes", "highway": "path", "osm_id": 130883341, "tile_500": "NO_E566500_N5950500_500", "tile_250": "NO_E566750_N5950750_250", "LaneCount": 2, "DirectionMode": "two-way", "OSMWidthMeters": 1.5, "ScaledOSMWidthStuds": 5.357142, "GameplayMinimumStuds": 6.0, "FinalWidthStuds": 6.0}}, {"type": "Feature", "geometry": {"type": "LineString", "coordinates": [[566995.6760640464, 5951568.86833479], [566754.0741005032, 5951616.179473644], [566745.9594812497, 5951600.953227611]]}, "properties": {"bicycle": "yes", "foot": "yes", "highway": "path", "surface": "unpaved", "osm_id": 131441305, "tile_500": "NO_E566500_N5951500_500", "tile_250": "NO_E566750_N5951500_250", "LaneCount": 2, "DirectionMode": "two-way", "OSMWidthMeters": 1.5, "ScaledOSMWidthStuds": 5.357142, "GameplayMinimumStuds": 6.0, "FinalWidthStuds": 6.0}}, {"type": "Feature", "geometry": {"type": "LineString", "coordinates": [[566872.6842797246, 5951480.558460043], [566870.7783822542, 5951468.836561711]]}, "properties": {"bicycle": "yes", "highway": "footway", "lit": "yes", "surface": "paving_stones", "osm_id": 131441306, "tile_500": "NO_E566500_N5951000_500", "tile_250": "NO_E566750_N5951250_250", "LaneCount": 2, "DirectionMode": "two-way", "OSMWidthMeters": 2.0, "ScaledOSMWidthStuds": 7.142856, "GameplayMinimumStuds": 7.0, "FinalWidthStuds": 7.142856}}, {"type": "Feature", "geometry": {"type": "LineString", "coordinates": [[566785.9431456125, 5951607.619976904], [566799.5661634175, 5951639.80475101]]}, "properties": {"bicycle": "yes", "foot": "yes", "highway": "footway", "lit": "yes", "surface": "unpaved", "osm_id": 131441307, "tile_500": "NO_E566500_N5951500_500", "tile_250": "NO_E566750_N5951500_250", "LaneCount": 2, "DirectionMode": "two-way", "OSMWidthMeters": 2.0, "ScaledOSMWidthStuds": 7.142856, "GameplayMinimumStuds": 7.0, "FinalWidthStuds": 7.142856}}, {"type": "Feature", "geometry": {"type": "LineString", "coordinates": [[566461.4911064747, 5951590.049203849], [566481.1253636025, 5951786.567169748], [566459.8090595899, 5951862.553412582], [566383.7716802404, 5951939.345111053], [566241.4630828779, 5951978.69327213]]}, "properties": {"highway": "residential", "lit": "yes", "maxspeed": "30", "name": "Fritz-Schumacher-Stra\u00dfe", "surface": "asphalt", "osm_id": 147333736, "tile_500": "NO_E566000_N5951500_500", "tile_250": "NO_E566250_N5951750_250", "LaneCount": 2, "DirectionMode": "two-way", "OSMWidthMeters": 6.0, "ScaledOSMWidthStuds": 21.428568, "GameplayMinimumStuds": 28.0, "FinalWidthStuds": 28.0}}, {"type": "Feature", "geometry": {"type": "LineString", "coordinates": [[565520.2816513819, 5951403.103774428], [565522.6319473548, 5951367.173574183]]}, "properties": {"highway": "service", "lanes": "1", "oneway": "yes", "psv": "yes", "surface": "asphalt", "vehicle": "no", "vehicle:conditional": "delivery @ (09:00-15:00,19:00-06:00)", "osm_id": 147371067, "tile_500": "NO_E565500_N5951000_500", "tile_250": "NO_E565500_N5951250_250", "LaneCount": 1, "DirectionMode": "one-way", "OSMWidthMeters": 4.0, "ScaledOSMWidthStuds": 14.285712, "GameplayMinimumStuds": 14.0, "FinalWidthStuds": 14.285712}}, {"type": "Feature", "geometry": {"type": "LineString", "coordinates": [[565429.3346873862, 5951999.953551371], [565365.6496886531, 5952014.999803288], [565310.1578724192, 5952116.263050875], [565204.6640032241, 5952185.058704653]]}, "properties": {"cycleway:both": "no", "highway": "tertiary", "lanes": "2", "lit": "yes", "maxspeed": "50", "name": "Waldstra\u00dfe", "sidewalk": "both", "smoothness": "excellent", "surface": "asphalt", "osm_id": 147371069, "tile_500": "NO_E565000_N5952000_500", "tile_250": "NO_E565250_N5952000_250", "LaneCount": 2, "DirectionMode": "two-way", "OSMWidthMeters": 12.0, "ScaledOSMWidthStuds": 42.857136, "GameplayMinimumStuds": 28.0, "FinalWidthStuds": 42.857136}}, {"type": "Feature", "geometry": {"type": "LineString", "coordinates": [[566448.2713534691, 5950950.21381179], [566488.0642610731, 5950932.083751771]]}, "properties": {"access": "private", "highway": "service", "service": "parking_aisle", "osm_id": 148759672, "tile_500": "NO_E566000_N5950500_500", "tile_250": "NO_E566250_N5950750_250", "LaneCount": 2, "DirectionMode": "two-way", "OSMWidthMeters": 4.0, "ScaledOSMWidthStuds": 14.285712, "GameplayMinimumStuds": 28.0, "FinalWidthStuds": 28.0}}, {"type": "Feature", "geometry": {"type": "LineString", "coordinates": [[566533.1777974175, 5951172.948706725], [566462.3190216664, 5951174.6038885], [566461.2381666426, 5951120.399033597]]}, "properties": {"bicycle": "yes", "highway": "service", "oneway": "no", "surface": "paving_stones", "osm_id": 148762729, "tile_500": "NO_E566000_N5951000_500", "tile_250": "NO_E566250_N5951000_250", "LaneCount": 2, "DirectionMode": "two-way", "OSMWidthMeters": 4.0, "ScaledOSMWidthStuds": 14.285712, "GameplayMinimumStuds": 28.0, "FinalWidthStuds": 28.0}}, {"type": "Feature", "geometry": {"type": "LineString", "coordinates": [[566735.1177384297, 5951493.410021906], [566729.6739416117, 5951506.217931155]]}, "properties": {"bicycle": "yes", "foot": "yes", "highway": "path", "motor_vehicle": "no", "surface": "sand", "osm_id": 148766495, "tile_500": "NO_E566500_N5951000_500", "tile_250": "NO_E566500_N5951250_250", "LaneCount": 2, "DirectionMode": "two-way", "OSMWidthMeters": 1.5, "ScaledOSMWidthStuds": 5.357142, "GameplayMinimumStuds": 6.0, "FinalWidthStuds": 6.0}}, {"type": "Feature", "geometry": {"type": "LineString", "coordinates": [[566453.6688085968, 5951872.8815120505], [566476.8776777415, 5951901.84071117], [566481.1423325653, 5952003.826591307], [566410.3648245467, 5952037.930439245]]}, "properties": {"alt_name": "Eduard-Howard-Weg", "highway": "residential", "lit": "yes", "maxspeed": "30", "name": "E.-Howard-Weg", "surface": "asphalt", "osm_id": 148806500, "tile_500": "NO_E566000_N5951500_500", "tile_250": "NO_E566250_N5951750_250", "LaneCount": 2, "DirectionMode": "two-way", "OSMWidthMeters": 6.0, "ScaledOSMWidthStuds": 21.428568, "GameplayMinimumStuds": 28.0, "FinalWidthStuds": 28.0}}, {"type": "Feature", "geometry": {"type": "LineString", "coordinates": [[566540.1214722275, 5952126.305797235], [566483.8209977631, 5952142.7101818845]]}, "properties": {"highway": "residential", "maxspeed": "30", "name": "Glash\u00fctter Weg", "surface": "asphalt", "osm_id": 148806503, "tile_500": "NO_E566500_N5952000_500", "tile_250": "NO_E566500_N5952000_250", "LaneCount": 2, "DirectionMode": "two-way", "OSMWidthMeters": 6.0, "ScaledOSMWidthStuds": 21.428568, "GameplayMinimumStuds": 28.0, "FinalWidthStuds": 28.0}}, {"type": "Feature", "geometry": {"type": "LineString", "coordinates": [[566595.7780397388, 5952243.152783825], [566447.0181008374, 5952283.81613415]]}, "properties": {"cycleway:both": "no", "highway": "residential", "lit": "yes", "maxspeed": "30", "maxspeed:type": "DE:zone30", "name": "Grootkoppelstra\u00dfe", "sidewalk": "both", "surface": "asphalt", "osm_id": 148807472, "tile_500": "NO_E566500_N5952000_500", "tile_250": "NO_E566500_N5952250_250", "LaneCount": 2, "DirectionMode": "two-way", "OSMWidthMeters": 6.0, "ScaledOSMWidthStuds": 21.428568, "GameplayMinimumStuds": 28.0, "FinalWidthStuds": 28.0}}, {"type": "Feature", "geometry": {"type": "LineString", "coordinates": [[566506.7663728341, 5950970.49287413], [566653.199480113, 5950992.632963488], [566805.0505832006, 5951080.260657648]]}, "properties": {"foot": "designated", "highway": "path", "lit": "yes", "surface": "paving_stones", "osm_id": 148848367, "tile_500": "NO_E566500_N5951000_500", "tile_250": "NO_E566500_N5951000_250", "LaneCount": 2, "DirectionMode": "two-way", "OSMWidthMeters": 1.5, "ScaledOSMWidthStuds": 5.357142, "GameplayMinimumStuds": 6.0, "FinalWidthStuds": 6.0}}, {"type": "Feature", "geometry": {"type": "LineString", "coordinates": [[566488.7772750362, 5950990.801039865], [566506.9410101855, 5950990.780264219]]}, "properties": {"bicycle": "designated", "foot": "designated", "highway": "path", "lit": "yes", "osm_id": 148848368, "tile_500": "NO_E566000_N5950500_500", "tile_250": "NO_E566250_N5950750_250", "LaneCount": 2, "DirectionMode": "two-way", "OSMWidthMeters": 1.5, "ScaledOSMWidthStuds": 5.357142, "GameplayMinimumStuds": 6.0, "FinalWidthStuds": 6.0}}, {"type": "Feature", "geometry": {"type": "LineString", "coordinates": [[566626.2008220926, 5951055.01820453], [566724.5371836105, 5950932.89216041]]}, "properties": {"foot": "designated", "highway": "path", "lit": "yes", "surface": "paving_stones", "osm_id": 148848369, "tile_500": "NO_E566500_N5950500_500", "tile_250": "NO_E566500_N5950750_250", "LaneCount": 2, "DirectionMode": "two-way", "OSMWidthMeters": 1.5, "ScaledOSMWidthStuds": 5.357142, "GameplayMinimumStuds": 6.0, "FinalWidthStuds": 6.0}}, {"type": "Feature", "geometry": {"type": "LineString", "coordinates": [[566573.9958425987, 5952116.638407055], [566629.6219433543, 5951918.183858418]]}, "properties": {"highway": "residential", "lane_markings": "no", "lit": "yes", "maxspeed:type": "DE:urban", "name": "Am Wilden Moor", "surface": "asphalt", "osm_id": 148869330, "tile_500": "NO_E566500_N5952000_500", "tile_250": "NO_E566500_N5952000_250", "LaneCount": 2, "DirectionMode": "two-way", "OSMWidthMeters": 6.0, "ScaledOSMWidthStuds": 21.428568, "GameplayMinimumStuds": 28.0, "FinalWidthStuds": 28.0}}, {"type": "Feature", "geometry": {"type": "LineString", "coordinates": [[566591.1147755157, 5952180.607112972], [566623.8156283472, 5952172.214188078]]}, "properties": {"highway": "residential", "lane_markings": "no", "lit": "yes", "maxspeed:type": "DE:urban", "name": "Moorreihe", "surface": "asphalt", "osm_id": 148869337, "tile_500": "NO_E566500_N5952000_500", "tile_250": "NO_E566500_N5952000_250", "LaneCount": 2, "DirectionMode": "two-way", "OSMWidthMeters": 6.0, "ScaledOSMWidthStuds": 21.428568, "GameplayMinimumStuds": 28.0, "FinalWidthStuds": 28.0}}, {"type": "Feature", "geometry": {"type": "LineString", "coordinates": [[566623.8156283472, 5952172.214188078], [566637.3992228877, 5952175.066556373], [566638.5267007612, 5952170.509276961], [566626.8984109798, 5952160.118153854], [566623.8156283472, 5952172.214188078]]}, "properties": {"highway": "residential", "lane_markings": "no", "lit": "yes", "maxspeed:type": "DE:urban", "name": "Moorreihe", "surface": "asphalt", "osm_id": 148869337, "tile_500": "NO_E566500_N5952000_500", "tile_250": "NO_E566500_N5952000_250", "LaneCount": 2, "DirectionMode": "two-way", "OSMWidthMeters": 6.0, "ScaledOSMWidthStuds": 21.428568, "GameplayMinimumStuds": 28.0, "FinalWidthStuds": 28.0}}, {"type": "Feature", "geometry": {"type": "LineString", "coordinates": [[566679.9767505564, 5951836.847082994], [566671.9851122933, 5951844.099728427]]}, "properties": {"bicycle": "designated", "foot": "designated", "highway": "path", "lit": "yes", "segregated": "no", "surface": "compacted", "osm_id": 148869344, "tile_500": "NO_E566500_N5951500_500", "tile_250": "NO_E566500_N5951750_250", "LaneCount": 2, "DirectionMode": "two-way", "OSMWidthMeters": 1.5, "ScaledOSMWidthStuds": 5.357142, "GameplayMinimumStuds": 6.0, "FinalWidthStuds": 6.0}}, {"type": "Feature", "geometry": {"type": "LineString", "coordinates": [[566618.9779552663, 5952284.630784625], [566657.7168747969, 5952274.443368171]]}, "properties": {"cycleway:both": "no", "highway": "residential", "lane_markings": "no", "lit": "yes", "maxspeed:type": "DE:urban", "name": "Wollgrasweg", "surface": "asphalt", "osm_id": 148869361, "tile_500": "NO_E566500_N5952000_500", "tile_250": "NO_E566500_N5952250_250", "LaneCount": 2, "DirectionMode": "two-way", "OSMWidthMeters": 6.0, "ScaledOSMWidthStuds": 21.428568, "GameplayMinimumStuds": 28.0, "FinalWidthStuds": 28.0}}, {"type": "Feature", "geometry": {"type": "LineString", "coordinates": [[566657.7168747969, 5952274.443368171], [566667.7081653546, 5952277.84565253], [566673.6906930793, 5952272.111138951], [566667.1939135521, 5952265.264554121], [566657.7168747969, 5952274.443368171]]}, "properties": {"cycleway:both": "no", "highway": "residential", "lane_markings": "no", "lit": "yes", "maxspeed:type": "DE:urban", "name": "Wollgrasweg", "surface": "asphalt", "osm_id": 148869361, "tile_500": "NO_E566500_N5952000_500", "tile_250": "NO_E566500_N5952250_250", "LaneCount": 2, "DirectionMode": "two-way", "OSMWidthMeters": 6.0, "ScaledOSMWidthStuds": 21.428568, "GameplayMinimumStuds": 28.0, "FinalWidthStuds": 28.0}}, {"type": "Feature", "geometry": {"type": "LineString", "coordinates": [[566609.7174196609, 5950880.398375638], [566619.8311818583, 5950900.0368381385], [566576.3709421786, 5950978.3454016], [566572.8737237249, 5951049.398720491]]}, "properties": {"foot": "designated", "highway": "path", "lit": "yes", "osm_id": 148878241, "tile_500": "NO_E566500_N5950500_500", "tile_250": "NO_E566500_N5950750_250", "LaneCount": 2, "DirectionMode": "two-way", "OSMWidthMeters": 1.5, "ScaledOSMWidthStuds": 5.357142, "GameplayMinimumStuds": 6.0, "FinalWidthStuds": 6.0}}, {"type": "Feature", "geometry": {"type": "LineString", "coordinates": [[566669.2260343231, 5950880.008336928], [566637.6223873696, 5950969.979243825], [566618.578488786, 5950986.878142525]]}, "properties": {"foot": "designated", "highway": "path", "lit": "yes", "osm_id": 148878243, "tile_500": "NO_E566500_N5950500_500", "tile_250": "NO_E566500_N5950750_250", "LaneCount": 2, "DirectionMode": "two-way", "OSMWidthMeters": 1.5, "ScaledOSMWidthStuds": 5.357142, "GameplayMinimumStuds": 6.0, "FinalWidthStuds": 6.0}}, {"type": "Feature", "geometry": {"type": "LineString", "coordinates": [[566618.578488786, 5950986.878142525], [566604.0594947572, 5951048.750808036]]}, "properties": {"foot": "designated", "highway": "path", "lit": "yes", "surface": "paving_stones", "osm_id": 148878249, "tile_500": "NO_E566500_N5951000_500", "tile_250": "NO_E566500_N5951000_250", "LaneCount": 2, "DirectionMode": "two-way", "OSMWidthMeters": 1.5, "ScaledOSMWidthStuds": 5.357142, "GameplayMinimumStuds": 6.0, "FinalWidthStuds": 6.0}}, {"type": "Feature", "geometry": {"type": "LineString", "coordinates": [[566048.8068111418, 5951766.573742169], [566129.875783202, 5951742.868772631]]}, "properties": {"access": "private", "highway": "footway", "osm_id": 148998671, "tile_500": "NO_E566000_N5951500_500", "tile_250": "NO_E566000_N5951750_250", "LaneCount": 2, "DirectionMode": "two-way", "OSMWidthMeters": 2.0, "ScaledOSMWidthStuds": 7.142856, "GameplayMinimumStuds": 7.0, "FinalWidthStuds": 7.142856}}, {"type": "Feature", "geometry": {"type": "LineString", "coordinates": [[566039.8344631987, 5951710.377438941], [566126.1042584671, 5951694.31210318]]}, "properties": {"access": "private", "highway": "footway", "osm_id": 148998673, "tile_500": "NO_E566000_N5951500_500", "tile_250": "NO_E566000_N5951500_250", "LaneCount": 2, "DirectionMode": "two-way", "OSMWidthMeters": 2.0, "ScaledOSMWidthStuds": 7.142856, "GameplayMinimumStuds": 7.0, "FinalWidthStuds": 7.142856}}, {"type": "Feature", "geometry": {"type": "LineString", "coordinates": [[566476.0600936691, 5951745.714098477], [566385.4017988062, 5951742.983787468], [566381.7055038167, 5951694.895263216]]}, "properties": {"highway": "footway", "lit": "yes", "osm_id": 149032835, "tile_500": "NO_E566000_N5951500_500", "tile_250": "NO_E566250_N5951500_250", "LaneCount": 2, "DirectionMode": "two-way", "OSMWidthMeters": 2.0, "ScaledOSMWidthStuds": 7.142856, "GameplayMinimumStuds": 7.0, "FinalWidthStuds": 7.142856}}, {"type": "Feature", "geometry": {"type": "LineString", "coordinates": [[566989.0360041866, 5952033.841257797], [566977.1908014665, 5952046.991030607]]}, "properties": {"highway": "path", "surface": "ground", "width": "0.5", "osm_id": 149032836, "tile_500": "NO_E566500_N5952000_500", "tile_250": "NO_E566750_N5952000_250", "LaneCount": 2, "DirectionMode": "two-way", "OSMWidthMeters": 0.5, "ScaledOSMWidthStuds": 1.785714, "GameplayMinimumStuds": 6.0, "FinalWidthStuds": 6.0}}, {"type": "Feature", "geometry": {"type": "LineString", "coordinates": [[566382.4917323178, 5951719.575440405], [566433.3785344791, 5951717.981309842]]}, "properties": {"highway": "footway", "lit": "yes", "osm_id": 149032837, "tile_500": "NO_E566000_N5951500_500", "tile_250": "NO_E566250_N5951500_250", "LaneCount": 2, "DirectionMode": "two-way", "OSMWidthMeters": 2.0, "ScaledOSMWidthStuds": 7.142856, "GameplayMinimumStuds": 7.0, "FinalWidthStuds": 7.142856}}, {"type": "Feature", "geometry": {"type": "LineString", "coordinates": [[566147.9152946193, 5951663.89736254], [566121.6094529636, 5951666.15254772]]}, "properties": {"highway": "service", "incline": "down", "service": "driveway", "osm_id": 149070307, "tile_500": "NO_E566000_N5951500_500", "tile_250": "NO_E566000_N5951500_250", "LaneCount": 2, "DirectionMode": "two-way", "OSMWidthMeters": 4.0, "ScaledOSMWidthStuds": 14.285712, "GameplayMinimumStuds": 28.0, "FinalWidthStuds": 28.0}}, {"type": "Feature", "geometry": {"type": "LineString", "coordinates": [[566292.8225478597, 5951701.939327084], [566277.3742092027, 5951719.758271501]]}, "properties": {"bicycle": "yes", "highway": "footway", "lit": "yes", "osm_id": 149070308, "tile_500": "NO_E566000_N5951500_500", "tile_250": "NO_E566250_N5951500_250", "LaneCount": 2, "DirectionMode": "two-way", "OSMWidthMeters": 2.0, "ScaledOSMWidthStuds": 7.142856, "GameplayMinimumStuds": 7.0, "FinalWidthStuds": 7.142856}}, {"type": "Feature", "geometry": {"type": "LineString", "coordinates": [[566758.196356449, 5951157.094984209], [566844.0795415689, 5951008.723131297], [566724.5371836105, 5950932.89216041], [566646.547078364, 5950853.893284788]]}, "properties": {"cycleway:both": "no", "highway": "residential", "lit": "yes", "maxspeed": "30", "name": "Greifswalder Kehre", "sidewalk": "both", "surface": "asphalt", "osm_id": 149262243, "tile_500": "NO_E566500_N5950500_500", "tile_250": "NO_E566750_N5950750_250", "LaneCount": 2, "DirectionMode": "two-way", "OSMWidthMeters": 6.0, "ScaledOSMWidthStuds": 21.428568, "GameplayMinimumStuds": 28.0, "FinalWidthStuds": 28.0}}, {"type": "Feature", "geometry": {"type": "LineString", "coordinates": [[566111.5595738144, 5951328.066574917], [566093.4187640992, 5951337.335879211]]}, "properties": {"bicycle": "yes", "foot": "yes", "highway": "path", "osm_id": 152340768, "tile_500": "NO_E566000_N5951000_500", "tile_250": "NO_E566000_N5951250_250", "LaneCount": 2, "DirectionMode": "two-way", "OSMWidthMeters": 1.5, "ScaledOSMWidthStuds": 5.357142, "GameplayMinimumStuds": 6.0, "FinalWidthStuds": 6.0}}, {"type": "Feature", "geometry": {"type": "LineString", "coordinates": [[566351.9374404496, 5951252.5010942705], [566257.5585524902, 5951313.401864352], [566149.4350574107, 5951311.219723912], [566111.5595738144, 5951328.066574917], [566163.565038393, 5951371.027393885]]}, "properties": {"bicycle": "yes", "foot": "yes", "highway": "path", "surface": "compacted", "osm_id": 152340770, "tile_500": "NO_E566000_N5951000_500", "tile_250": "NO_E566000_N5951250_250", "LaneCount": 2, "DirectionMode": "two-way", "OSMWidthMeters": 1.5, "ScaledOSMWidthStuds": 5.357142, "GameplayMinimumStuds": 6.0, "FinalWidthStuds": 6.0}}, {"type": "Feature", "geometry": {"type": "LineString", "coordinates": [[566452.6817619328, 5951410.798389312], [566492.4553362718, 5951453.389420418]]}, "properties": {"bicycle": "designated", "foot": "designated", "highway": "path", "surface": "compacted", "osm_id": 152340771, "tile_500": "NO_E566000_N5951000_500", "tile_250": "NO_E566250_N5951250_250", "LaneCount": 2, "DirectionMode": "two-way", "OSMWidthMeters": 1.5, "ScaledOSMWidthStuds": 5.357142, "GameplayMinimumStuds": 6.0, "FinalWidthStuds": 6.0}}, {"type": "Feature", "geometry": {"type": "LineString", "coordinates": [[565994.546878071, 5950889.554569966], [565967.4473310722, 5950889.729889441]]}, "properties": {"bicycle": "yes", "foot": "yes", "highway": "service", "lit": "yes", "maxspeed": "30", "name": "Finkenried", "surface": "asphalt", "osm_id": 152340772, "tile_500": "NO_E565500_N5950500_500", "tile_250": "NO_E565750_N5950750_250", "LaneCount": 2, "DirectionMode": "two-way", "OSMWidthMeters": 4.0, "ScaledOSMWidthStuds": 14.285712, "GameplayMinimumStuds": 28.0, "FinalWidthStuds": 28.0}}, {"type": "Feature", "geometry": {"type": "LineString", "coordinates": [[565981.4382561201, 5950809.899865163], [565956.7994286652, 5950811.600898286], [565956.9967435992, 5950864.268639919], [565977.28593531, 5951050.74510398], [566016.7054525919, 5951200.203638485]]}, "properties": {"bicycle": "designated", "foot": "designated", "highway": "path", "lit": "no", "surface": "compacted", "osm_id": 152340773, "tile_500": "NO_E565500_N5950500_500", "tile_250": "NO_E565750_N5950750_250", "LaneCount": 2, "DirectionMode": "two-way", "OSMWidthMeters": 1.5, "ScaledOSMWidthStuds": 5.357142, "GameplayMinimumStuds": 6.0, "FinalWidthStuds": 6.0}}, {"type": "Feature", "geometry": {"type": "LineString", "coordinates": [[566456.9194380523, 5951518.046941728], [566477.8029597724, 5951537.4593761815]]}, "properties": {"bicycle": "yes", "foot": "yes", "highway": "path", "surface": "compacted", "osm_id": 152340774, "tile_500": "NO_E566000_N5951500_500", "tile_250": "NO_E566250_N5951500_250", "LaneCount": 2, "DirectionMode": "two-way", "OSMWidthMeters": 1.5, "ScaledOSMWidthStuds": 5.357142, "GameplayMinimumStuds": 6.0, "FinalWidthStuds": 6.0}}, {"type": "Feature", "geometry": {"type": "LineString", "coordinates": [[565859.7474659506, 5950859.497841673], [565865.6114369002, 5950853.794010702]]}, "properties": {"bicycle": "yes", "foot": "yes", "highway": "path", "surface": "asphalt", "osm_id": 152340775, "tile_500": "NO_E565500_N5950500_500", "tile_250": "NO_E565750_N5950750_250", "LaneCount": 2, "DirectionMode": "two-way", "OSMWidthMeters": 1.5, "ScaledOSMWidthStuds": 5.357142, "GameplayMinimumStuds": 6.0, "FinalWidthStuds": 6.0}}, {"type": "Feature", "geometry": {"type": "LineString", "coordinates": [[565956.7994286652, 5950811.600898286], [565896.028444624, 5950783.363147865]]}, "properties": {"highway": "path", "source": "gps", "surface": "unpaved", "osm_id": 152340776, "tile_500": "NO_E565500_N5950500_500", "tile_250": "NO_E565750_N5950750_250", "LaneCount": 2, "DirectionMode": "two-way", "OSMWidthMeters": 1.5, "ScaledOSMWidthStuds": 5.357142, "GameplayMinimumStuds": 6.0, "FinalWidthStuds": 6.0}}, {"type": "Feature", "geometry": {"type": "LineString", "coordinates": [[566015.2560802763, 5951043.245311865], [565977.28593531, 5951050.74510398]]}, "properties": {"bicycle": "yes", "foot": "yes", "highway": "path", "lit": "no", "surface": "dirt", "osm_id": 152340777, "tile_500": "NO_E565500_N5951000_500", "tile_250": "NO_E565750_N5951000_250", "LaneCount": 2, "DirectionMode": "two-way", "OSMWidthMeters": 1.5, "ScaledOSMWidthStuds": 5.357142, "GameplayMinimumStuds": 6.0, "FinalWidthStuds": 6.0}}, {"type": "Feature", "geometry": {"type": "LineString", "coordinates": [[566171.2313624296, 5951284.321057021], [566168.6308939391, 5951287.077311258]]}, "properties": {"bicycle": "yes", "foot": "yes", "highway": "path", "surface": "wood", "osm_id": 152340778, "tile_500": "NO_E566000_N5951000_500", "tile_250": "NO_E566000_N5951250_250", "LaneCount": 2, "DirectionMode": "two-way", "OSMWidthMeters": 1.5, "ScaledOSMWidthStuds": 5.357142, "GameplayMinimumStuds": 6.0, "FinalWidthStuds": 6.0}}, {"type": "Feature", "geometry": {"type": "LineString", "coordinates": [[566487.5432089948, 5951814.420562077], [566478.18832591, 5951814.477147643]]}, "properties": {"foot": "yes", "highway": "footway", "osm_id": 152341485, "tile_500": "NO_E566000_N5951500_500", "tile_250": "NO_E566250_N5951750_250", "LaneCount": 2, "DirectionMode": "two-way", "OSMWidthMeters": 2.0, "ScaledOSMWidthStuds": 7.142856, "GameplayMinimumStuds": 7.0, "FinalWidthStuds": 7.142856}}, {"type": "Feature", "geometry": {"type": "LineString", "coordinates": [[566518.3281673484, 5951814.211598589], [566495.0496190026, 5951814.371175134]]}, "properties": {"bicycle": "yes", "foot": "yes", "highway": "footway", "osm_id": 152341486, "tile_500": "NO_E566500_N5951500_500", "tile_250": "NO_E566500_N5951750_250", "LaneCount": 2, "DirectionMode": "two-way", "OSMWidthMeters": 2.0, "ScaledOSMWidthStuds": 7.142856, "GameplayMinimumStuds": 7.0, "FinalWidthStuds": 7.142856}}, {"type": "Feature", "geometry": {"type": "LineString", "coordinates": [[566498.5599435923, 5951727.862215511], [566465.3621848909, 5951665.824812754]]}, "properties": {"bicycle": "yes", "foot": "yes", "highway": "footway", "osm_id": 152341487, "tile_500": "NO_E566000_N5951500_500", "tile_250": "NO_E566250_N5951500_250", "LaneCount": 2, "DirectionMode": "two-way", "OSMWidthMeters": 2.0, "ScaledOSMWidthStuds": 7.142856, "GameplayMinimumStuds": 7.0, "FinalWidthStuds": 7.142856}}, {"type": "Feature", "geometry": {"type": "LineString", "coordinates": [[566186.0869232285, 5951148.055436565], [566319.2348777085, 5951236.783339428]]}, "properties": {"bicycle": "yes", "foot": "yes", "highway": "path", "width": "2.5", "osm_id": 152341488, "tile_500": "NO_E566000_N5951000_500", "tile_250": "NO_E566250_N5951000_250", "LaneCount": 2, "DirectionMode": "two-way", "OSMWidthMeters": 2.5, "ScaledOSMWidthStuds": 8.92857, "GameplayMinimumStuds": 6.0, "FinalWidthStuds": 8.92857}}, {"type": "Feature", "geometry": {"type": "LineString", "coordinates": [[566536.0583872199, 5951582.015200526], [566528.6933317655, 5951576.725465155]]}, "properties": {"cycleway:right": "separate", "highway": "secondary", "junction": "roundabout", "lane_markings": "no", "lit": "yes", "maxspeed:type": "DE:urban", "name": "Langenharmer Weg", "sidewalk:left": "no", "sidewalk:right": "separate", "surface": "asphalt", "osm_id": 152341489, "tile_500": "NO_E566500_N5951500_500", "tile_250": "NO_E566500_N5951500_250", "LaneCount": 2, "DirectionMode": "two-way", "OSMWidthMeters": 14.0, "ScaledOSMWidthStuds": 49.999992, "GameplayMinimumStuds": 28.0, "FinalWidthStuds": 49.999992}}, {"type": "Feature", "geometry": {"type": "LineString", "coordinates": [[566507.7104476632, 5951732.9212948], [566518.3281673484, 5951814.211598589]]}, "properties": {"bicycle": "yes", "foot": "yes", "highway": "footway", "osm_id": 152341490, "tile_500": "NO_E566500_N5951500_500", "tile_250": "NO_E566500_N5951750_250", "LaneCount": 2, "DirectionMode": "two-way", "OSMWidthMeters": 2.0, "ScaledOSMWidthStuds": 7.142856, "GameplayMinimumStuds": 7.0, "FinalWidthStuds": 7.142856}}, {"type": "Feature", "geometry": {"type": "LineString", "coordinates": [[566543.8460243015, 5951811.15743935], [566518.3281673484, 5951814.211598589]]}, "properties": {"bicycle": "yes", "foot": "yes", "highway": "footway", "osm_id": 152341492, "tile_500": "NO_E566500_N5951500_500", "tile_250": "NO_E566500_N5951750_250", "LaneCount": 2, "DirectionMode": "two-way", "OSMWidthMeters": 2.0, "ScaledOSMWidthStuds": 7.142856, "GameplayMinimumStuds": 7.0, "FinalWidthStuds": 7.142856}}, {"type": "Feature", "geometry": {"type": "LineString", "coordinates": [[566329.2991852167, 5950703.6430922765], [566506.2740429484, 5950615.572318052]]}, "properties": {"access": "permit", "description": "Zugangsweg zum Schulgel\u00e4nde", "highway": "footway", "osm_id": 152341542, "tile_500": "NO_E566000_N5950500_500", "tile_250": "NO_E566250_N5950500_250", "LaneCount": 2, "DirectionMode": "two-way", "OSMWidthMeters": 2.0, "ScaledOSMWidthStuds": 7.142856, "GameplayMinimumStuds": 7.0, "FinalWidthStuds": 7.142856}}, {"type": "Feature", "geometry": {"type": "LineString", "coordinates": [[566542.7968663234, 5950616.0900398465], [566566.3537860584, 5950616.424116957]]}, "properties": {"access": "permit", "description": "Zugangsweg zum Schulgel\u00e4nde", "highway": "footway", "osm_id": 152341542, "tile_500": "NO_E566500_N5950500_500", "tile_250": "NO_E566500_N5950500_250", "LaneCount": 2, "DirectionMode": "two-way", "OSMWidthMeters": 2.0, "ScaledOSMWidthStuds": 7.142856, "GameplayMinimumStuds": 7.0, "FinalWidthStuds": 7.142856}}, {"type": "Feature", "geometry": {"type": "LineString", "coordinates": [[565303.2545588558, 5951686.090662469], [565434.5671355971, 5951643.745489744]]}, "properties": {"highway": "residential", "lit": "yes", "name": "Storchengang", "surface": "asphalt", "osm_id": 152350332, "tile_500": "NO_E565000_N5951500_500", "tile_250": "NO_E565250_N5951500_250", "LaneCount": 2, "DirectionMode": "two-way", "OSMWidthMeters": 6.0, "ScaledOSMWidthStuds": 21.428568, "GameplayMinimumStuds": 28.0, "FinalWidthStuds": 28.0}}, {"type": "Feature", "geometry": {"type": "LineString", "coordinates": [[565248.4641824572, 5951790.390995035], [565316.1446057218, 5951747.914620841]]}, "properties": {"highway": "residential", "lit": "yes", "name": "Drosselstieg", "oneway": "yes", "surface": "asphalt", "osm_id": 152350348, "tile_500": "NO_E565000_N5951500_500", "tile_250": "NO_E565250_N5951750_250", "LaneCount": 1, "DirectionMode": "one-way", "OSMWidthMeters": 6.0, "ScaledOSMWidthStuds": 21.428568, "GameplayMinimumStuds": 14.0, "FinalWidthStuds": 21.428568}}, {"type": "Feature", "geometry": {"type": "LineString", "coordinates": [[565248.5191191307, 5951906.514874342], [565208.1951157975, 5951931.040628381]]}, "properties": {"highway": "residential", "lit": "yes", "name": "Schwalbenstieg", "oneway": "yes", "oneway:bicycle": "no", "osm_id": 152350349, "tile_500": "NO_E565000_N5951500_500", "tile_250": "NO_E565000_N5951750_250", "LaneCount": 1, "DirectionMode": "one-way", "OSMWidthMeters": 6.0, "ScaledOSMWidthStuds": 21.428568, "GameplayMinimumStuds": 14.0, "FinalWidthStuds": 21.428568}}, {"type": "Feature", "geometry": {"type": "LineString", "coordinates": [[565282.3714218962, 5950822.688597405], [565224.4557457517, 5950761.201765064]]}, "properties": {"cycleway:both": "track", "highway": "residential", "lanes": "2", "maxspeed": "30", "name": "Heidbergstra\u00dfe", "sidewalk": "both", "surface": "asphalt", "osm_id": 152350350, "tile_500": "NO_E565000_N5950500_500", "tile_250": "NO_E565250_N5950750_250", "LaneCount": 2, "DirectionMode": "two-way", "OSMWidthMeters": 6.0, "ScaledOSMWidthStuds": 21.428568, "GameplayMinimumStuds": 28.0, "FinalWidthStuds": 28.0}}, {"type": "Feature", "geometry": {"type": "LineString", "coordinates": [[565214.0416344544, 5951510.442559694], [565240.511213447, 5951504.50145553], [565303.2545588558, 5951686.090662469], [565355.8028358481, 5951978.387720118], [565344.0548135419, 5952003.371469501]]}, "properties": {"highway": "residential", "maxspeed": "30", "name": "Norderstra\u00dfe", "osm_id": 152350353, "tile_500": "NO_E565000_N5951500_500", "tile_250": "NO_E565250_N5951500_250", "LaneCount": 2, "DirectionMode": "two-way", "OSMWidthMeters": 6.0, "ScaledOSMWidthStuds": 21.428568, "GameplayMinimumStuds": 28.0, "FinalWidthStuds": 28.0}}, {"type": "Feature", "geometry": {"type": "LineString", "coordinates": [[566488.6623696359, 5950979.805723081], [566457.2544119192, 5950966.742538054]]}, "properties": {"cycleway": "track", "highway": "residential", "lit": "yes", "maxspeed": "30", "name": "Fadens Tannen", "oneway": "no", "surface": "asphalt", "osm_id": 152357056, "tile_500": "NO_E566000_N5950500_500", "tile_250": "NO_E566250_N5950750_250", "LaneCount": 2, "DirectionMode": "two-way", "OSMWidthMeters": 6.0, "ScaledOSMWidthStuds": 21.428568, "GameplayMinimumStuds": 28.0, "FinalWidthStuds": 28.0}}, {"type": "Feature", "geometry": {"type": "LineString", "coordinates": [[566552.5621029588, 5951273.012544042], [566552.7425428255, 5951239.811469197]]}, "properties": {"highway": "service", "name": "Kirchenplatz", "osm_id": 152357059, "tile_500": "NO_E566500_N5951000_500", "tile_250": "NO_E566500_N5951250_250", "LaneCount": 2, "DirectionMode": "two-way", "OSMWidthMeters": 4.0, "ScaledOSMWidthStuds": 14.285712, "GameplayMinimumStuds": 28.0, "FinalWidthStuds": 28.0}}, {"type": "Feature", "geometry": {"type": "LineString", "coordinates": [[566198.7835331627, 5951432.523525272], [566114.1411468831, 5951455.954515272], [566107.1022403198, 5951644.394700441]]}, "properties": {"highway": "residential", "lit": "yes", "maxspeed": "30", "name": "Langenharmer Ring", "osm_id": 152357060, "tile_500": "NO_E566000_N5951500_500", "tile_250": "NO_E566000_N5951500_250", "LaneCount": 2, "DirectionMode": "two-way", "OSMWidthMeters": 6.0, "ScaledOSMWidthStuds": 21.428568, "GameplayMinimumStuds": 28.0, "FinalWidthStuds": 28.0}}, {"type": "Feature", "geometry": {"type": "LineString", "coordinates": [[566534.8628381467, 5951239.424367113], [566600.1000469732, 5951247.693879188], [566595.624130345, 5951272.789005629], [566535.0749422711, 5951272.886932486]]}, "properties": {"highway": "residential", "lane_markings": "no", "lit": "yes", "name": "Kirchenplatz", "oneway": "yes", "surface": "asphalt", "osm_id": 152357062, "tile_500": "NO_E566500_N5951000_500", "tile_250": "NO_E566500_N5951250_250", "LaneCount": 1, "DirectionMode": "one-way", "OSMWidthMeters": 6.0, "ScaledOSMWidthStuds": 21.428568, "GameplayMinimumStuds": 14.0, "FinalWidthStuds": 21.428568}}, {"type": "Feature", "geometry": {"type": "LineString", "coordinates": [[565959.3233609449, 5951398.106057854], [566093.4187640992, 5951337.335879211]]}, "properties": {"highway": "residential", "lit": "yes", "maxspeed": "30", "name": "Heisterkamp", "osm_id": 152357063, "tile_500": "NO_E566000_N5951000_500", "tile_250": "NO_E566000_N5951250_250", "LaneCount": 2, "DirectionMode": "two-way", "OSMWidthMeters": 6.0, "ScaledOSMWidthStuds": 21.428568, "GameplayMinimumStuds": 28.0, "FinalWidthStuds": 28.0}}, {"type": "Feature", "geometry": {"type": "LineString", "coordinates": [[566365.4089523052, 5951256.942216266], [566319.2348777085, 5951236.783339428]]}, "properties": {"bicycle": "yes", "foot": "yes", "highway": "service", "osm_id": 152357068, "tile_500": "NO_E566000_N5951000_500", "tile_250": "NO_E566250_N5951000_250", "LaneCount": 2, "DirectionMode": "two-way", "OSMWidthMeters": 4.0, "ScaledOSMWidthStuds": 14.285712, "GameplayMinimumStuds": 28.0, "FinalWidthStuds": 28.0}}, {"type": "Feature", "geometry": {"type": "LineString", "coordinates": [[566536.7858154994, 5951433.432529636], [566532.0901389199, 5951120.212514416]]}, "properties": {"cycleway": "track", "highway": "tertiary", "lanes": "1", "lit": "yes", "maxspeed": "50", "name": "Falkenbergstra\u00dfe", "oneway": "no", "sidewalk": "both", "surface": "asphalt", "osm_id": 152357070, "tile_500": "NO_E566500_N5951000_500", "tile_250": "NO_E566500_N5951250_250", "LaneCount": 1, "DirectionMode": "two-way", "OSMWidthMeters": 12.0, "ScaledOSMWidthStuds": 42.857136, "GameplayMinimumStuds": 14.0, "FinalWidthStuds": 42.857136}}, {"type": "Feature", "geometry": {"type": "LineString", "coordinates": [[566534.919769762, 5951247.514664915], [566365.4089523052, 5951256.942216266]]}, "properties": {"highway": "residential", "lit": "yes", "name": "Kirchenstieg", "osm_id": 152357074, "tile_500": "NO_E566000_N5951000_500", "tile_250": "NO_E566250_N5951250_250", "LaneCount": 2, "DirectionMode": "two-way", "OSMWidthMeters": 6.0, "ScaledOSMWidthStuds": 21.428568, "GameplayMinimumStuds": 28.0, "FinalWidthStuds": 28.0}}, {"type": "Feature", "geometry": {"type": "LineString", "coordinates": [[566254.687877494, 5951630.275443492], [566214.5286112452, 5951466.227482236], [566163.565038393, 5951371.027393885]]}, "properties": {"highway": "residential", "lit": "yes", "maxspeed": "30", "name": "Langenharmer Ring", "osm_id": 152357076, "tile_500": "NO_E566000_N5951000_500", "tile_250": "NO_E566000_N5951250_250", "LaneCount": 2, "DirectionMode": "two-way", "OSMWidthMeters": 6.0, "ScaledOSMWidthStuds": 21.428568, "GameplayMinimumStuds": 28.0, "FinalWidthStuds": 28.0}}, {"type": "Feature", "geometry": {"type": "LineString", "coordinates": [[566114.1411468831, 5951455.954515272], [565999.6573589963, 5951481.893580376], [565886.692378886, 5951267.197845356]]}, "properties": {"highway": "residential", "lit": "yes", "maxspeed": "30", "name": "Kiebitzreihe", "sidewalk": "both", "osm_id": 152357080, "tile_500": "NO_E565500_N5951000_500", "tile_250": "NO_E565750_N5951250_250", "LaneCount": 2, "DirectionMode": "two-way", "OSMWidthMeters": 6.0, "ScaledOSMWidthStuds": 21.428568, "GameplayMinimumStuds": 28.0, "FinalWidthStuds": 28.0}}, {"type": "Feature", "geometry": {"type": "LineString", "coordinates": [[566499.3083929637, 5951120.30416921], [566497.0332238585, 5951028.338856821]]}, "properties": {"highway": "tertiary", "lanes": "2", "lit": "yes", "maxspeed": "50", "name": "Am Exerzierplatz", "sidewalk:both": "separate", "surface": "asphalt", "osm_id": 152358120, "tile_500": "NO_E566000_N5951000_500", "tile_250": "NO_E566250_N5951000_250", "LaneCount": 2, "DirectionMode": "two-way", "OSMWidthMeters": 12.0, "ScaledOSMWidthStuds": 42.857136, "GameplayMinimumStuds": 28.0, "FinalWidthStuds": 42.857136}}, {"type": "Feature", "geometry": {"type": "LineString", "coordinates": [[566741.7750097867, 5950765.872843593], [566717.1506084664, 5950618.565473743]]}, "properties": {"highway": "residential", "lit": "yes", "maxspeed": "30", "name": "Am Exerzierplatz", "surface": "asphalt", "osm_id": 152358121, "tile_500": "NO_E566500_N5950500_500", "tile_250": "NO_E566500_N5950500_250", "LaneCount": 2, "DirectionMode": "two-way", "OSMWidthMeters": 6.0, "ScaledOSMWidthStuds": 21.428568, "GameplayMinimumStuds": 28.0, "FinalWidthStuds": 28.0}}, {"type": "Feature", "geometry": {"type": "LineString", "coordinates": [[565216.8217027605, 5951310.437525952], [565236.8958008472, 5951328.185857906], [565249.8653687136, 5951392.9816169925]]}, "properties": {"cycleway:both": "track", "highway": "residential", "lanes": "2", "lit": "yes", "maxspeed": "30", "name": "Buckh\u00f6rner Moor", "sidewalk": "both", "sidewalk:both:surface": "paving_stones", "surface": "asphalt", "osm_id": 152822977, "tile_500": "NO_E565000_N5951000_500", "tile_250": "NO_E565000_N5951250_250", "LaneCount": 2, "DirectionMode": "two-way", "OSMWidthMeters": 6.0, "ScaledOSMWidthStuds": 21.428568, "GameplayMinimumStuds": 28.0, "FinalWidthStuds": 28.0}}, {"type": "Feature", "geometry": {"type": "LineString", "coordinates": [[565238.7649833551, 5951332.874126733], [565216.435695462, 5951338.208127343]]}, "properties": {"bicycle": "yes", "highway": "footway", "name": "Grasweg", "surface": "paving_stones", "osm_id": 152822983, "tile_500": "NO_E565000_N5951000_500", "tile_250": "NO_E565000_N5951250_250", "LaneCount": 2, "DirectionMode": "two-way", "OSMWidthMeters": 2.0, "ScaledOSMWidthStuds": 7.142856, "GameplayMinimumStuds": 7.0, "FinalWidthStuds": 7.142856}}, {"type": "Feature", "geometry": {"type": "LineString", "coordinates": [[566542.3284193827, 5952095.436765583], [566536.2772711713, 5952073.430271263], [566487.0036657365, 5952077.438424628]]}, "properties": {"access": "private", "description": "private way", "foot": "permissive", "highway": "footway", "lit": "yes", "osm_id": 154459957, "tile_500": "NO_E566500_N5952000_500", "tile_250": "NO_E566500_N5952000_250", "LaneCount": 2, "DirectionMode": "two-way", "OSMWidthMeters": 2.0, "ScaledOSMWidthStuds": 7.142856, "GameplayMinimumStuds": 7.0, "FinalWidthStuds": 7.142856}}, {"type": "Feature", "geometry": {"type": "LineString", "coordinates": [[566557.2605962944, 5951581.247729437], [566569.613619575, 5951600.695357515], [566560.8600618578, 5951691.413867214], [566569.5960619277, 5951717.775835175], [566650.8208770358, 5951796.74189025]]}, "properties": {"bicycle": "yes", "foot": "yes", "highway": "path", "surface": "compacted", "osm_id": 154459959, "tile_500": "NO_E566500_N5951500_500", "tile_250": "NO_E566500_N5951500_250", "LaneCount": 2, "DirectionMode": "two-way", "OSMWidthMeters": 1.5, "ScaledOSMWidthStuds": 5.357142, "GameplayMinimumStuds": 6.0, "FinalWidthStuds": 6.0}}, {"type": "Feature", "geometry": {"type": "LineString", "coordinates": [[566904.5158016064, 5951875.584524164], [566892.6437595095, 5951858.201360131], [566886.8060298553, 5951797.240932544]]}, "properties": {"bicycle": "yes", "foot": "yes", "highway": "footway", "osm_id": 154459963, "tile_500": "NO_E566500_N5951500_500", "tile_250": "NO_E566750_N5951750_250", "LaneCount": 2, "DirectionMode": "two-way", "OSMWidthMeters": 2.0, "ScaledOSMWidthStuds": 7.142856, "GameplayMinimumStuds": 7.0, "FinalWidthStuds": 7.142856}}, {"type": "Feature", "geometry": {"type": "LineString", "coordinates": [[566507.7104476632, 5951732.9212948], [566498.5599435923, 5951727.862215511]]}, "properties": {"bicycle": "yes", "bridge": "yes", "foot": "yes", "highway": "footway", "layer": "1", "osm_id": 154459964, "tile_500": "NO_E566500_N5951500_500", "tile_250": "NO_E566500_N5951500_250", "LaneCount": 2, "DirectionMode": "two-way", "OSMWidthMeters": 2.0, "ScaledOSMWidthStuds": 7.142856, "GameplayMinimumStuds": 7.0, "FinalWidthStuds": 7.142856}}, {"type": "Feature", "geometry": {"type": "LineString", "coordinates": [[566495.0496190026, 5951814.371175134], [566487.5432089948, 5951814.420562077]]}, "properties": {"bicycle": "yes", "bridge": "yes", "foot": "yes", "highway": "footway", "layer": "1", "osm_id": 154459975, "tile_500": "NO_E566000_N5951500_500", "tile_250": "NO_E566250_N5951750_250", "LaneCount": 2, "DirectionMode": "two-way", "OSMWidthMeters": 2.0, "ScaledOSMWidthStuds": 7.142856, "GameplayMinimumStuds": 7.0, "FinalWidthStuds": 7.142856}}, {"type": "Feature", "geometry": {"type": "LineString", "coordinates": [[566486.2312619194, 5952037.859032834], [566475.9060321896, 5952014.657070594]]}, "properties": {"foot": "yes", "highway": "footway", "lit": "yes", "osm_id": 154459983, "tile_500": "NO_E566000_N5952000_500", "tile_250": "NO_E566250_N5952000_250", "LaneCount": 2, "DirectionMode": "two-way", "OSMWidthMeters": 2.0, "ScaledOSMWidthStuds": 7.142856, "GameplayMinimumStuds": 7.0, "FinalWidthStuds": 7.142856}}, {"type": "Feature", "geometry": {"type": "LineString", "coordinates": [[566650.8208770358, 5951796.74189025], [566705.8162946359, 5951866.879666521], [566988.5981281229, 5952064.502833968]]}, "properties": {"bicycle": "designated", "foot": "designated", "highway": "path", "lit": "yes", "segregated": "no", "surface": "compacted", "osm_id": 154459994, "tile_500": "NO_E566500_N5951500_500", "tile_250": "NO_E566750_N5951750_250", "LaneCount": 2, "DirectionMode": "two-way", "OSMWidthMeters": 1.5, "ScaledOSMWidthStuds": 5.357142, "GameplayMinimumStuds": 6.0, "FinalWidthStuds": 6.0}}, {"type": "Feature", "geometry": {"type": "LineString", "coordinates": [[566752.9750556758, 5952257.493760221], [566671.1286118177, 5952276.826054741]]}, "properties": {"bicycle": "yes", "foot": "yes", "highway": "footway", "name": "Wollgrasweg", "osm_id": 154460000, "tile_500": "NO_E566500_N5952000_500", "tile_250": "NO_E566500_N5952250_250", "LaneCount": 2, "DirectionMode": "two-way", "OSMWidthMeters": 2.0, "ScaledOSMWidthStuds": 7.142856, "GameplayMinimumStuds": 7.0, "FinalWidthStuds": 7.142856}}, {"type": "Feature", "geometry": {"type": "LineString", "coordinates": [[566958.9422367653, 5952219.70375647], [566939.2452140437, 5952267.826199113]]}, "properties": {"bicycle": "yes", "highway": "footway", "horse": "no", "lit": "no", "motor_vehicle": "no", "smoothness": "intermediate", "surface": "compacted", "osm_id": 154460004, "tile_500": "NO_E566500_N5952000_500", "tile_250": "NO_E566750_N5952000_250", "LaneCount": 2, "DirectionMode": "two-way", "OSMWidthMeters": 2.0, "ScaledOSMWidthStuds": 7.142856, "GameplayMinimumStuds": 7.0, "FinalWidthStuds": 7.142856}}, {"type": "Feature", "geometry": {"type": "LineString", "coordinates": [[566714.9397447169, 5951795.361099151], [566679.9767505564, 5951836.847082994]]}, "properties": {"bicycle": "designated", "foot": "designated", "highway": "path", "lit": "yes", "segregated": "no", "surface": "compacted", "osm_id": 154460006, "tile_500": "NO_E566500_N5951500_500", "tile_250": "NO_E566500_N5951750_250", "LaneCount": 2, "DirectionMode": "two-way", "OSMWidthMeters": 1.5, "ScaledOSMWidthStuds": 5.357142, "GameplayMinimumStuds": 6.0, "FinalWidthStuds": 6.0}}, {"type": "Feature", "geometry": {"type": "LineString", "coordinates": [[566679.8866869955, 5952279.220511187], [566678.3872957275, 5952287.099541759]]}, "properties": {"foot": "yes", "highway": "footway", "name": "Wollgrasweg", "osm_id": 154460013, "tile_500": "NO_E566500_N5952000_500", "tile_250": "NO_E566500_N5952250_250", "LaneCount": 2, "DirectionMode": "two-way", "OSMWidthMeters": 2.0, "ScaledOSMWidthStuds": 7.142856, "GameplayMinimumStuds": 7.0, "FinalWidthStuds": 7.142856}}, {"type": "Feature", "geometry": {"type": "LineString", "coordinates": [[566487.0036657365, 5952077.438424628], [566486.2312619194, 5952037.859032834]]}, "properties": {"bicycle": "yes", "foot": "yes", "highway": "footway", "lit": "yes", "osm_id": 154460018, "tile_500": "NO_E566000_N5952000_500", "tile_250": "NO_E566250_N5952000_250", "LaneCount": 2, "DirectionMode": "two-way", "OSMWidthMeters": 2.0, "ScaledOSMWidthStuds": 7.142856, "GameplayMinimumStuds": 7.0, "FinalWidthStuds": 7.142856}}, {"type": "Feature", "geometry": {"type": "LineString", "coordinates": [[566985.5432176632, 5952278.415075669], [566823.1787126018, 5952239.999901453], [566752.9750556758, 5952257.493760221]]}, "properties": {"bicycle": "yes", "highway": "footway", "horse": "no", "lit": "no", "motor_vehicle": "no", "smoothness": "excellent", "surface": "asphalt", "osm_id": 160228694, "tile_500": "NO_E566500_N5952000_500", "tile_250": "NO_E566750_N5952250_250", "LaneCount": 2, "DirectionMode": "two-way", "OSMWidthMeters": 2.0, "ScaledOSMWidthStuds": 7.142856, "GameplayMinimumStuds": 7.0, "FinalWidthStuds": 7.142856}}, {"type": "Feature", "geometry": {"type": "LineString", "coordinates": [[565333.0332806885, 5952111.273947345], [565368.6038323609, 5952102.378180215], [565378.1953509343, 5952117.50016454]]}, "properties": {"highway": "footway", "lit": "yes", "osm_id": 161494053, "tile_500": "NO_E565000_N5952000_500", "tile_250": "NO_E565250_N5952000_250", "LaneCount": 2, "DirectionMode": "two-way", "OSMWidthMeters": 2.0, "ScaledOSMWidthStuds": 7.142856, "GameplayMinimumStuds": 7.0, "FinalWidthStuds": 7.142856}}, {"type": "Feature", "geometry": {"type": "LineString", "coordinates": [[565352.2370602249, 5952131.036276116], [565345.0501195734, 5952115.302466666]]}, "properties": {"highway": "footway", "lit": "yes", "wheelchair": "yes", "osm_id": 161495897, "tile_500": "NO_E565000_N5952000_500", "tile_250": "NO_E565250_N5952000_250", "LaneCount": 2, "DirectionMode": "two-way", "OSMWidthMeters": 2.0, "ScaledOSMWidthStuds": 7.142856, "GameplayMinimumStuds": 7.0, "FinalWidthStuds": 7.142856}}, {"type": "Feature", "geometry": {"type": "LineString", "coordinates": [[565967.4949790325, 5951890.699691459], [565883.8161044035, 5951903.543976655], [565849.2776494329, 5951882.462576968]]}, "properties": {"bicycle": "yes", "highway": "footway", "lit": "yes", "osm_id": 161919795, "tile_500": "NO_E565500_N5951500_500", "tile_250": "NO_E565750_N5951750_250", "LaneCount": 2, "DirectionMode": "two-way", "OSMWidthMeters": 2.0, "ScaledOSMWidthStuds": 7.142856, "GameplayMinimumStuds": 7.0, "FinalWidthStuds": 7.142856}}, {"type": "Feature", "geometry": {"type": "LineString", "coordinates": [[566990.007800961, 5951965.792344671], [566977.8998039046, 5951963.123880249]]}, "properties": {"highway": "path", "mtb:scale": "1", "surface": "ground", "width": "0.5", "osm_id": 161921199, "tile_500": "NO_E566500_N5951500_500", "tile_250": "NO_E566750_N5951750_250", "LaneCount": 2, "DirectionMode": "two-way", "OSMWidthMeters": 0.5, "ScaledOSMWidthStuds": 1.785714, "GameplayMinimumStuds": 6.0, "FinalWidthStuds": 6.0}}, {"type": "Feature", "geometry": {"type": "LineString", "coordinates": [[566982.1476764429, 5951962.427880641], [566980.3840387579, 5951867.73199561]]}, "properties": {"highway": "path", "surface": "ground", "width": "0.5", "osm_id": 161921200, "tile_500": "NO_E566500_N5951500_500", "tile_250": "NO_E566750_N5951750_250", "LaneCount": 2, "DirectionMode": "two-way", "OSMWidthMeters": 0.5, "ScaledOSMWidthStuds": 1.785714, "GameplayMinimumStuds": 6.0, "FinalWidthStuds": 6.0}}, {"type": "Feature", "geometry": {"type": "LineString", "coordinates": [[566972.2095238083, 5951964.055217125], [566933.840859113, 5951973.043642647], [566851.4041185398, 5951904.1587683875]]}, "properties": {"highway": "path", "mtb:scale": "1", "surface": "ground", "width": "0.5", "osm_id": 161921203, "tile_500": "NO_E566500_N5951500_500", "tile_250": "NO_E566750_N5951750_250", "LaneCount": 2, "DirectionMode": "two-way", "OSMWidthMeters": 0.5, "ScaledOSMWidthStuds": 1.785714, "GameplayMinimumStuds": 6.0, "FinalWidthStuds": 6.0}}, {"type": "Feature", "geometry": {"type": "LineString", "coordinates": [[566977.8998039046, 5951963.123880249], [566972.2095238083, 5951964.055217125]]}, "properties": {"bridge": "yes", "highway": "path", "layer": "1", "surface": "ground", "width": "0.5", "osm_id": 161921204, "tile_500": "NO_E566500_N5951500_500", "tile_250": "NO_E566750_N5951750_250", "LaneCount": 2, "DirectionMode": "two-way", "OSMWidthMeters": 0.5, "ScaledOSMWidthStuds": 1.785714, "GameplayMinimumStuds": 6.0, "FinalWidthStuds": 6.0}}, {"type": "Feature", "geometry": {"type": "LineString", "coordinates": [[566486.2312619194, 5952037.859032834], [566281.6941550833, 5952093.79406601]]}, "properties": {"bicycle": "yes", "foot": "yes", "highway": "footway", "lit": "yes", "name": "Arne-Jacobsen-Stieg", "osm_id": 162776003, "tile_500": "NO_E566000_N5952000_500", "tile_250": "NO_E566250_N5952000_250", "LaneCount": 2, "DirectionMode": "two-way", "OSMWidthMeters": 2.0, "ScaledOSMWidthStuds": 7.142856, "GameplayMinimumStuds": 7.0, "FinalWidthStuds": 7.142856}}, {"type": "Feature", "geometry": {"type": "LineString", "coordinates": [[566156.8576588128, 5952127.950396194], [566184.4332676133, 5952228.261842416]]}, "properties": {"bicycle": "yes", "foot": "yes", "highway": "footway", "lit": "yes", "osm_id": 162776004, "tile_500": "NO_E566000_N5952000_500", "tile_250": "NO_E566000_N5952000_250", "LaneCount": 2, "DirectionMode": "two-way", "OSMWidthMeters": 2.0, "ScaledOSMWidthStuds": 7.142856, "GameplayMinimumStuds": 7.0, "FinalWidthStuds": 7.142856}}, {"type": "Feature", "geometry": {"type": "LineString", "coordinates": [[565393.7876743771, 5951372.964726477], [565388.5396354123, 5951379.089414509]]}, "properties": {"bridge": "yes", "highway": "footway", "layer": "1", "surface": "wood", "osm_id": 165118977, "tile_500": "NO_E565000_N5951000_500", "tile_250": "NO_E565250_N5951250_250", "LaneCount": 2, "DirectionMode": "two-way", "OSMWidthMeters": 2.0, "ScaledOSMWidthStuds": 7.142856, "GameplayMinimumStuds": 7.0, "FinalWidthStuds": 7.142856}}, {"type": "Feature", "geometry": {"type": "LineString", "coordinates": [[565388.5396354123, 5951379.089414509], [565371.7235584992, 5951384.852625321]]}, "properties": {"highway": "path", "surface": "paving_stones", "osm_id": 165118979, "tile_500": "NO_E565000_N5951000_500", "tile_250": "NO_E565250_N5951250_250", "LaneCount": 2, "DirectionMode": "two-way", "OSMWidthMeters": 1.5, "ScaledOSMWidthStuds": 5.357142, "GameplayMinimumStuds": 6.0, "FinalWidthStuds": 6.0}}, {"type": "Feature", "geometry": {"type": "LineString", "coordinates": [[565368.2460834506, 5951322.18049287], [565329.158222, 5951272.69882138], [565226.3324389325, 5951197.128008427], [565230.958931532, 5951187.745370847]]}, "properties": {"bicycle": "designated", "foot": "designated", "highway": "path", "lit": "yes", "segregated": "no", "surface": "paving_stones", "osm_id": 165118998, "tile_500": "NO_E565000_N5951000_500", "tile_250": "NO_E565250_N5951250_250", "LaneCount": 2, "DirectionMode": "two-way", "OSMWidthMeters": 1.5, "ScaledOSMWidthStuds": 5.357142, "GameplayMinimumStuds": 6.0, "FinalWidthStuds": 6.0}}, {"type": "Feature", "geometry": {"type": "LineString", "coordinates": [[565400.5790989707, 5951366.472106645], [565393.7876743771, 5951372.964726477]]}, "properties": {"highway": "path", "surface": "paving_stones", "osm_id": 165119001, "tile_500": "NO_E565000_N5951000_500", "tile_250": "NO_E565250_N5951250_250", "LaneCount": 2, "DirectionMode": "two-way", "OSMWidthMeters": 1.5, "ScaledOSMWidthStuds": 5.357142, "GameplayMinimumStuds": 6.0, "FinalWidthStuds": 6.0}}, {"type": "Feature", "geometry": {"type": "LineString", "coordinates": [[565446.0741343548, 5951400.454619165], [565492.9088518703, 5951402.265381057]]}, "properties": {"cycleway:left": "no", "cycleway:right": "separate", "highway": "secondary", "lanes": "2", "lit": "yes", "maxspeed": "50", "name": "Rathausallee", "oneway": "yes", "sidewalk:left": "no", "sidewalk:right": "separate", "surface": "asphalt", "turn:lanes": "left|through", "osm_id": 165120110, "tile_500": "NO_E565000_N5951000_500", "tile_250": "NO_E565250_N5951250_250", "LaneCount": 2, "DirectionMode": "one-way", "OSMWidthMeters": 14.0, "ScaledOSMWidthStuds": 49.999992, "GameplayMinimumStuds": 28.0, "FinalWidthStuds": 49.999992}}, {"type": "Feature", "geometry": {"type": "LineString", "coordinates": [[565385.1802149182, 5951406.971782957], [565420.3020985279, 5951401.285800186]]}, "properties": {"bridge": "yes", "cycleway:left": "no", "cycleway:right": "separate", "highway": "secondary", "lanes": "1", "layer": "1", "lit": "yes", "maxspeed": "50", "maxweight:signed": "no", "name": "Rathausallee", "oneway": "yes", "sidewalk:left": "no", "sidewalk:right": "separate", "surface": "asphalt", "osm_id": 165120111, "tile_500": "NO_E565000_N5951000_500", "tile_250": "NO_E565250_N5951250_250", "LaneCount": 1, "DirectionMode": "one-way", "OSMWidthMeters": 14.0, "ScaledOSMWidthStuds": 49.999992, "GameplayMinimumStuds": 14.0, "FinalWidthStuds": 49.999992}}, {"type": "Feature", "geometry": {"type": "LineString", "coordinates": [[565507.6826842404, 5951417.949530546], [565436.8651005066, 5951418.875161004]]}, "properties": {"bicycle": "designated", "cycleway:surface": "paving_stones", "cycleway:width": "1.5", "foot": "designated", "footway:surface": "paving_stones", "highway": "path", "lit": "yes", "segregated": "yes", "surface": "paving_stones", "osm_id": 165120193, "tile_500": "NO_E565000_N5951000_500", "tile_250": "NO_E565250_N5951250_250", "LaneCount": 2, "DirectionMode": "two-way", "OSMWidthMeters": 1.5, "ScaledOSMWidthStuds": 5.357142, "GameplayMinimumStuds": 6.0, "FinalWidthStuds": 6.0}}, {"type": "Feature", "geometry": {"type": "LineString", "coordinates": [[565422.5966031508, 5951415.226754614], [565387.5374587924, 5951419.734112891]]}, "properties": {"bridge": "yes", "cycleway:left": "no", "cycleway:right": "separate", "highway": "secondary", "lanes": "1", "layer": "1", "lit": "yes", "maxspeed": "50", "maxweight:signed": "no", "name": "Rathausallee", "oneway": "yes", "sidewalk:left": "no", "sidewalk:right": "separate", "surface": "asphalt", "osm_id": 165120194, "tile_500": "NO_E565000_N5951000_500", "tile_250": "NO_E565250_N5951250_250", "LaneCount": 1, "DirectionMode": "one-way", "OSMWidthMeters": 14.0, "ScaledOSMWidthStuds": 49.999992, "GameplayMinimumStuds": 14.0, "FinalWidthStuds": 49.999992}}, {"type": "Feature", "geometry": {"type": "LineString", "coordinates": [[565436.0500678355, 5951414.357290197], [565435.9029610602, 5951400.290497126]]}, "properties": {"highway": "service", "oneway": "yes", "surface": "asphalt", "osm_id": 165120195, "tile_500": "NO_E565000_N5951000_500", "tile_250": "NO_E565250_N5951250_250", "LaneCount": 1, "DirectionMode": "one-way", "OSMWidthMeters": 4.0, "ScaledOSMWidthStuds": 14.285712, "GameplayMinimumStuds": 14.0, "FinalWidthStuds": 14.285712}}, {"type": "Feature", "geometry": {"type": "LineString", "coordinates": [[565387.5374587924, 5951419.734112891], [565352.1732128231, 5951424.3487534635]]}, "properties": {"cycleway:left": "no", "cycleway:right": "separate", "highway": "secondary", "lane_markings": "no", "lit": "yes", "maxspeed": "50", "name": "Rathausallee", "oneway": "yes", "sidewalk:left": "no", "sidewalk:right": "separate", "surface": "asphalt", "osm_id": 165120196, "tile_500": "NO_E565000_N5951000_500", "tile_250": "NO_E565250_N5951250_250", "LaneCount": 1, "DirectionMode": "one-way", "OSMWidthMeters": 14.0, "ScaledOSMWidthStuds": 49.999992, "GameplayMinimumStuds": 14.0, "FinalWidthStuds": 49.999992}}, {"type": "Feature", "geometry": {"type": "LineString", "coordinates": [[565378.6443181933, 5951424.506133274], [565214.7307936591, 5951460.863160763]]}, "properties": {"bicycle": "designated", "cycleway:surface": "paving_stones", "foot": "designated", "footway:surface": "paving_stones", "highway": "path", "lit": "yes", "segregated": "yes", "surface": "paving_stones", "osm_id": 165120197, "tile_500": "NO_E565000_N5951000_500", "tile_250": "NO_E565250_N5951250_250", "LaneCount": 2, "DirectionMode": "two-way", "OSMWidthMeters": 1.5, "ScaledOSMWidthStuds": 5.357142, "GameplayMinimumStuds": 6.0, "FinalWidthStuds": 6.0}}, {"type": "Feature", "geometry": {"type": "LineString", "coordinates": [[565407.8668973143, 5951419.561268649], [565411.2052665082, 5951392.724573433], [565400.5790989707, 5951366.472106645]]}, "properties": {"foot": "yes", "highway": "path", "lit": "yes", "surface": "paving_stones", "osm_id": 165120612, "tile_500": "NO_E565000_N5951000_500", "tile_250": "NO_E565250_N5951250_250", "LaneCount": 2, "DirectionMode": "two-way", "OSMWidthMeters": 1.5, "ScaledOSMWidthStuds": 5.357142, "GameplayMinimumStuds": 6.0, "FinalWidthStuds": 6.0}}, {"type": "Feature", "geometry": {"type": "LineString", "coordinates": [[565405.9986933117, 5951426.656611546], [565407.8668973143, 5951419.561268649]]}, "properties": {"bridge": "yes", "foot": "yes", "highway": "path", "layer": "1", "surface": "paving_stones", "osm_id": 165120626, "tile_500": "NO_E565000_N5951000_500", "tile_250": "NO_E565250_N5951250_250", "LaneCount": 2, "DirectionMode": "two-way", "OSMWidthMeters": 1.5, "ScaledOSMWidthStuds": 5.357142, "GameplayMinimumStuds": 6.0, "FinalWidthStuds": 6.0}}, {"type": "Feature", "geometry": {"type": "LineString", "coordinates": [[565467.9543722767, 5951629.31199926], [565454.3744516763, 5951804.887372556], [565334.1836014831, 5951851.425954885]]}, "properties": {"access": "no", "bicycle": "yes", "foot": "yes", "highway": "path", "horse": "no", "lit": "no", "surface": "compacted", "trail_visibility": "excellent", "width": "2", "osm_id": 165120779, "tile_500": "NO_E565000_N5951500_500", "tile_250": "NO_E565250_N5951750_250", "LaneCount": 2, "DirectionMode": "two-way", "OSMWidthMeters": 2.0, "ScaledOSMWidthStuds": 7.142856, "GameplayMinimumStuds": 6.0, "FinalWidthStuds": 7.142856}}, {"type": "Feature", "geometry": {"type": "LineString", "coordinates": [[566019.8207012374, 5951210.59576178], [566184.0484779759, 5951286.482478207], [566296.1254276349, 5951237.858785798], [566360.946385268, 5951273.714572317], [566452.6817619328, 5951410.798389312]]}, "properties": {"bicycle": "designated", "foot": "designated", "highway": "path", "surface": "compacted", "osm_id": 165303189, "tile_500": "NO_E566000_N5951000_500", "tile_250": "NO_E566250_N5951250_250", "LaneCount": 2, "DirectionMode": "two-way", "OSMWidthMeters": 1.5, "ScaledOSMWidthStuds": 5.357142, "GameplayMinimumStuds": 6.0, "FinalWidthStuds": 6.0}}, {"type": "Feature", "geometry": {"type": "LineString", "coordinates": [[566536.8357446601, 5951454.118750373], [566538.7825054963, 5951528.1869256785]]}, "properties": {"cycleway": "track", "highway": "tertiary", "lanes": "1", "lit": "yes", "maxspeed": "50", "name": "Falkenbergstra\u00dfe", "oneway": "no", "sidewalk": "both", "sidewalk:both:surface": "paving_stones", "surface": "asphalt", "osm_id": 165303190, "tile_500": "NO_E566500_N5951000_500", "tile_250": "NO_E566500_N5951250_250", "LaneCount": 1, "DirectionMode": "two-way", "OSMWidthMeters": 12.0, "ScaledOSMWidthStuds": 42.857136, "GameplayMinimumStuds": 14.0, "FinalWidthStuds": 42.857136}}, {"type": "Feature", "geometry": {"type": "LineString", "coordinates": [[566492.4553362718, 5951453.389420418], [566431.4636899367, 5951479.308641834]]}, "properties": {"highway": "service", "osm_id": 165303191, "tile_500": "NO_E566000_N5951000_500", "tile_250": "NO_E566250_N5951250_250", "LaneCount": 2, "DirectionMode": "two-way", "OSMWidthMeters": 4.0, "ScaledOSMWidthStuds": 14.285712, "GameplayMinimumStuds": 28.0, "FinalWidthStuds": 28.0}}, {"type": "Feature", "geometry": {"type": "LineString", "coordinates": [[566452.6817619328, 5951410.798389312], [566456.8754894544, 5951431.198350206], [566429.6792261249, 5951473.853291348], [566456.9194380523, 5951518.046941728]]}, "properties": {"bicycle": "yes", "foot": "yes", "highway": "path", "surface": "compacted", "osm_id": 165303192, "tile_500": "NO_E566000_N5951000_500", "tile_250": "NO_E566250_N5951250_250", "LaneCount": 2, "DirectionMode": "two-way", "OSMWidthMeters": 1.5, "ScaledOSMWidthStuds": 5.357142, "GameplayMinimumStuds": 6.0, "FinalWidthStuds": 6.0}}, {"type": "Feature", "geometry": {"type": "LineString", "coordinates": [[565938.4603965387, 5951076.370497386], [565961.9031344987, 5951096.250458871], [566002.0540670719, 5951210.612862598]]}, "properties": {"highway": "residential", "lit": "yes", "maxspeed": "30", "name": "Spreenweg", "sidewalk": "no", "surface": "asphalt", "osm_id": 165305789, "tile_500": "NO_E565500_N5951000_500", "tile_250": "NO_E565750_N5951000_250", "LaneCount": 2, "DirectionMode": "two-way", "OSMWidthMeters": 6.0, "ScaledOSMWidthStuds": 21.428568, "GameplayMinimumStuds": 28.0, "FinalWidthStuds": 28.0}}, {"type": "Feature", "geometry": {"type": "LineString", "coordinates": [[565790.4334812575, 5951085.03040763], [565740.9044889755, 5950893.58302606]]}, "properties": {"highway": "residential", "maxspeed": "30", "name": "Kiebitzreihe", "osm_id": 165305790, "tile_500": "NO_E565500_N5950500_500", "tile_250": "NO_E565750_N5950750_250", "LaneCount": 2, "DirectionMode": "two-way", "OSMWidthMeters": 6.0, "ScaledOSMWidthStuds": 21.428568, "GameplayMinimumStuds": 28.0, "FinalWidthStuds": 28.0}}, {"type": "Feature", "geometry": {"type": "LineString", "coordinates": [[565947.6595894686, 5951057.427776712], [565977.28593531, 5951050.74510398]]}, "properties": {"bicycle": "yes", "foot": "yes", "highway": "path", "lit": "no", "surface": "compacted", "osm_id": 165305791, "tile_500": "NO_E565500_N5951000_500", "tile_250": "NO_E565750_N5951000_250", "LaneCount": 2, "DirectionMode": "two-way", "OSMWidthMeters": 1.5, "ScaledOSMWidthStuds": 5.357142, "GameplayMinimumStuds": 6.0, "FinalWidthStuds": 6.0}}, {"type": "Feature", "geometry": {"type": "LineString", "coordinates": [[566495.2528257448, 5950980.655760807], [566515.1537397817, 5950935.405245618], [566639.4336069392, 5950845.691645188]]}, "properties": {"cycleway:left": "no", "cycleway:right": "track", "highway": "tertiary", "lanes": "2", "lit": "yes", "maxspeed": "30", "name": "Am Exerzierplatz", "sidewalk:both": "separate", "surface": "asphalt", "osm_id": 165305792, "tile_500": "NO_E566500_N5950500_500", "tile_250": "NO_E566500_N5950750_250", "LaneCount": 2, "DirectionMode": "two-way", "OSMWidthMeters": 12.0, "ScaledOSMWidthStuds": 42.857136, "GameplayMinimumStuds": 28.0, "FinalWidthStuds": 42.857136}}, {"type": "Feature", "geometry": {"type": "LineString", "coordinates": [[566457.2544119192, 5950966.742538054], [566329.2991852167, 5950703.6430922765]]}, "properties": {"cycleway": "track", "highway": "residential", "lit": "yes", "maxspeed": "30", "name": "Fadens Tannen", "oneway": "no", "surface": "asphalt", "osm_id": 165305793, "tile_500": "NO_E566000_N5950500_500", "tile_250": "NO_E566250_N5950750_250", "LaneCount": 2, "DirectionMode": "two-way", "OSMWidthMeters": 6.0, "ScaledOSMWidthStuds": 21.428568, "GameplayMinimumStuds": 28.0, "FinalWidthStuds": 28.0}}, {"type": "Feature", "geometry": {"type": "LineString", "coordinates": [[566497.0332238585, 5951028.338856821], [566495.2528257448, 5950980.655760807]]}, "properties": {"highway": "tertiary", "lanes": "2", "lit": "yes", "maxspeed": "50", "name": "Am Exerzierplatz", "sidewalk:both": "separate", "surface": "asphalt", "osm_id": 165305794, "tile_500": "NO_E566000_N5951000_500", "tile_250": "NO_E566250_N5951000_250", "LaneCount": 2, "DirectionMode": "two-way", "OSMWidthMeters": 12.0, "ScaledOSMWidthStuds": 42.857136, "GameplayMinimumStuds": 28.0, "FinalWidthStuds": 42.857136}}, {"type": "Feature", "geometry": {"type": "LineString", "coordinates": [[565494.1471115453, 5951393.959541844], [565508.7384364136, 5951394.819752635]]}, "properties": {"cycleway:surface": "paving_stones", "foot": "yes", "footway:surface": "paving_stones", "highway": "cycleway", "lit": "yes", "segregated": "yes", "surface": "paving_stones", "osm_id": 165332344, "tile_500": "NO_E565500_N5951000_500", "tile_250": "NO_E565500_N5951250_250", "LaneCount": 2, "DirectionMode": "two-way", "OSMWidthMeters": 2.5, "ScaledOSMWidthStuds": 8.92857, "GameplayMinimumStuds": 9.0, "FinalWidthStuds": 9.0}}, {"type": "Feature", "geometry": {"type": "LineString", "coordinates": [[565521.5584014731, 5951622.727530156], [565497.3328075365, 5951875.065208772]]}, "properties": {"bicycle": "designated", "check_date:segregated": "2023-06-23", "foot": "designated", "highway": "path", "lit": "yes", "segregated": "no", "surface": "paving_stones", "osm_id": 165332617, "tile_500": "NO_E565500_N5951500_500", "tile_250": "NO_E565500_N5951500_250", "LaneCount": 2, "DirectionMode": "two-way", "OSMWidthMeters": 1.5, "ScaledOSMWidthStuds": 5.357142, "GameplayMinimumStuds": 6.0, "FinalWidthStuds": 6.0}}, {"type": "Feature", "geometry": {"type": "LineString", "coordinates": [[565500.4641199597, 5951892.389441028], [565492.7883974366, 5951914.981719567]]}, "properties": {"bicycle": "designated", "foot": "designated", "highway": "path", "lit": "yes", "segregated": "no", "surface": "paving_stones", "osm_id": 165332762, "tile_500": "NO_E565000_N5951500_500", "tile_250": "NO_E565250_N5951750_250", "LaneCount": 2, "DirectionMode": "two-way", "OSMWidthMeters": 1.5, "ScaledOSMWidthStuds": 5.357142, "GameplayMinimumStuds": 6.0, "FinalWidthStuds": 6.0}}, {"type": "Feature", "geometry": {"type": "LineString", "coordinates": [[566247.9668385832, 5951138.446873232], [566499.3083929637, 5951120.30416921]]}, "properties": {"cycleway:both": "separate", "highway": "secondary", "lanes": "2", "lit": "yes", "maxspeed": "50", "name": "Alter Kirchenweg", "sidewalk:both": "separate", "sidewalk:right:surface": "paving_stones", "surface": "asphalt", "osm_id": 165525896, "tile_500": "NO_E566000_N5951000_500", "tile_250": "NO_E566250_N5951000_250", "LaneCount": 2, "DirectionMode": "two-way", "OSMWidthMeters": 14.0, "ScaledOSMWidthStuds": 49.999992, "GameplayMinimumStuds": 28.0, "FinalWidthStuds": 49.999992}}, {"type": "Feature", "geometry": {"type": "LineString", "coordinates": [[565429.3346873862, 5951999.953551371], [565443.9981765179, 5952019.163327768], [565442.0000919743, 5952107.496393063]]}, "properties": {"highway": "service", "source": "Bing", "osm_id": 166108167, "tile_500": "NO_E565000_N5952000_500", "tile_250": "NO_E565250_N5952000_250", "LaneCount": 2, "DirectionMode": "two-way", "OSMWidthMeters": 4.0, "ScaledOSMWidthStuds": 14.285712, "GameplayMinimumStuds": 28.0, "FinalWidthStuds": 28.0}}, {"type": "Feature", "geometry": {"type": "LineString", "coordinates": [[565325.6471743092, 5952137.7984091705], [565405.9629729182, 5952117.653598758]]}, "properties": {"highway": "service", "service": "parking_aisle", "osm_id": 166108168, "tile_500": "NO_E565000_N5952000_500", "tile_250": "NO_E565250_N5952000_250", "LaneCount": 2, "DirectionMode": "two-way", "OSMWidthMeters": 4.0, "ScaledOSMWidthStuds": 14.285712, "GameplayMinimumStuds": 28.0, "FinalWidthStuds": 28.0}}, {"type": "Feature", "geometry": {"type": "LineString", "coordinates": [[565342.7768776417, 5952060.992434504], [565308.5937364278, 5952062.196587502]]}, "properties": {"highway": "service", "service": "parking_aisle", "source": "Bing", "osm_id": 166108182, "tile_500": "NO_E565000_N5952000_500", "tile_250": "NO_E565250_N5952000_250", "LaneCount": 2, "DirectionMode": "two-way", "OSMWidthMeters": 4.0, "ScaledOSMWidthStuds": 14.285712, "GameplayMinimumStuds": 28.0, "FinalWidthStuds": 28.0}}, {"type": "Feature", "geometry": {"type": "LineString", "coordinates": [[565308.5937364278, 5952062.196587502], [565304.8521083123, 5952070.178314367], [565296.9412726366, 5952066.596507791], [565301.0399851252, 5952059.042578507], [565308.5937364278, 5952062.196587502]]}, "properties": {"highway": "service", "service": "parking_aisle", "source": "Bing", "osm_id": 166108182, "tile_500": "NO_E565000_N5952000_500", "tile_250": "NO_E565250_N5952000_250", "LaneCount": 2, "DirectionMode": "two-way", "OSMWidthMeters": 4.0, "ScaledOSMWidthStuds": 14.285712, "GameplayMinimumStuds": 28.0, "FinalWidthStuds": 28.0}}, {"type": "Feature", "geometry": {"type": "LineString", "coordinates": [[565495.5806463835, 5952159.874363089], [565491.9652146007, 5952016.494630172], [565481.9501453476, 5951993.421692129]]}, "properties": {"bicycle": "designated", "check_date:segregated": "2023-06-23", "foot": "designated", "highway": "path", "lit": "yes", "segregated": "no", "surface": "asphalt", "osm_id": 168436846, "tile_500": "NO_E565000_N5952000_500", "tile_250": "NO_E565250_N5952000_250", "LaneCount": 2, "DirectionMode": "two-way", "OSMWidthMeters": 1.5, "ScaledOSMWidthStuds": 5.357142, "GameplayMinimumStuds": 6.0, "FinalWidthStuds": 6.0}}, {"type": "Feature", "geometry": {"type": "LineString", "coordinates": [[566042.1457359395, 5951196.299930872], [566178.7032077161, 5951150.566182801]]}, "properties": {"cycleway:left": "no", "cycleway:right": "lane", "cycleway:right:lane": "advisory", "highway": "secondary", "lanes": "2", "lit": "yes", "maxspeed": "50", "name": "Alter Kirchenweg", "sidewalk:left": "separate", "sidewalk:right": "yes", "sidewalk:right:surface": "paving_stones", "surface": "asphalt", "osm_id": 170933744, "tile_500": "NO_E566000_N5951000_500", "tile_250": "NO_E566000_N5951000_250", "LaneCount": 2, "DirectionMode": "two-way", "OSMWidthMeters": 14.0, "ScaledOSMWidthStuds": 49.999992, "GameplayMinimumStuds": 28.0, "FinalWidthStuds": 49.999992}}, {"type": "Feature", "geometry": {"type": "LineString", "coordinates": [[566822.8740401862, 5950994.233880475], [566880.7786252217, 5950877.911309471]]}, "properties": {"bicycle": "designated", "foot": "designated", "highway": "path", "surface": "paved", "width": "2.0", "osm_id": 170989299, "tile_500": "NO_E566500_N5950500_500", "tile_250": "NO_E566750_N5950750_250", "LaneCount": 2, "DirectionMode": "two-way", "OSMWidthMeters": 2.0, "ScaledOSMWidthStuds": 7.142856, "GameplayMinimumStuds": 6.0, "FinalWidthStuds": 7.142856}}, {"type": "Feature", "geometry": {"type": "LineString", "coordinates": [[566814.6666251814, 5950989.632734324], [566807.8453373099, 5951001.753312532], [566832.8016113167, 5951015.739553876]]}, "properties": {"highway": "service", "service": "parking_aisle", "source": "Bing", "osm_id": 170989300, "tile_500": "NO_E566500_N5951000_500", "tile_250": "NO_E566750_N5951000_250", "LaneCount": 2, "DirectionMode": "two-way", "OSMWidthMeters": 4.0, "ScaledOSMWidthStuds": 14.285712, "GameplayMinimumStuds": 28.0, "FinalWidthStuds": 28.0}}, {"type": "Feature", "geometry": {"type": "LineString", "coordinates": [[566665.7014486877, 5950861.331293001], [566697.9506983582, 5950886.291700793], [566712.3042937075, 5950840.351137137]]}, "properties": {"fixme": "access?", "foot": "yes", "highway": "footway", "lit": "yes", "source": "Bing", "osm_id": 170989304, "tile_500": "NO_E566500_N5950500_500", "tile_250": "NO_E566500_N5950750_250", "LaneCount": 2, "DirectionMode": "two-way", "OSMWidthMeters": 2.0, "ScaledOSMWidthStuds": 7.142856, "GameplayMinimumStuds": 7.0, "FinalWidthStuds": 7.142856}}, {"type": "Feature", "geometry": {"type": "LineString", "coordinates": [[566688.4299933272, 5950890.451496253], [566684.7214164629, 5950896.808074158]]}, "properties": {"foot": "yes", "highway": "footway", "lit": "yes", "source": "Bing", "osm_id": 170989305, "tile_500": "NO_E566500_N5950500_500", "tile_250": "NO_E566500_N5950750_250", "LaneCount": 2, "DirectionMode": "two-way", "OSMWidthMeters": 2.0, "ScaledOSMWidthStuds": 7.142856, "GameplayMinimumStuds": 7.0, "FinalWidthStuds": 7.142856}}, {"type": "Feature", "geometry": {"type": "LineString", "coordinates": [[565513.9705230577, 5951395.048588618], [565514.706339618, 5951381.594984594]]}, "properties": {"highway": "footway", "lit": "yes", "surface": "paving_stones", "osm_id": 174648395, "tile_500": "NO_E565500_N5951000_500", "tile_250": "NO_E565500_N5951250_250", "LaneCount": 2, "DirectionMode": "two-way", "OSMWidthMeters": 2.0, "ScaledOSMWidthStuds": 7.142856, "GameplayMinimumStuds": 7.0, "FinalWidthStuds": 7.142856}}, {"type": "Feature", "geometry": {"type": "LineString", "coordinates": [[565499.6325841655, 5951394.481205376], [565500.5775597974, 5951381.175173212]]}, "properties": {"highway": "footway", "lit": "yes", "surface": "paving_stones", "osm_id": 174648396, "tile_500": "NO_E565500_N5951000_500", "tile_250": "NO_E565500_N5951250_250", "LaneCount": 2, "DirectionMode": "two-way", "OSMWidthMeters": 2.0, "ScaledOSMWidthStuds": 7.142856, "GameplayMinimumStuds": 7.0, "FinalWidthStuds": 7.142856}}, {"type": "Feature", "geometry": {"type": "LineString", "coordinates": [[565529.6920675852, 5951488.458227171], [565527.9468721653, 5951536.837064427], [565568.9754544, 5951538.311598707], [565568.5097244348, 5951551.323887918], [565527.4812560295, 5951549.849356835], [565527.0283015158, 5951562.427866476], [565568.0566598871, 5951563.902394442], [565567.6453904967, 5951575.379894664], [565526.2952821593, 5951582.769233808], [565573.9019562288, 5951584.480354292]]}, "properties": {"highway": "service", "layer": "-1", "level": "-1", "lit": "yes", "maxheight": "1.85", "maxspeed": "10", "oneway": "no", "service": "parking_aisle", "smoothness": "good", "surface": "asphalt", "osm_id": 174676137, "tile_500": "NO_E565500_N5951500_500", "tile_250": "NO_E565500_N5951500_250", "LaneCount": 2, "DirectionMode": "two-way", "OSMWidthMeters": 4.0, "ScaledOSMWidthStuds": 14.285712, "GameplayMinimumStuds": 28.0, "FinalWidthStuds": 28.0}}, {"type": "Feature", "geometry": {"type": "LineString", "coordinates": [[566303.3070474946, 5952126.3795957025], [566289.1840269458, 5952121.039207805], [566281.6941550833, 5952093.79406601]]}, "properties": {"access": "private", "bicycle": "private", "highway": "footway", "name": "Walter-Gropius-Weg", "osm_id": 178703605, "tile_500": "NO_E566000_N5952000_500", "tile_250": "NO_E566250_N5952000_250", "LaneCount": 2, "DirectionMode": "two-way", "OSMWidthMeters": 2.0, "ScaledOSMWidthStuds": 7.142856, "GameplayMinimumStuds": 7.0, "FinalWidthStuds": 7.142856}}, {"type": "Feature", "geometry": {"type": "LineString", "coordinates": [[566115.787506253, 5952198.16267708], [566171.8323420858, 5952182.417944353]]}, "properties": {"access": "private", "bicycle": "private", "highway": "footway", "motor_vehicle": "no", "osm_id": 178703607, "tile_500": "NO_E566000_N5952000_500", "tile_250": "NO_E566000_N5952000_250", "LaneCount": 2, "DirectionMode": "two-way", "OSMWidthMeters": 2.0, "ScaledOSMWidthStuds": 7.142856, "GameplayMinimumStuds": 7.0, "FinalWidthStuds": 7.142856}}, {"type": "Feature", "geometry": {"type": "LineString", "coordinates": [[566168.6762513063, 5952157.214777818], [566203.696796288, 5952147.638794721], [566195.3838539404, 5952117.411214969]]}, "properties": {"access": "private", "bicycle": "private", "highway": "footway", "motor_vehicle": "no", "name": "Walter-Gropius-Weg", "osm_id": 178703610, "tile_500": "NO_E566000_N5952000_500", "tile_250": "NO_E566000_N5952000_250", "LaneCount": 2, "DirectionMode": "two-way", "OSMWidthMeters": 2.0, "ScaledOSMWidthStuds": 7.142856, "GameplayMinimumStuds": 7.0, "FinalWidthStuds": 7.142856}}, {"type": "Feature", "geometry": {"type": "LineString", "coordinates": [[566424.1876519183, 5952096.176920795], [566400.306530484, 5952095.1711721225]]}, "properties": {"access": "private", "bicycle": "private", "highway": "footway", "name": "E.-Howard-Weg", "osm_id": 178703611, "tile_500": "NO_E566000_N5952000_500", "tile_250": "NO_E566250_N5952000_250", "LaneCount": 2, "DirectionMode": "two-way", "OSMWidthMeters": 2.0, "ScaledOSMWidthStuds": 7.142856, "GameplayMinimumStuds": 7.0, "FinalWidthStuds": 7.142856}}, {"type": "Feature", "geometry": {"type": "LineString", "coordinates": [[566476.7634950292, 5952081.777565836], [566454.0111171782, 5952081.699974908]]}, "properties": {"access": "private", "bicycle": "private", "highway": "footway", "name": "E.-Howard-Weg", "osm_id": 178703616, "tile_500": "NO_E566000_N5952000_500", "tile_250": "NO_E566250_N5952000_250", "LaneCount": 2, "DirectionMode": "two-way", "OSMWidthMeters": 2.0, "ScaledOSMWidthStuds": 7.142856, "GameplayMinimumStuds": 7.0, "FinalWidthStuds": 7.142856}}, {"type": "Feature", "geometry": {"type": "LineString", "coordinates": [[566288.6395099122, 5952127.807992612], [566289.1840269458, 5952121.039207805]]}, "properties": {"access": "private", "bicycle": "private", "highway": "footway", "name": "Walter-Gropius-Weg", "osm_id": 178703619, "tile_500": "NO_E566000_N5952000_500", "tile_250": "NO_E566250_N5952000_250", "LaneCount": 2, "DirectionMode": "two-way", "OSMWidthMeters": 2.0, "ScaledOSMWidthStuds": 7.142856, "GameplayMinimumStuds": 7.0, "FinalWidthStuds": 7.142856}}, {"type": "Feature", "geometry": {"type": "LineString", "coordinates": [[566244.2457059639, 5952137.36223624], [566243.6975685095, 5952104.19537201]]}, "properties": {"access": "private", "bicycle": "private", "highway": "footway", "name": "Walter-Gropius-Weg", "osm_id": 178703620, "tile_500": "NO_E566000_N5952000_500", "tile_250": "NO_E566000_N5952000_250", "LaneCount": 2, "DirectionMode": "two-way", "OSMWidthMeters": 2.0, "ScaledOSMWidthStuds": 7.142856, "GameplayMinimumStuds": 7.0, "FinalWidthStuds": 7.142856}}, {"type": "Feature", "geometry": {"type": "LineString", "coordinates": [[565724.1859311129, 5951814.546022145], [565681.6020890352, 5951793.253033871]]}, "properties": {"bicycle": "yes", "highway": "footway", "lit": "yes", "motor_vehicle": "permissive", "osm_id": 178872374, "tile_500": "NO_E565500_N5951500_500", "tile_250": "NO_E565500_N5951750_250", "LaneCount": 2, "DirectionMode": "two-way", "OSMWidthMeters": 2.0, "ScaledOSMWidthStuds": 7.142856, "GameplayMinimumStuds": 7.0, "FinalWidthStuds": 7.142856}}, {"type": "Feature", "geometry": {"type": "LineString", "coordinates": [[566174.1801335451, 5952093.666983706], [566245.5067561934, 5952078.450275968]]}, "properties": {"access": "private", "highway": "footway", "osm_id": 179028206, "tile_500": "NO_E566000_N5952000_500", "tile_250": "NO_E566000_N5952000_250", "LaneCount": 2, "DirectionMode": "two-way", "OSMWidthMeters": 2.0, "ScaledOSMWidthStuds": 7.142856, "GameplayMinimumStuds": 7.0, "FinalWidthStuds": 7.142856}}, {"type": "Feature", "geometry": {"type": "LineString", "coordinates": [[566166.4009490979, 5952003.115223285], [566177.0279901682, 5952063.051674098], [566243.0715925026, 5952054.1029066425]]}, "properties": {"access": "private", "highway": "footway", "osm_id": 179028225, "tile_500": "NO_E566000_N5952000_500", "tile_250": "NO_E566000_N5952000_250", "LaneCount": 2, "DirectionMode": "two-way", "OSMWidthMeters": 2.0, "ScaledOSMWidthStuds": 7.142856, "GameplayMinimumStuds": 7.0, "FinalWidthStuds": 7.142856}}, {"type": "Feature", "geometry": {"type": "LineString", "coordinates": [[566307.5708273249, 5952086.715671642], [566296.0530236334, 5952021.736791291], [566305.7808562445, 5952020.016039751], [566291.2547973945, 5951968.436346064]]}, "properties": {"access": "private", "foot": "yes", "highway": "footway", "lit": "yes", "osm_id": 179034651, "tile_500": "NO_E566000_N5952000_500", "tile_250": "NO_E566250_N5952000_250", "LaneCount": 2, "DirectionMode": "two-way", "OSMWidthMeters": 2.0, "ScaledOSMWidthStuds": 7.142856, "GameplayMinimumStuds": 7.0, "FinalWidthStuds": 7.142856}}, {"type": "Feature", "geometry": {"type": "LineString", "coordinates": [[566263.1158730944, 5952050.569377376], [566279.3036430897, 5952042.474914918], [566269.4274161749, 5951972.934894821]]}, "properties": {"access": "private", "foot": "yes", "highway": "footway", "lit": "yes", "osm_id": 179034652, "tile_500": "NO_E566000_N5952000_500", "tile_250": "NO_E566250_N5952000_250", "LaneCount": 2, "DirectionMode": "two-way", "OSMWidthMeters": 2.0, "ScaledOSMWidthStuds": 7.142856, "GameplayMinimumStuds": 7.0, "FinalWidthStuds": 7.142856}}, {"type": "Feature", "geometry": {"type": "LineString", "coordinates": [[566380.991546156, 5952000.527771559], [566395.0887818867, 5952036.623723936]]}, "properties": {"highway": "footway", "lit": "yes", "osm_id": 179041315, "tile_500": "NO_E566000_N5952000_500", "tile_250": "NO_E566250_N5952000_250", "LaneCount": 2, "DirectionMode": "two-way", "OSMWidthMeters": 2.0, "ScaledOSMWidthStuds": 7.142856, "GameplayMinimumStuds": 7.0, "FinalWidthStuds": 7.142856}}, {"type": "Feature", "geometry": {"type": "LineString", "coordinates": [[566400.2361287151, 5951947.189159373], [566424.8242598316, 5952033.973587966]]}, "properties": {"highway": "footway", "lit": "yes", "osm_id": 179041316, "tile_500": "NO_E566000_N5951500_500", "tile_250": "NO_E566250_N5951750_250", "LaneCount": 2, "DirectionMode": "two-way", "OSMWidthMeters": 2.0, "ScaledOSMWidthStuds": 7.142856, "GameplayMinimumStuds": 7.0, "FinalWidthStuds": 7.142856}}, {"type": "Feature", "geometry": {"type": "LineString", "coordinates": [[566387.8969990669, 5952025.661759805], [566379.2956342971, 5952028.010279469], [566389.2906498001, 5952030.733245664]]}, "properties": {"highway": "footway", "lit": "yes", "osm_id": 179041317, "tile_500": "NO_E566000_N5952000_500", "tile_250": "NO_E566250_N5952000_250", "LaneCount": 2, "DirectionMode": "two-way", "OSMWidthMeters": 2.0, "ScaledOSMWidthStuds": 7.142856, "GameplayMinimumStuds": 7.0, "FinalWidthStuds": 7.142856}}, {"type": "Feature", "geometry": {"type": "LineString", "coordinates": [[566392.7403726695, 5951933.908426159], [566397.1192921845, 5951941.670445756]]}, "properties": {"highway": "footway", "osm_id": 179041318, "tile_500": "NO_E566000_N5951500_500", "tile_250": "NO_E566250_N5951750_250", "LaneCount": 2, "DirectionMode": "two-way", "OSMWidthMeters": 2.0, "ScaledOSMWidthStuds": 7.142856, "GameplayMinimumStuds": 7.0, "FinalWidthStuds": 7.142856}}, {"type": "Feature", "geometry": {"type": "LineString", "coordinates": [[566419.7960886591, 5952015.664858729], [566481.7956376923, 5951998.717323294]]}, "properties": {"highway": "footway", "lit": "yes", "osm_id": 179041319, "tile_500": "NO_E566000_N5952000_500", "tile_250": "NO_E566250_N5952000_250", "LaneCount": 2, "DirectionMode": "two-way", "OSMWidthMeters": 2.0, "ScaledOSMWidthStuds": 7.142856, "GameplayMinimumStuds": 7.0, "FinalWidthStuds": 7.142856}}, {"type": "Feature", "geometry": {"type": "LineString", "coordinates": [[566397.1192921845, 5951941.670445756], [566400.2361287151, 5951947.189159373]]}, "properties": {"bridge": "yes", "highway": "footway", "layer": "1", "osm_id": 179041320, "tile_500": "NO_E566000_N5951500_500", "tile_250": "NO_E566250_N5951750_250", "LaneCount": 2, "DirectionMode": "two-way", "OSMWidthMeters": 2.0, "ScaledOSMWidthStuds": 7.142856, "GameplayMinimumStuds": 7.0, "FinalWidthStuds": 7.142856}}, {"type": "Feature", "geometry": {"type": "LineString", "coordinates": [[566330.8870393289, 5952014.239886808], [566409.6966393127, 5951981.617200093]]}, "properties": {"highway": "footway", "lit": "yes", "osm_id": 179041321, "tile_500": "NO_E566000_N5951500_500", "tile_250": "NO_E566250_N5951750_250", "LaneCount": 2, "DirectionMode": "two-way", "OSMWidthMeters": 2.0, "ScaledOSMWidthStuds": 7.142856, "GameplayMinimumStuds": 7.0, "FinalWidthStuds": 7.142856}}, {"type": "Feature", "geometry": {"type": "LineString", "coordinates": [[565733.9856507175, 5950810.577525762], [565747.8896735385, 5950732.437008762], [565705.5669270499, 5950724.800744056]]}, "properties": {"highway": "residential", "name": "Eisvogelweg", "osm_id": 179890469, "tile_500": "NO_E565500_N5950500_500", "tile_250": "NO_E565500_N5950750_250", "LaneCount": 2, "DirectionMode": "two-way", "OSMWidthMeters": 6.0, "ScaledOSMWidthStuds": 21.428568, "GameplayMinimumStuds": 28.0, "FinalWidthStuds": 28.0}}, {"type": "Feature", "geometry": {"type": "LineString", "coordinates": [[566142.7264582779, 5951162.354458115], [566169.9397349372, 5951228.911621722], [566204.1969692685, 5951214.9628776405]]}, "properties": {"highway": "residential", "lit": "yes", "name": "Lerchenwinkel", "osm_id": 179890470, "tile_500": "NO_E566000_N5951000_500", "tile_250": "NO_E566000_N5951000_250", "LaneCount": 2, "DirectionMode": "two-way", "OSMWidthMeters": 6.0, "ScaledOSMWidthStuds": 21.428568, "GameplayMinimumStuds": 28.0, "FinalWidthStuds": 28.0}}, {"type": "Feature", "geometry": {"type": "LineString", "coordinates": [[566258.8512301103, 5951200.823899803], [566254.6559789816, 5951211.31325116]]}, "properties": {"highway": "footway", "lit": "yes", "osm_id": 179890472, "tile_500": "NO_E566000_N5951000_500", "tile_250": "NO_E566250_N5951000_250", "LaneCount": 2, "DirectionMode": "two-way", "OSMWidthMeters": 2.0, "ScaledOSMWidthStuds": 7.142856, "GameplayMinimumStuds": 7.0, "FinalWidthStuds": 7.142856}}, {"type": "Feature", "geometry": {"type": "LineString", "coordinates": [[565263.4014856755, 5951432.682432453], [565261.8690898742, 5951442.230474639]]}, "properties": {"cycleway:left": "no", "cycleway:right": "separate", "highway": "residential", "lanes": "1", "lit": "yes", "maxspeed": "50", "name": "Buckh\u00f6rner Moor", "oneway": "yes", "sidewalk:left": "no", "sidewalk:right": "separate", "surface": "asphalt", "osm_id": 195425941, "tile_500": "NO_E565000_N5951000_500", "tile_250": "NO_E565250_N5951250_250", "LaneCount": 1, "DirectionMode": "one-way", "OSMWidthMeters": 6.0, "ScaledOSMWidthStuds": 21.428568, "GameplayMinimumStuds": 14.0, "FinalWidthStuds": 21.428568}}, {"type": "Feature", "geometry": {"type": "LineString", "coordinates": [[565363.9797568349, 5951162.101335085], [565389.3864221307, 5951098.040193327]]}, "properties": {"highway": "path", "surface": "paving_stones", "osm_id": 203954528, "tile_500": "NO_E565000_N5951000_500", "tile_250": "NO_E565250_N5951000_250", "LaneCount": 2, "DirectionMode": "two-way", "OSMWidthMeters": 1.5, "ScaledOSMWidthStuds": 5.357142, "GameplayMinimumStuds": 6.0, "FinalWidthStuds": 6.0}}, {"type": "Feature", "geometry": {"type": "LineString", "coordinates": [[565433.122215804, 5951206.294069826], [565476.0502088489, 5951202.442049601]]}, "properties": {"bicycle": "yes", "highway": "footway", "lit": "yes", "osm_id": 203954529, "tile_500": "NO_E565000_N5951000_500", "tile_250": "NO_E565250_N5951000_250", "LaneCount": 2, "DirectionMode": "two-way", "OSMWidthMeters": 2.0, "ScaledOSMWidthStuds": 7.142856, "GameplayMinimumStuds": 7.0, "FinalWidthStuds": 7.142856}}, {"type": "Feature", "geometry": {"type": "LineString", "coordinates": [[565399.7543757571, 5951066.605805085], [565389.3864221307, 5951098.040193327], [565395.9680867342, 5951104.730324355]]}, "properties": {"highway": "service", "oneway": "no", "service": "driveway", "osm_id": 203954530, "tile_500": "NO_E565000_N5951000_500", "tile_250": "NO_E565250_N5951000_250", "LaneCount": 2, "DirectionMode": "two-way", "OSMWidthMeters": 4.0, "ScaledOSMWidthStuds": 14.285712, "GameplayMinimumStuds": 28.0, "FinalWidthStuds": 28.0}}, {"type": "Feature", "geometry": {"type": "LineString", "coordinates": [[566570.6460465352, 5951635.872055765], [566589.0507019568, 5951656.841030298]]}, "properties": {"highway": "footway", "lit": "yes", "surface": "compacted", "osm_id": 203956793, "tile_500": "NO_E566500_N5951500_500", "tile_250": "NO_E566500_N5951500_250", "LaneCount": 2, "DirectionMode": "two-way", "OSMWidthMeters": 2.0, "ScaledOSMWidthStuds": 7.142856, "GameplayMinimumStuds": 7.0, "FinalWidthStuds": 7.142856}}, {"type": "Feature", "geometry": {"type": "LineString", "coordinates": [[566816.8172799998, 5951852.002188383], [566810.320910703, 5951796.429211543]]}, "properties": {"highway": "service", "osm_id": 203956794, "tile_500": "NO_E566500_N5951500_500", "tile_250": "NO_E566750_N5951750_250", "LaneCount": 2, "DirectionMode": "two-way", "OSMWidthMeters": 4.0, "ScaledOSMWidthStuds": 14.285712, "GameplayMinimumStuds": 28.0, "FinalWidthStuds": 28.0}}, {"type": "Feature", "geometry": {"type": "LineString", "coordinates": [[566568.4091622597, 5951660.921093781], [566678.2160905164, 5951645.823012407], [566688.5748443464, 5951660.157478698]]}, "properties": {"highway": "footway", "lit": "yes", "surface": "compacted", "osm_id": 203956796, "tile_500": "NO_E566500_N5951500_500", "tile_250": "NO_E566500_N5951500_250", "LaneCount": 2, "DirectionMode": "two-way", "OSMWidthMeters": 2.0, "ScaledOSMWidthStuds": 7.142856, "GameplayMinimumStuds": 7.0, "FinalWidthStuds": 7.142856}}, {"type": "Feature", "geometry": {"type": "LineString", "coordinates": [[566788.5150833826, 5951927.286686769], [566808.475724259, 5951911.158231289], [566816.8172799998, 5951852.002188383]]}, "properties": {"highway": "path", "surface": "compacted", "osm_id": 203956797, "tile_500": "NO_E566500_N5951500_500", "tile_250": "NO_E566750_N5951750_250", "LaneCount": 2, "DirectionMode": "two-way", "OSMWidthMeters": 1.5, "ScaledOSMWidthStuds": 5.357142, "GameplayMinimumStuds": 6.0, "FinalWidthStuds": 6.0}}, {"type": "Feature", "geometry": {"type": "LineString", "coordinates": [[566972.9835914442, 5951866.83630056], [566964.3666025582, 5951788.844758592]]}, "properties": {"bicycle": "yes", "foot": "yes", "highway": "footway", "lit": "yes", "osm_id": 204058842, "tile_500": "NO_E566500_N5951500_500", "tile_250": "NO_E566750_N5951750_250", "LaneCount": 2, "DirectionMode": "two-way", "OSMWidthMeters": 2.0, "ScaledOSMWidthStuds": 7.142856, "GameplayMinimumStuds": 7.0, "FinalWidthStuds": 7.142856}}, {"type": "Feature", "geometry": {"type": "LineString", "coordinates": [[566992.625759546, 5951782.470254831], [566543.7418825392, 5951799.884075641]]}, "properties": {"highway": "residential", "lit": "yes", "maxspeed": "30", "name": "Falkenhorst", "surface": "asphalt", "osm_id": 209443847, "tile_500": "NO_E566500_N5951500_500", "tile_250": "NO_E566750_N5951750_250", "LaneCount": 2, "DirectionMode": "two-way", "OSMWidthMeters": 6.0, "ScaledOSMWidthStuds": 21.428568, "GameplayMinimumStuds": 28.0, "FinalWidthStuds": 28.0}}, {"type": "Feature", "geometry": {"type": "LineString", "coordinates": [[565860.3270475455, 5951279.189993013], [565875.5777317891, 5951300.82392813], [565897.9525912057, 5951285.73809713]]}, "properties": {"access": "private", "highway": "service", "service": "parking_aisle", "surface": "asphalt", "osm_id": 220574631, "tile_500": "NO_E565500_N5951000_500", "tile_250": "NO_E565750_N5951250_250", "LaneCount": 2, "DirectionMode": "two-way", "OSMWidthMeters": 4.0, "ScaledOSMWidthStuds": 14.285712, "GameplayMinimumStuds": 28.0, "FinalWidthStuds": 28.0}}, {"type": "Feature", "geometry": {"type": "LineString", "coordinates": [[565907.1722804873, 5951301.95751351], [565886.2514531647, 5951314.582354583]]}, "properties": {"access": "private", "highway": "service", "service": "parking_aisle", "osm_id": 220574633, "tile_500": "NO_E565500_N5951000_500", "tile_250": "NO_E565750_N5951250_250", "LaneCount": 2, "DirectionMode": "two-way", "OSMWidthMeters": 4.0, "ScaledOSMWidthStuds": 14.285712, "GameplayMinimumStuds": 28.0, "FinalWidthStuds": 28.0}}, {"type": "Feature", "geometry": {"type": "LineString", "coordinates": [[565974.1751272606, 5951522.694684272], [566112.3738516512, 5951503.131213054]]}, "properties": {"bicycle": "yes", "foot": "yes", "highway": "footway", "lit": "yes", "motor_vehicle": "no", "surface": "asphalt", "osm_id": 220574636, "tile_500": "NO_E566000_N5951500_500", "tile_250": "NO_E566000_N5951500_250", "LaneCount": 2, "DirectionMode": "two-way", "OSMWidthMeters": 2.0, "ScaledOSMWidthStuds": 7.142856, "GameplayMinimumStuds": 7.0, "FinalWidthStuds": 7.142856}}, {"type": "Feature", "geometry": {"type": "LineString", "coordinates": [[566499.3083929637, 5951120.30416921], [566532.0901389199, 5951120.212514416]]}, "properties": {"cycleway:both": "separate", "highway": "secondary", "lanes": "4", "lanes:backward": "2", "lanes:forward": "2", "lit": "yes", "maxspeed": "50", "name": "Alter Kirchenweg", "sidewalk:both": "separate", "surface": "asphalt", "turn:lanes:backward": "left|through", "turn:lanes:forward": "left|through", "osm_id": 232187343, "tile_500": "NO_E566500_N5951000_500", "tile_250": "NO_E566500_N5951000_250", "LaneCount": 4, "DirectionMode": "two-way", "OSMWidthMeters": 14.0, "ScaledOSMWidthStuds": 49.999992, "GameplayMinimumStuds": 52.0, "FinalWidthStuds": 52.0}}, {"type": "Feature", "geometry": {"type": "LineString", "coordinates": [[566537.3630712804, 5951048.672499094], [566528.6776735839, 5951028.876426001], [566497.0332238585, 5951028.338856821]]}, "properties": {"highway": "service", "osm_id": 233254055, "tile_500": "NO_E566500_N5951000_500", "tile_250": "NO_E566500_N5951000_250", "LaneCount": 2, "DirectionMode": "two-way", "OSMWidthMeters": 4.0, "ScaledOSMWidthStuds": 14.285712, "GameplayMinimumStuds": 28.0, "FinalWidthStuds": 28.0}}, {"type": "Feature", "geometry": {"type": "LineString", "coordinates": [[566576.7299340749, 5951120.100161853], [566576.4988117532, 5951101.024824099]]}, "properties": {"highway": "service", "service": "parking_aisle", "surface": "paving_stones", "osm_id": 233254056, "tile_500": "NO_E566500_N5951000_500", "tile_250": "NO_E566500_N5951000_250", "LaneCount": 2, "DirectionMode": "two-way", "OSMWidthMeters": 4.0, "ScaledOSMWidthStuds": 14.285712, "GameplayMinimumStuds": 28.0, "FinalWidthStuds": 28.0}}, {"type": "Feature", "geometry": {"type": "LineString", "coordinates": [[566576.4988117532, 5951101.024824099], [566518.6129359312, 5951101.717161908], [566518.5014680584, 5951092.813806728], [566580.9185848259, 5951084.541357778], [566576.4988117532, 5951101.024824099]]}, "properties": {"highway": "service", "service": "parking_aisle", "surface": "paving_stones", "osm_id": 233254056, "tile_500": "NO_E566500_N5951000_500", "tile_250": "NO_E566500_N5951000_250", "LaneCount": 2, "DirectionMode": "two-way", "OSMWidthMeters": 4.0, "ScaledOSMWidthStuds": 14.285712, "GameplayMinimumStuds": 28.0, "FinalWidthStuds": 28.0}}, {"type": "Feature", "geometry": {"type": "LineString", "coordinates": [[566535.4583858096, 5951074.972491057], [566536.5546321893, 5951074.954654037]]}, "properties": {"highway": "footway", "lit": "yes", "osm_id": 233254057, "tile_500": "NO_E566500_N5951000_500", "tile_250": "NO_E566500_N5951000_250", "LaneCount": 2, "DirectionMode": "two-way", "OSMWidthMeters": 2.0, "ScaledOSMWidthStuds": 7.142856, "GameplayMinimumStuds": 7.0, "FinalWidthStuds": 7.142856}}, {"type": "Feature", "geometry": {"type": "LineString", "coordinates": [[566535.579190258, 5951085.077719163], [566535.7615930752, 5951050.330000373]]}, "properties": {"highway": "footway", "lit": "yes", "surface": "paving_stones", "osm_id": 233254058, "tile_500": "NO_E566500_N5951000_500", "tile_250": "NO_E566500_N5951000_250", "LaneCount": 2, "DirectionMode": "two-way", "OSMWidthMeters": 2.0, "ScaledOSMWidthStuds": 7.142856, "GameplayMinimumStuds": 7.0, "FinalWidthStuds": 7.142856}}, {"type": "Feature", "geometry": {"type": "LineString", "coordinates": [[566502.8732784905, 5951084.925630921], [566535.5295995525, 5951080.659509894]]}, "properties": {"highway": "footway", "lit": "yes", "osm_id": 233254059, "tile_500": "NO_E566500_N5951000_500", "tile_250": "NO_E566500_N5951000_250", "LaneCount": 2, "DirectionMode": "two-way", "OSMWidthMeters": 2.0, "ScaledOSMWidthStuds": 7.142856, "GameplayMinimumStuds": 7.0, "FinalWidthStuds": 7.142856}}, {"type": "Feature", "geometry": {"type": "LineString", "coordinates": [[566580.8782344268, 5951081.33614538], [566580.8394624669, 5951078.01968318]]}, "properties": {"handrail": "yes", "highway": "steps", "incline": "up", "lit": "yes", "ramp": "yes", "ramp:wheelchair": "yes", "step_count": "4", "surface": "paving_stones", "tactile_paving": "no", "osm_id": 233254060, "tile_500": "NO_E566500_N5951000_500", "tile_250": "NO_E566500_N5951000_250", "LaneCount": 2, "DirectionMode": "two-way", "OSMWidthMeters": 2.0, "ScaledOSMWidthStuds": 7.142856, "GameplayMinimumStuds": 28.0, "FinalWidthStuds": 28.0}}, {"type": "Feature", "geometry": {"type": "LineString", "coordinates": [[566545.8666113864, 5951081.7519117445], [566545.8043269323, 5951076.8327972675]]}, "properties": {"handrail": "yes", "highway": "steps", "lit": "yes", "osm_id": 233254061, "tile_500": "NO_E566500_N5951000_500", "tile_250": "NO_E566500_N5951000_250", "LaneCount": 2, "DirectionMode": "two-way", "OSMWidthMeters": 2.0, "ScaledOSMWidthStuds": 7.142856, "GameplayMinimumStuds": 28.0, "FinalWidthStuds": 28.0}}, {"type": "Feature", "geometry": {"type": "LineString", "coordinates": [[566580.8394624669, 5951078.01968318], [566580.7912768482, 5951074.436034109]]}, "properties": {"highway": "footway", "lit": "yes", "surface": "paving_stones", "osm_id": 233254062, "tile_500": "NO_E566500_N5951000_500", "tile_250": "NO_E566500_N5951000_250", "LaneCount": 2, "DirectionMode": "two-way", "OSMWidthMeters": 2.0, "ScaledOSMWidthStuds": 7.142856, "GameplayMinimumStuds": 7.0, "FinalWidthStuds": 7.142856}}, {"type": "Feature", "geometry": {"type": "LineString", "coordinates": [[566585.8012491015, 5951110.347907789], [566585.673668128, 5951099.79749057]]}, "properties": {"highway": "footway", "lit": "yes", "surface": "paving_stones", "osm_id": 233254063, "tile_500": "NO_E566500_N5951000_500", "tile_250": "NO_E566500_N5951000_250", "LaneCount": 2, "DirectionMode": "two-way", "OSMWidthMeters": 2.0, "ScaledOSMWidthStuds": 7.142856, "GameplayMinimumStuds": 7.0, "FinalWidthStuds": 7.142856}}, {"type": "Feature", "geometry": {"type": "LineString", "coordinates": [[566614.3976522032, 5951136.268521503], [566556.1087209261, 5951137.4776449185]]}, "properties": {"highway": "service", "service": "parking_aisle", "surface": "paving_stones", "osm_id": 233254064, "tile_500": "NO_E566500_N5951000_500", "tile_250": "NO_E566500_N5951000_250", "LaneCount": 2, "DirectionMode": "two-way", "OSMWidthMeters": 4.0, "ScaledOSMWidthStuds": 14.285712, "GameplayMinimumStuds": 28.0, "FinalWidthStuds": 28.0}}, {"type": "Feature", "geometry": {"type": "LineString", "coordinates": [[566580.9185848259, 5951084.541357778], [566580.8782344268, 5951081.33614538]]}, "properties": {"highway": "footway", "lit": "yes", "surface": "paving_stones", "osm_id": 233254065, "tile_500": "NO_E566500_N5951000_500", "tile_250": "NO_E566500_N5951000_250", "LaneCount": 2, "DirectionMode": "two-way", "OSMWidthMeters": 2.0, "ScaledOSMWidthStuds": 7.142856, "GameplayMinimumStuds": 7.0, "FinalWidthStuds": 7.142856}}, {"type": "Feature", "geometry": {"type": "LineString", "coordinates": [[566577.5394222029, 5951240.330167259], [566565.1180195456, 5951273.101640275]]}, "properties": {"highway": "path", "osm_id": 233254066, "tile_500": "NO_E566500_N5951000_500", "tile_250": "NO_E566500_N5951250_250", "LaneCount": 2, "DirectionMode": "two-way", "OSMWidthMeters": 1.5, "ScaledOSMWidthStuds": 5.357142, "GameplayMinimumStuds": 6.0, "FinalWidthStuds": 6.0}}, {"type": "Feature", "geometry": {"type": "LineString", "coordinates": [[566545.8043269323, 5951076.8327972675], [566545.7862034339, 5951074.851895123]]}, "properties": {"highway": "footway", "lit": "yes", "osm_id": 233254067, "tile_500": "NO_E566500_N5951000_500", "tile_250": "NO_E566500_N5951000_250", "LaneCount": 2, "DirectionMode": "two-way", "OSMWidthMeters": 2.0, "ScaledOSMWidthStuds": 7.142856, "GameplayMinimumStuds": 7.0, "FinalWidthStuds": 7.142856}}, {"type": "Feature", "geometry": {"type": "LineString", "coordinates": [[566614.0607178567, 5951120.006863555], [566615.162836359, 5951173.054862472], [566599.3723330393, 5951173.375942072]]}, "properties": {"highway": "service", "osm_id": 233254069, "tile_500": "NO_E566500_N5951000_500", "tile_250": "NO_E566500_N5951000_250", "LaneCount": 2, "DirectionMode": "two-way", "OSMWidthMeters": 4.0, "ScaledOSMWidthStuds": 14.285712, "GameplayMinimumStuds": 28.0, "FinalWidthStuds": 28.0}}, {"type": "Feature", "geometry": {"type": "LineString", "coordinates": [[566581.1040337589, 5951099.855046492], [566594.000697633, 5951099.693118854]]}, "properties": {"highway": "footway", "lit": "yes", "surface": "paving_stones", "osm_id": 233254070, "tile_500": "NO_E566500_N5951000_500", "tile_250": "NO_E566500_N5951000_250", "LaneCount": 2, "DirectionMode": "two-way", "OSMWidthMeters": 2.0, "ScaledOSMWidthStuds": 7.142856, "GameplayMinimumStuds": 7.0, "FinalWidthStuds": 7.142856}}, {"type": "Feature", "geometry": {"type": "LineString", "coordinates": [[566546.2106454538, 5951110.565163777], [566545.8666113864, 5951081.7519117445]]}, "properties": {"highway": "path", "surface": "paving_stones", "osm_id": 233254071, "tile_500": "NO_E566500_N5951000_500", "tile_250": "NO_E566500_N5951000_250", "LaneCount": 2, "DirectionMode": "two-way", "OSMWidthMeters": 1.5, "ScaledOSMWidthStuds": 5.357142, "GameplayMinimumStuds": 6.0, "FinalWidthStuds": 6.0}}, {"type": "Feature", "geometry": {"type": "LineString", "coordinates": [[566563.4412675351, 5951273.088979714], [566578.3587270189, 5951304.9575877655], [566632.5536587546, 5951319.925268887]]}, "properties": {"highway": "service", "osm_id": 233254072, "tile_500": "NO_E566500_N5951000_500", "tile_250": "NO_E566500_N5951250_250", "LaneCount": 2, "DirectionMode": "two-way", "OSMWidthMeters": 4.0, "ScaledOSMWidthStuds": 14.285712, "GameplayMinimumStuds": 28.0, "FinalWidthStuds": 28.0}}, {"type": "Feature", "geometry": {"type": "LineString", "coordinates": [[566594.1274704558, 5951110.299161352], [566593.6946115365, 5951074.274198771], [566538.8987912226, 5951074.932258685]]}, "properties": {"highway": "footway", "lit": "yes", "surface": "paving_stones", "osm_id": 233254073, "tile_500": "NO_E566500_N5951000_500", "tile_250": "NO_E566500_N5951000_250", "LaneCount": 2, "DirectionMode": "two-way", "OSMWidthMeters": 2.0, "ScaledOSMWidthStuds": 7.142856, "GameplayMinimumStuds": 7.0, "FinalWidthStuds": 7.142856}}, {"type": "Feature", "geometry": {"type": "LineString", "coordinates": [[566530.4980230278, 5951037.859646121], [566552.8229333444, 5951052.140894222], [566543.2280970927, 5951072.734826796], [566598.5489934172, 5951070.437440411], [566597.6586780644, 5951105.720354319], [566580.4805198119, 5951107.969071206], [566589.0410985688, 5951083.032044723], [566579.9015701076, 5951076.648854076], [566511.0909756571, 5951087.412203873], [566531.3310123753, 5951077.829299093], [566530.4980230278, 5951037.859646121]]}, "properties": {"area": "yes", "highway": "pedestrian", "lit": "yes", "name": "Harksheider Markt", "surface": "paving_stones", "osm_id": 233254074, "tile_500": "NO_E566500_N5951000_500", "tile_250": "NO_E566500_N5951000_250", "LaneCount": 2, "DirectionMode": "two-way", "OSMWidthMeters": 5.0, "ScaledOSMWidthStuds": 17.85714, "GameplayMinimumStuds": 28.0, "FinalWidthStuds": 28.0}}, {"type": "Feature", "geometry": {"type": "LineString", "coordinates": [[565954.2420779524, 5950889.733432575], [565937.3157070074, 5950940.758506728], [565947.6595894686, 5951057.427776712]]}, "properties": {"highway": "path", "source": "gps", "surface": "dirt", "osm_id": 233297233, "tile_500": "NO_E565500_N5950500_500", "tile_250": "NO_E565750_N5950750_250", "LaneCount": 2, "DirectionMode": "two-way", "OSMWidthMeters": 1.5, "ScaledOSMWidthStuds": 5.357142, "GameplayMinimumStuds": 6.0, "FinalWidthStuds": 6.0}}, {"type": "Feature", "geometry": {"type": "LineString", "coordinates": [[565904.9448754583, 5950898.821611526], [565913.5002638965, 5951020.673183115], [565947.6595894686, 5951057.427776712]]}, "properties": {"highway": "path", "surface": "compacted", "osm_id": 233297234, "tile_500": "NO_E565500_N5950500_500", "tile_250": "NO_E565750_N5950750_250", "LaneCount": 2, "DirectionMode": "two-way", "OSMWidthMeters": 1.5, "ScaledOSMWidthStuds": 5.357142, "GameplayMinimumStuds": 6.0, "FinalWidthStuds": 6.0}}, {"type": "Feature", "geometry": {"type": "LineString", "coordinates": [[565901.7617673991, 5950898.3985829335], [565904.9448754583, 5950898.821611526]]}, "properties": {"bridge": "yes", "highway": "path", "layer": "1", "surface": "wood", "width": "1.5", "osm_id": 233297235, "tile_500": "NO_E565500_N5950500_500", "tile_250": "NO_E565750_N5950750_250", "LaneCount": 2, "DirectionMode": "two-way", "OSMWidthMeters": 1.5, "ScaledOSMWidthStuds": 5.357142, "GameplayMinimumStuds": 6.0, "FinalWidthStuds": 6.0}}, {"type": "Feature", "geometry": {"type": "LineString", "coordinates": [[565896.028444624, 5950783.363147865], [565888.6280260934, 5950782.803021481]]}, "properties": {"bridge": "yes", "highway": "path", "layer": "1", "source": "gps", "surface": "unpaved", "width": "2.5", "osm_id": 233297237, "tile_500": "NO_E565500_N5950500_500", "tile_250": "NO_E565750_N5950750_250", "LaneCount": 2, "DirectionMode": "two-way", "OSMWidthMeters": 2.5, "ScaledOSMWidthStuds": 8.92857, "GameplayMinimumStuds": 6.0, "FinalWidthStuds": 8.92857}}, {"type": "Feature", "geometry": {"type": "LineString", "coordinates": [[565747.8896735385, 5950732.437008762], [565769.0643819068, 5950735.771440163], [565765.1898763208, 5950755.935216124]]}, "properties": {"highway": "service", "service": "parking_aisle", "source": "gps", "osm_id": 233297238, "tile_500": "NO_E565500_N5950500_500", "tile_250": "NO_E565750_N5950500_250", "LaneCount": 2, "DirectionMode": "two-way", "OSMWidthMeters": 4.0, "ScaledOSMWidthStuds": 14.285712, "GameplayMinimumStuds": 28.0, "FinalWidthStuds": 28.0}}, {"type": "Feature", "geometry": {"type": "LineString", "coordinates": [[565744.0470518273, 5950750.331303589], [565806.5307127687, 5950763.880945539]]}, "properties": {"highway": "service", "source": "gps", "osm_id": 233297239, "tile_500": "NO_E565500_N5950500_500", "tile_250": "NO_E565750_N5950750_250", "LaneCount": 2, "DirectionMode": "two-way", "OSMWidthMeters": 4.0, "ScaledOSMWidthStuds": 14.285712, "GameplayMinimumStuds": 28.0, "FinalWidthStuds": 28.0}}, {"type": "Feature", "geometry": {"type": "LineString", "coordinates": [[565907.261183595, 5950899.377121327], [565959.9264203865, 5950889.768820977]]}, "properties": {"highway": "path", "source": "gps", "surface": "compacted", "osm_id": 233297240, "tile_500": "NO_E565500_N5950500_500", "tile_250": "NO_E565750_N5950750_250", "LaneCount": 2, "DirectionMode": "two-way", "OSMWidthMeters": 1.5, "ScaledOSMWidthStuds": 5.357142, "GameplayMinimumStuds": 6.0, "FinalWidthStuds": 6.0}}, {"type": "Feature", "geometry": {"type": "LineString", "coordinates": [[565885.7701919553, 5950784.131539959], [565863.0292693645, 5950759.744224149], [565806.5307127687, 5950763.880945539]]}, "properties": {"bicycle": "yes", "highway": "footway", "surface": "compacted", "osm_id": 233297241, "tile_500": "NO_E565500_N5950500_500", "tile_250": "NO_E565750_N5950750_250", "LaneCount": 2, "DirectionMode": "two-way", "OSMWidthMeters": 2.0, "ScaledOSMWidthStuds": 7.142856, "GameplayMinimumStuds": 7.0, "FinalWidthStuds": 7.142856}}, {"type": "Feature", "geometry": {"type": "LineString", "coordinates": [[565888.6280260934, 5950782.803021481], [565873.9495922022, 5950852.453391661]]}, "properties": {"highway": "path", "source": "gps", "surface": "unpaved", "osm_id": 233297242, "tile_500": "NO_E565500_N5950500_500", "tile_250": "NO_E565750_N5950750_250", "LaneCount": 2, "DirectionMode": "two-way", "OSMWidthMeters": 1.5, "ScaledOSMWidthStuds": 5.357142, "GameplayMinimumStuds": 6.0, "FinalWidthStuds": 6.0}}, {"type": "Feature", "geometry": {"type": "LineString", "coordinates": [[565865.6114369002, 5950853.794010702], [565873.9495922022, 5950852.453391661], [565882.766672393, 5950890.365082666], [565901.7617673991, 5950898.3985829335]]}, "properties": {"est_width": "1.5", "highway": "path", "source": "gps", "surface": "compacted", "osm_id": 233297243, "tile_500": "NO_E565500_N5950500_500", "tile_250": "NO_E565750_N5950750_250", "LaneCount": 2, "DirectionMode": "two-way", "OSMWidthMeters": 1.5, "ScaledOSMWidthStuds": 5.357142, "GameplayMinimumStuds": 6.0, "FinalWidthStuds": 6.0}}, {"type": "Feature", "geometry": {"type": "LineString", "coordinates": [[566997.1144758365, 5951468.139675322], [566873.9107592598, 5951480.197615566], [566564.8333837059, 5951568.636745592]]}, "properties": {"bicycle": "designated", "cycleway:surface": "paving_stones", "foot": "designated", "footway:surface": "paving_stones", "highway": "path", "lit": "yes", "segregated": "yes", "surface": "paving_stones", "osm_id": 236015815, "tile_500": "NO_E566500_N5951500_500", "tile_250": "NO_E566750_N5951500_250", "LaneCount": 2, "DirectionMode": "two-way", "OSMWidthMeters": 1.5, "ScaledOSMWidthStuds": 5.357142, "GameplayMinimumStuds": 6.0, "FinalWidthStuds": 6.0}}, {"type": "Feature", "geometry": {"type": "LineString", "coordinates": [[566564.8333837059, 5951568.636745592], [566534.0361919063, 5951592.868950784], [566514.8451188201, 5951565.869225565], [566546.4789920324, 5951545.487655081], [566564.8333837059, 5951568.636745592]]}, "properties": {"bicycle": "designated", "cycleway:surface": "paving_stones", "foot": "designated", "footway:surface": "paving_stones", "highway": "path", "lit": "yes", "segregated": "yes", "surface": "paving_stones", "osm_id": 236015815, "tile_500": "NO_E566500_N5951500_500", "tile_250": "NO_E566500_N5951500_250", "LaneCount": 2, "DirectionMode": "two-way", "OSMWidthMeters": 1.5, "ScaledOSMWidthStuds": 5.357142, "GameplayMinimumStuds": 6.0, "FinalWidthStuds": 6.0}}, {"type": "Feature", "geometry": {"type": "LineString", "coordinates": [[566560.7907565631, 5951554.381044992], [566882.1385090091, 5951466.172172051], [566997.2871298576, 5951456.049033933]]}, "properties": {"bicycle": "designated", "cycleway:surface": "paving_stones", "foot": "designated", "footway:surface": "paving_stones", "highway": "path", "lit": "yes", "segregated": "yes", "surface": "paving_stones", "osm_id": 236015816, "tile_500": "NO_E566500_N5951000_500", "tile_250": "NO_E566750_N5951250_250", "LaneCount": 2, "DirectionMode": "two-way", "OSMWidthMeters": 1.5, "ScaledOSMWidthStuds": 5.357142, "GameplayMinimumStuds": 6.0, "FinalWidthStuds": 6.0}}, {"type": "Feature", "geometry": {"type": "LineString", "coordinates": [[566704.8675329741, 5950916.2109811185], [566728.5955820874, 5950915.402233867], [566739.4953289413, 5950872.773056634]]}, "properties": {"foot": "yes", "highway": "footway", "lit": "yes", "source": "Bing", "osm_id": 242185038, "tile_500": "NO_E566500_N5950500_500", "tile_250": "NO_E566500_N5950750_250", "LaneCount": 2, "DirectionMode": "two-way", "OSMWidthMeters": 2.0, "ScaledOSMWidthStuds": 7.142856, "GameplayMinimumStuds": 7.0, "FinalWidthStuds": 7.142856}}, {"type": "Feature", "geometry": {"type": "LineString", "coordinates": [[566281.6941550833, 5952093.79406601], [566156.8576588128, 5952127.950396194]]}, "properties": {"bicycle": "yes", "foot": "yes", "highway": "footway", "lit": "yes", "name": "Walter-Gropius-Weg", "osm_id": 243651163, "tile_500": "NO_E566000_N5952000_500", "tile_250": "NO_E566000_N5952000_250", "LaneCount": 2, "DirectionMode": "two-way", "OSMWidthMeters": 2.0, "ScaledOSMWidthStuds": 7.142856, "GameplayMinimumStuds": 7.0, "FinalWidthStuds": 7.142856}}, {"type": "Feature", "geometry": {"type": "LineString", "coordinates": [[566995.0952068806, 5951609.54409085], [566900.6923653496, 5951630.797259165]]}, "properties": {"highway": "footway", "lit": "yes", "osm_id": 243673153, "tile_500": "NO_E566500_N5951500_500", "tile_250": "NO_E566750_N5951500_250", "LaneCount": 2, "DirectionMode": "two-way", "OSMWidthMeters": 2.0, "ScaledOSMWidthStuds": 7.142856, "GameplayMinimumStuds": 7.0, "FinalWidthStuds": 7.142856}}, {"type": "Feature", "geometry": {"type": "LineString", "coordinates": [[566973.3042801036, 5951621.02871994], [566966.5270769106, 5951570.892729903]]}, "properties": {"highway": "footway", "lit": "yes", "osm_id": 243673507, "tile_500": "NO_E566500_N5951500_500", "tile_250": "NO_E566750_N5951500_250", "LaneCount": 2, "DirectionMode": "two-way", "OSMWidthMeters": 2.0, "ScaledOSMWidthStuds": 7.142856, "GameplayMinimumStuds": 7.0, "FinalWidthStuds": 7.142856}}, {"type": "Feature", "geometry": {"type": "LineString", "coordinates": [[566941.0263402596, 5951625.3750151815], [566933.9681071212, 5951573.165401118]]}, "properties": {"highway": "footway", "lit": "yes", "osm_id": 243673578, "tile_500": "NO_E566500_N5951500_500", "tile_250": "NO_E566750_N5951500_250", "LaneCount": 2, "DirectionMode": "two-way", "OSMWidthMeters": 2.0, "ScaledOSMWidthStuds": 7.142856, "GameplayMinimumStuds": 7.0, "FinalWidthStuds": 7.142856}}, {"type": "Feature", "geometry": {"type": "LineString", "coordinates": [[566799.5661634175, 5951639.80475101], [566900.6015150205, 5951629.761129575]]}, "properties": {"highway": "footway", "lit": "yes", "osm_id": 243673631, "tile_500": "NO_E566500_N5951500_500", "tile_250": "NO_E566750_N5951500_250", "LaneCount": 2, "DirectionMode": "two-way", "OSMWidthMeters": 2.0, "ScaledOSMWidthStuds": 7.142856, "GameplayMinimumStuds": 7.0, "FinalWidthStuds": 7.142856}}, {"type": "Feature", "geometry": {"type": "LineString", "coordinates": [[566799.3419617186, 5951693.568397893], [566728.9006897965, 5951701.679131333], [566721.4281362088, 5951637.135005981], [566678.2160905164, 5951645.823012407]]}, "properties": {"highway": "footway", "lit": "yes", "osm_id": 243673674, "tile_500": "NO_E566500_N5951500_500", "tile_250": "NO_E566500_N5951500_250", "LaneCount": 2, "DirectionMode": "two-way", "OSMWidthMeters": 2.0, "ScaledOSMWidthStuds": 7.142856, "GameplayMinimumStuds": 7.0, "FinalWidthStuds": 7.142856}}, {"type": "Feature", "geometry": {"type": "LineString", "coordinates": [[566725.8139376559, 5951675.02999633], [566796.2556015095, 5951666.919213868]]}, "properties": {"highway": "footway", "lit": "yes", "osm_id": 243673767, "tile_500": "NO_E566500_N5951500_500", "tile_250": "NO_E566750_N5951500_250", "LaneCount": 2, "DirectionMode": "two-way", "OSMWidthMeters": 2.0, "ScaledOSMWidthStuds": 7.142856, "GameplayMinimumStuds": 7.0, "FinalWidthStuds": 7.142856}}, {"type": "Feature", "geometry": {"type": "LineString", "coordinates": [[566722.3865766104, 5951645.405048214], [566799.5661634175, 5951639.80475101]]}, "properties": {"highway": "footway", "lit": "yes", "osm_id": 243673787, "tile_500": "NO_E566500_N5951500_500", "tile_250": "NO_E566750_N5951500_250", "LaneCount": 2, "DirectionMode": "two-way", "OSMWidthMeters": 2.0, "ScaledOSMWidthStuds": 7.142856, "GameplayMinimumStuds": 7.0, "FinalWidthStuds": 7.142856}}, {"type": "Feature", "geometry": {"type": "LineString", "coordinates": [[565592.5936710935, 5951863.332912586], [565596.790692981, 5951834.160484909], [565612.782357718, 5951824.948274007], [565604.7819692061, 5951802.737794341]]}, "properties": {"highway": "service", "service": "driveway", "osm_id": 246993516, "tile_500": "NO_E565500_N5951500_500", "tile_250": "NO_E565500_N5951750_250", "LaneCount": 2, "DirectionMode": "two-way", "OSMWidthMeters": 4.0, "ScaledOSMWidthStuds": 14.285712, "GameplayMinimumStuds": 28.0, "FinalWidthStuds": 28.0}}, {"type": "Feature", "geometry": {"type": "LineString", "coordinates": [[565585.2691481195, 5951994.3866392225], [565983.5378523145, 5951973.155373165]]}, "properties": {"cycleway:both": "no", "highway": "tertiary", "lanes": "2", "lit": "yes", "maxspeed": "50", "maxweight": "3.5", "maxweight:conditional": "none @ destination", "name": "Waldstra\u00dfe", "sidewalk": "both", "smoothness": "excellent", "surface": "asphalt", "osm_id": 246993517, "tile_500": "NO_E565500_N5951500_500", "tile_250": "NO_E565750_N5951750_250", "LaneCount": 2, "DirectionMode": "two-way", "OSMWidthMeters": 12.0, "ScaledOSMWidthStuds": 42.857136, "GameplayMinimumStuds": 28.0, "FinalWidthStuds": 42.857136}}, {"type": "Feature", "geometry": {"type": "LineString", "coordinates": [[565486.8693516584, 5951411.639174684], [565485.9291657513, 5951463.38965536]]}, "properties": {"access": "no", "bicycle": "permissive", "foot": "yes", "highway": "service", "motor_vehicle": "no", "surface": "paving_stones", "osm_id": 256620007, "tile_500": "NO_E565000_N5951000_500", "tile_250": "NO_E565250_N5951250_250", "LaneCount": 2, "DirectionMode": "two-way", "OSMWidthMeters": 4.0, "ScaledOSMWidthStuds": 14.285712, "GameplayMinimumStuds": 28.0, "FinalWidthStuds": 28.0}}, {"type": "Feature", "geometry": {"type": "LineString", "coordinates": [[565680.1309349814, 5951380.580804373], [565696.3708296575, 5951423.069210074]]}, "properties": {"highway": "service", "surface": "sett", "osm_id": 262406303, "tile_500": "NO_E565500_N5951000_500", "tile_250": "NO_E565500_N5951250_250", "LaneCount": 2, "DirectionMode": "two-way", "OSMWidthMeters": 4.0, "ScaledOSMWidthStuds": 14.285712, "GameplayMinimumStuds": 28.0, "FinalWidthStuds": 28.0}}, {"type": "Feature", "geometry": {"type": "LineString", "coordinates": [[566107.1022403198, 5951644.394700441], [566373.8591186532, 5951612.1089922]]}, "properties": {"cycleway:both": "separate", "highway": "secondary", "lanes": "2", "lit": "yes", "maxspeed:type": "DE:urban", "name": "Langenharmer Weg", "sidewalk": "separate", "surface": "asphalt", "osm_id": 275377340, "tile_500": "NO_E566000_N5951500_500", "tile_250": "NO_E566000_N5951500_250", "LaneCount": 2, "DirectionMode": "two-way", "OSMWidthMeters": 14.0, "ScaledOSMWidthStuds": 49.999992, "GameplayMinimumStuds": 28.0, "FinalWidthStuds": 49.999992}}, {"type": "Feature", "geometry": {"type": "LineString", "coordinates": [[566015.0997980125, 5951663.395203722], [565951.4781405904, 5951692.243382414]]}, "properties": {"cycleway:left": "no", "cycleway:right": "shared_lane", "cycleway:right:lane": "pictogram", "highway": "secondary", "lanes": "1", "lit": "yes", "maxspeed:type": "DE:urban", "name": "Langenharmer Weg", "oneway": "yes", "sidewalk:left": "no", "sidewalk:right": "separate", "surface": "asphalt", "turn:lanes": "right", "osm_id": 275377341, "tile_500": "NO_E565500_N5951500_500", "tile_250": "NO_E565750_N5951500_250", "LaneCount": 1, "DirectionMode": "one-way", "OSMWidthMeters": 14.0, "ScaledOSMWidthStuds": 49.999992, "GameplayMinimumStuds": 14.0, "FinalWidthStuds": 49.999992}}, {"type": "Feature", "geometry": {"type": "LineString", "coordinates": [[565964.4181975429, 5951784.647559857], [565971.1558903295, 5951852.87417134]]}, "properties": {"cycleway:both": "lane", "cycleway:both:lane": "exclusive", "highway": "secondary", "lanes": "2", "lit": "yes", "maxspeed": "50", "name": "Ulzburger Stra\u00dfe", "sidewalk": "separate", "surface": "asphalt", "osm_id": 275377351, "tile_500": "NO_E565500_N5951500_500", "tile_250": "NO_E565750_N5951750_250", "LaneCount": 2, "DirectionMode": "two-way", "OSMWidthMeters": 14.0, "ScaledOSMWidthStuds": 49.999992, "GameplayMinimumStuds": 28.0, "FinalWidthStuds": 49.999992}}, {"type": "Feature", "geometry": {"type": "LineString", "coordinates": [[565867.7351132787, 5951270.214198842], [565882.7885814431, 5951260.756021815]]}, "properties": {"cycleway:left": "separate", "cycleway:right": "lane", "cycleway:right:lane": "advisory", "highway": "secondary", "lanes": "3", "lanes:backward": "2", "lanes:forward": "1", "lit": "yes", "maxspeed": "50", "name": "Alter Kirchenweg", "sidewalk:left": "separate", "sidewalk:right": "yes", "sidewalk:right:surface": "paving_stones", "surface": "asphalt", "osm_id": 280218463, "tile_500": "NO_E565500_N5951000_500", "tile_250": "NO_E565750_N5951250_250", "LaneCount": 3, "DirectionMode": "two-way", "OSMWidthMeters": 14.0, "ScaledOSMWidthStuds": 49.999992, "GameplayMinimumStuds": 42.0, "FinalWidthStuds": 49.999992}}, {"type": "Feature", "geometry": {"type": "LineString", "coordinates": [[565461.7048010111, 5951319.72252238], [565491.9590122894, 5951320.856867494]]}, "properties": {"highway": "footway", "lit": "yes", "surface": "paving_stones", "osm_id": 282015261, "tile_500": "NO_E565000_N5951000_500", "tile_250": "NO_E565250_N5951250_250", "LaneCount": 2, "DirectionMode": "two-way", "OSMWidthMeters": 2.0, "ScaledOSMWidthStuds": 7.142856, "GameplayMinimumStuds": 7.0, "FinalWidthStuds": 7.142856}}, {"type": "Feature", "geometry": {"type": "LineString", "coordinates": [[565220.3275755597, 5952176.513040576], [565229.6964065522, 5952224.757211957]]}, "properties": {"highway": "service", "service": "driveway", "osm_id": 295759889, "tile_500": "NO_E565000_N5952000_500", "tile_250": "NO_E565000_N5952000_250", "LaneCount": 2, "DirectionMode": "two-way", "OSMWidthMeters": 4.0, "ScaledOSMWidthStuds": 14.285712, "GameplayMinimumStuds": 28.0, "FinalWidthStuds": 28.0}}, {"type": "Feature", "geometry": {"type": "LineString", "coordinates": [[565562.0808887915, 5951593.283649671], [565572.2659015807, 5951595.261977867]]}, "properties": {"highway": "path", "surface": "paving_stones", "osm_id": 301395182, "tile_500": "NO_E565500_N5951500_500", "tile_250": "NO_E565500_N5951500_250", "LaneCount": 2, "DirectionMode": "two-way", "OSMWidthMeters": 1.5, "ScaledOSMWidthStuds": 5.357142, "GameplayMinimumStuds": 6.0, "FinalWidthStuds": 6.0}}, {"type": "Feature", "geometry": {"type": "LineString", "coordinates": [[565562.0808887915, 5951593.283649671], [565548.6727476101, 5951578.185875897]]}, "properties": {"highway": "path", "surface": "paving_stones", "osm_id": 301395183, "tile_500": "NO_E565500_N5951500_500", "tile_250": "NO_E565500_N5951500_250", "LaneCount": 2, "DirectionMode": "two-way", "OSMWidthMeters": 1.5, "ScaledOSMWidthStuds": 5.357142, "GameplayMinimumStuds": 6.0, "FinalWidthStuds": 6.0}}, {"type": "Feature", "geometry": {"type": "LineString", "coordinates": [[566864.3385136654, 5950620.660256919], [566902.9735768432, 5950657.218595614]]}, "properties": {"bicycle": "use_sidepath", "cycleway:left": "separate", "cycleway:right": "no", "foot": "no", "highway": "primary", "lanes": "3", "lanes:forward": "2", "lit": "yes", "maxspeed": "60", "name": "Schleswig-Holstein-Stra\u00dfe", "ref": "L 284", "sidewalk:left": "separate", "sidewalk:right": "no", "surface": "asphalt", "turn:lanes:forward": "left|through", "osm_id": 302812993, "tile_500": "NO_E566500_N5950500_500", "tile_250": "NO_E566750_N5950500_250", "LaneCount": 3, "DirectionMode": "two-way", "OSMWidthMeters": 18.0, "ScaledOSMWidthStuds": 64.285704, "GameplayMinimumStuds": 42.0, "FinalWidthStuds": 64.285704}}, {"type": "Feature", "geometry": {"type": "LineString", "coordinates": [[567004.5649728857, 5950748.464797105], [567007.3574045876, 5950750.817199296]]}, "properties": {"bicycle": "use_sidepath", "cycleway:left": "separate", "cycleway:right": "no", "highway": "primary", "lanes": "2", "lit": "no", "maxspeed": "80", "name": "Schleswig-Holstein-Stra\u00dfe", "ref": "L 284", "sidewalk:left": "separate", "sidewalk:right": "no", "surface": "asphalt", "osm_id": 302812997, "tile_500": "NO_E567000_N5950500_500", "tile_250": "NO_E567000_N5950500_250", "LaneCount": 2, "DirectionMode": "two-way", "OSMWidthMeters": 18.0, "ScaledOSMWidthStuds": 64.285704, "GameplayMinimumStuds": 28.0, "FinalWidthStuds": 64.285704}}, {"type": "Feature", "geometry": {"type": "LineString", "coordinates": [[566204.1969692685, 5951214.9628776405], [566216.2485507804, 5951226.9389036], [566254.6559789816, 5951211.31325116]]}, "properties": {"highway": "service", "osm_id": 304521161, "tile_500": "NO_E566000_N5951000_500", "tile_250": "NO_E566000_N5951000_250", "LaneCount": 2, "DirectionMode": "two-way", "OSMWidthMeters": 4.0, "ScaledOSMWidthStuds": 14.285712, "GameplayMinimumStuds": 28.0, "FinalWidthStuds": 28.0}}, {"type": "Feature", "geometry": {"type": "LineString", "coordinates": [[566283.5828083637, 5951919.49055778], [566300.12198063, 5951908.051829821]]}, "properties": {"bicycle": "yes", "foot": "designated", "highway": "footway", "horse": "no", "surface": "dirt", "width": "3", "osm_id": 305418688, "tile_500": "NO_E566000_N5951500_500", "tile_250": "NO_E566250_N5951750_250", "LaneCount": 2, "DirectionMode": "two-way", "OSMWidthMeters": 3.0, "ScaledOSMWidthStuds": 10.714284, "GameplayMinimumStuds": 7.0, "FinalWidthStuds": 10.714284}}, {"type": "Feature", "geometry": {"type": "LineString", "coordinates": [[566629.6219433543, 5951918.183858418], [566660.9227794483, 5951857.00589762]]}, "properties": {"bicycle": "designated", "foot": "designated", "highway": "path", "lit": "yes", "name": "Am Wilden Moor", "segregated": "no", "smoothness": "intermediate", "surface": "compacted", "osm_id": 305579077, "tile_500": "NO_E566500_N5951500_500", "tile_250": "NO_E566500_N5951750_250", "LaneCount": 2, "DirectionMode": "two-way", "OSMWidthMeters": 1.5, "ScaledOSMWidthStuds": 5.357142, "GameplayMinimumStuds": 6.0, "FinalWidthStuds": 6.0}}, {"type": "Feature", "geometry": {"type": "LineString", "coordinates": [[565492.9088518703, 5951402.265381057], [565531.3095767893, 5951413.772970707]]}, "properties": {"highway": "service", "name": "Rathausallee", "oneway": "yes", "sidewalk:left": "no", "sidewalk:right": "separate", "surface": "asphalt", "osm_id": 305583881, "tile_500": "NO_E565500_N5951000_500", "tile_250": "NO_E565500_N5951250_250", "LaneCount": 1, "DirectionMode": "one-way", "OSMWidthMeters": 4.0, "ScaledOSMWidthStuds": 14.285712, "GameplayMinimumStuds": 14.0, "FinalWidthStuds": 14.285712}}, {"type": "Feature", "geometry": {"type": "LineString", "coordinates": [[565436.0500678355, 5951414.357290197], [565422.5966031508, 5951415.226754614]]}, "properties": {"cycleway:left": "no", "cycleway:right": "separate", "highway": "secondary", "lane_markings": "no", "lit": "yes", "maxspeed": "50", "name": "Rathausallee", "oneway": "yes", "sidewalk:left": "no", "sidewalk:right": "separate", "surface": "asphalt", "osm_id": 305583882, "tile_500": "NO_E565000_N5951000_500", "tile_250": "NO_E565250_N5951250_250", "LaneCount": 1, "DirectionMode": "one-way", "OSMWidthMeters": 14.0, "ScaledOSMWidthStuds": 49.999992, "GameplayMinimumStuds": 14.0, "FinalWidthStuds": 49.999992}}, {"type": "Feature", "geometry": {"type": "LineString", "coordinates": [[565249.360649005, 5951444.93843292], [565214.8480300894, 5951452.428925052]]}, "properties": {"cycleway:left": "no", "cycleway:right": "separate", "highway": "secondary", "lanes": "1", "lit": "yes", "maxspeed": "50", "name": "Rathausallee", "oneway": "yes", "sidewalk:left": "no", "sidewalk:right": "separate", "surface": "asphalt", "osm_id": 305583883, "tile_500": "NO_E565000_N5951000_500", "tile_250": "NO_E565000_N5951250_250", "LaneCount": 1, "DirectionMode": "one-way", "OSMWidthMeters": 14.0, "ScaledOSMWidthStuds": 49.999992, "GameplayMinimumStuds": 14.0, "FinalWidthStuds": 49.999992}}, {"type": "Feature", "geometry": {"type": "LineString", "coordinates": [[565436.8651005066, 5951418.875161004], [565436.0500678355, 5951414.357290197]]}, "properties": {"highway": "service", "oneway": "yes", "surface": "sett", "osm_id": 305583884, "tile_500": "NO_E565000_N5951000_500", "tile_250": "NO_E565250_N5951250_250", "LaneCount": 1, "DirectionMode": "one-way", "OSMWidthMeters": 4.0, "ScaledOSMWidthStuds": 14.285712, "GameplayMinimumStuds": 14.0, "FinalWidthStuds": 14.285712}}, {"type": "Feature", "geometry": {"type": "LineString", "coordinates": [[565490.0916393339, 5951320.786293432], [565514.3576175397, 5951294.987338779]]}, "properties": {"bicycle": "designated", "foot": "designated", "highway": "path", "lit": "yes", "segregated": "no", "surface": "paving_stones", "osm_id": 305583885, "tile_500": "NO_E565500_N5951000_500", "tile_250": "NO_E565500_N5951250_250", "LaneCount": 2, "DirectionMode": "two-way", "OSMWidthMeters": 1.5, "ScaledOSMWidthStuds": 5.357142, "GameplayMinimumStuds": 6.0, "FinalWidthStuds": 6.0}}, {"type": "Feature", "geometry": {"type": "LineString", "coordinates": [[566895.3824011866, 5950664.009263969], [566848.5680642932, 5950620.435590494]]}, "properties": {"bicycle": "designated", "foot": "designated", "highway": "path", "lit": "no", "segregated": "no", "surface": "asphalt", "osm_id": 306048272, "tile_500": "NO_E566500_N5950500_500", "tile_250": "NO_E566750_N5950500_250", "LaneCount": 2, "DirectionMode": "two-way", "OSMWidthMeters": 1.5, "ScaledOSMWidthStuds": 5.357142, "GameplayMinimumStuds": 6.0, "FinalWidthStuds": 6.0}}, {"type": "Feature", "geometry": {"type": "LineString", "coordinates": [[565913.5650841219, 5951977.479313588], [565911.9878793608, 5951947.380322865]]}, "properties": {"highway": "service", "osm_id": 306932797, "tile_500": "NO_E565500_N5951500_500", "tile_250": "NO_E565750_N5951750_250", "LaneCount": 2, "DirectionMode": "two-way", "OSMWidthMeters": 4.0, "ScaledOSMWidthStuds": 14.285712, "GameplayMinimumStuds": 28.0, "FinalWidthStuds": 28.0}}, {"type": "Feature", "geometry": {"type": "LineString", "coordinates": [[565373.3794909128, 5950843.761882494], [565390.3067513199, 5950930.1330530895]]}, "properties": {"highway": "living_street", "lit": "yes", "name": "R\u00fcsternweg", "oneway": "no", "surface": "paving_stones", "osm_id": 317781067, "tile_500": "NO_E565000_N5950500_500", "tile_250": "NO_E565250_N5950750_250", "LaneCount": 2, "DirectionMode": "two-way", "OSMWidthMeters": 5.0, "ScaledOSMWidthStuds": 17.85714, "GameplayMinimumStuds": 28.0, "FinalWidthStuds": 28.0}}, {"type": "Feature", "geometry": {"type": "LineString", "coordinates": [[565241.7578473977, 5950965.675136497], [565351.7318263955, 5950942.2027357]]}, "properties": {"highway": "service", "surface": "compacted", "osm_id": 321423587, "tile_500": "NO_E565000_N5950500_500", "tile_250": "NO_E565250_N5950750_250", "LaneCount": 2, "DirectionMode": "two-way", "OSMWidthMeters": 4.0, "ScaledOSMWidthStuds": 14.285712, "GameplayMinimumStuds": 28.0, "FinalWidthStuds": 28.0}}, {"type": "Feature", "geometry": {"type": "LineString", "coordinates": [[565221.409024107, 5950980.404132813], [565241.7578473977, 5950965.675136497]]}, "properties": {"bicycle": "designated", "foot": "designated", "highway": "path", "lit": "no", "segregated": "no", "surface": "paving_stones", "osm_id": 321423588, "tile_500": "NO_E565000_N5950500_500", "tile_250": "NO_E565000_N5950750_250", "LaneCount": 2, "DirectionMode": "two-way", "OSMWidthMeters": 1.5, "ScaledOSMWidthStuds": 5.357142, "GameplayMinimumStuds": 6.0, "FinalWidthStuds": 6.0}}, {"type": "Feature", "geometry": {"type": "LineString", "coordinates": [[565399.469080147, 5951569.23814392], [565424.7478171793, 5951607.500869158], [565424.0438983022, 5951644.722570334]]}, "properties": {"foot": "yes", "highway": "path", "surface": "paved", "osm_id": 322313677, "tile_500": "NO_E565000_N5951500_500", "tile_250": "NO_E565250_N5951500_250", "LaneCount": 2, "DirectionMode": "two-way", "OSMWidthMeters": 1.5, "ScaledOSMWidthStuds": 5.357142, "GameplayMinimumStuds": 6.0, "FinalWidthStuds": 6.0}}, {"type": "Feature", "geometry": {"type": "LineString", "coordinates": [[565532.8367296108, 5951357.846873602], [565529.9740557141, 5951395.950839576]]}, "properties": {"bicycle": "designated", "foot": "designated", "highway": "path", "lit": "yes", "segregated": "no", "surface": "asphalt", "osm_id": 322313678, "tile_500": "NO_E565500_N5951000_500", "tile_250": "NO_E565500_N5951250_250", "LaneCount": 2, "DirectionMode": "two-way", "OSMWidthMeters": 1.5, "ScaledOSMWidthStuds": 5.357142, "GameplayMinimumStuds": 6.0, "FinalWidthStuds": 6.0}}, {"type": "Feature", "geometry": {"type": "LineString", "coordinates": [[565490.0916393339, 5951320.786293432], [565485.567043151, 5951390.479372133]]}, "properties": {"bicycle": "permissive", "check_date:lit": "2022-11-28", "highway": "footway", "lit": "yes", "surface": "paving_stones", "osm_id": 322313680, "tile_500": "NO_E565000_N5951000_500", "tile_250": "NO_E565250_N5951250_250", "LaneCount": 2, "DirectionMode": "two-way", "OSMWidthMeters": 2.0, "ScaledOSMWidthStuds": 7.142856, "GameplayMinimumStuds": 7.0, "FinalWidthStuds": 7.142856}}, {"type": "Feature", "geometry": {"type": "LineString", "coordinates": [[565213.9555996004, 5951600.693749974], [565267.880371422, 5951579.111426554]]}, "properties": {"highway": "service", "osm_id": 322861902, "tile_500": "NO_E565000_N5951500_500", "tile_250": "NO_E565000_N5951500_250", "LaneCount": 2, "DirectionMode": "two-way", "OSMWidthMeters": 4.0, "ScaledOSMWidthStuds": 14.285712, "GameplayMinimumStuds": 28.0, "FinalWidthStuds": 28.0}}, {"type": "Feature", "geometry": {"type": "LineString", "coordinates": [[565213.0521935769, 5951581.624287236], [565261.6537308424, 5951562.122645683]]}, "properties": {"highway": "service", "osm_id": 322861903, "tile_500": "NO_E565000_N5951500_500", "tile_250": "NO_E565000_N5951500_250", "LaneCount": 2, "DirectionMode": "two-way", "OSMWidthMeters": 4.0, "ScaledOSMWidthStuds": 14.285712, "GameplayMinimumStuds": 28.0, "FinalWidthStuds": 28.0}}, {"type": "Feature", "geometry": {"type": "LineString", "coordinates": [[566284.8877192347, 5950612.440186328], [566329.2991852167, 5950703.6430922765]]}, "properties": {"cycleway": "track", "highway": "residential", "lanes": "2", "lit": "yes", "maxspeed": "30", "name": "Fadens Tannen", "oneway": "no", "surface": "asphalt", "osm_id": 339918618, "tile_500": "NO_E566000_N5950500_500", "tile_250": "NO_E566250_N5950500_250", "LaneCount": 2, "DirectionMode": "two-way", "OSMWidthMeters": 6.0, "ScaledOSMWidthStuds": 21.428568, "GameplayMinimumStuds": 28.0, "FinalWidthStuds": 28.0}}, {"type": "Feature", "geometry": {"type": "LineString", "coordinates": [[565980.5574699359, 5950608.15162946], [565981.4382561201, 5950809.899865163]]}, "properties": {"bicycle": "designated", "foot": "designated", "highway": "path", "lit": "no", "segregated": "no", "surface": "compacted", "osm_id": 339918639, "tile_500": "NO_E565500_N5950500_500", "tile_250": "NO_E565750_N5950500_250", "LaneCount": 2, "DirectionMode": "two-way", "OSMWidthMeters": 1.5, "ScaledOSMWidthStuds": 5.357142, "GameplayMinimumStuds": 6.0, "FinalWidthStuds": 6.0}}, {"type": "Feature", "geometry": {"type": "LineString", "coordinates": [[566109.6676891309, 5951575.709222578], [566054.4226855184, 5951563.692596608]]}, "properties": {"highway": "service", "incline": "down", "service": "driveway", "osm_id": 340023122, "tile_500": "NO_E566000_N5951500_500", "tile_250": "NO_E566000_N5951500_250", "LaneCount": 2, "DirectionMode": "two-way", "OSMWidthMeters": 4.0, "ScaledOSMWidthStuds": 14.285712, "GameplayMinimumStuds": 28.0, "FinalWidthStuds": 28.0}}, {"type": "Feature", "geometry": {"type": "LineString", "coordinates": [[566278.9734221525, 5951960.262331084], [566279.6094677661, 5951970.842178514]]}, "properties": {"highway": "service", "service": "driveway", "osm_id": 342179704, "tile_500": "NO_E566000_N5951500_500", "tile_250": "NO_E566250_N5951750_250", "LaneCount": 2, "DirectionMode": "two-way", "OSMWidthMeters": 4.0, "ScaledOSMWidthStuds": 14.285712, "GameplayMinimumStuds": 28.0, "FinalWidthStuds": 28.0}}, {"type": "Feature", "geometry": {"type": "LineString", "coordinates": [[566310.507720939, 5951945.7307496155], [566253.198086396, 5951965.261536964]]}, "properties": {"highway": "service", "service": "driveway", "osm_id": 342179706, "tile_500": "NO_E566000_N5951500_500", "tile_250": "NO_E566250_N5951750_250", "LaneCount": 2, "DirectionMode": "two-way", "OSMWidthMeters": 4.0, "ScaledOSMWidthStuds": 14.285712, "GameplayMinimumStuds": 28.0, "FinalWidthStuds": 28.0}}, {"type": "Feature", "geometry": {"type": "LineString", "coordinates": [[566071.8929889286, 5951563.059553337], [566065.5439103282, 5951516.525195904]]}, "properties": {"bicycle": "yes", "foot": "yes", "highway": "footway", "lit": "yes", "motor_vehicle": "no", "surface": "asphalt", "osm_id": 344122952, "tile_500": "NO_E566000_N5951500_500", "tile_250": "NO_E566000_N5951500_250", "LaneCount": 2, "DirectionMode": "two-way", "OSMWidthMeters": 2.0, "ScaledOSMWidthStuds": 7.142856, "GameplayMinimumStuds": 7.0, "FinalWidthStuds": 7.142856}}, {"type": "Feature", "geometry": {"type": "LineString", "coordinates": [[566044.7446453179, 5951559.472661204], [566109.9247032264, 5951568.713831653]]}, "properties": {"bicycle": "yes", "foot": "yes", "highway": "footway", "lit": "yes", "motor_vehicle": "no", "surface": "asphalt", "osm_id": 344122953, "tile_500": "NO_E566000_N5951500_500", "tile_250": "NO_E566000_N5951500_250", "LaneCount": 2, "DirectionMode": "two-way", "OSMWidthMeters": 2.0, "ScaledOSMWidthStuds": 7.142856, "GameplayMinimumStuds": 7.0, "FinalWidthStuds": 7.142856}}, {"type": "Feature", "geometry": {"type": "LineString", "coordinates": [[566536.5546321893, 5951074.954654037], [566538.8987912226, 5951074.932258685]]}, "properties": {"handrail": "yes", "highway": "steps", "lit": "yes", "osm_id": 346359010, "tile_500": "NO_E566500_N5951000_500", "tile_250": "NO_E566500_N5951000_250", "LaneCount": 2, "DirectionMode": "two-way", "OSMWidthMeters": 2.0, "ScaledOSMWidthStuds": 7.142856, "GameplayMinimumStuds": 28.0, "FinalWidthStuds": 28.0}}, {"type": "Feature", "geometry": {"type": "LineString", "coordinates": [[566656.0696055307, 5951026.700784836], [566725.9622946838, 5951007.720773357], [566764.099009145, 5950960.794473308]]}, "properties": {"foot": "designated", "highway": "path", "lit": "yes", "surface": "paving_stones", "osm_id": 346366188, "tile_500": "NO_E566500_N5951000_500", "tile_250": "NO_E566500_N5951000_250", "LaneCount": 2, "DirectionMode": "two-way", "OSMWidthMeters": 1.5, "ScaledOSMWidthStuds": 5.357142, "GameplayMinimumStuds": 6.0, "FinalWidthStuds": 6.0}}, {"type": "Feature", "geometry": {"type": "LineString", "coordinates": [[565386.7537905693, 5951446.595298939], [565378.6443181933, 5951424.506133274]]}, "properties": {"bicycle": "yes", "highway": "footway", "lit": "yes", "surface": "paving_stones", "osm_id": 346565315, "tile_500": "NO_E565000_N5951000_500", "tile_250": "NO_E565250_N5951250_250", "LaneCount": 2, "DirectionMode": "two-way", "OSMWidthMeters": 2.0, "ScaledOSMWidthStuds": 7.142856, "GameplayMinimumStuds": 7.0, "FinalWidthStuds": 7.142856}}, {"type": "Feature", "geometry": {"type": "LineString", "coordinates": [[565507.7768046298, 5951415.9368264405], [565508.0736885533, 5951409.331431137]]}, "properties": {"cycleway:surface": "asphalt", "foot": "yes", "footway:surface": "asphalt", "highway": "cycleway", "lit": "yes", "segregated": "yes", "surface": "asphalt", "osm_id": 346565316, "tile_500": "NO_E565500_N5951000_500", "tile_250": "NO_E565500_N5951250_250", "LaneCount": 2, "DirectionMode": "two-way", "OSMWidthMeters": 2.5, "ScaledOSMWidthStuds": 8.92857, "GameplayMinimumStuds": 9.0, "FinalWidthStuds": 9.0}}, {"type": "Feature", "geometry": {"type": "LineString", "coordinates": [[565561.5538997225, 5951359.349655892], [565564.6272940206, 5951326.500676073], [565534.9611344585, 5951324.862225152]]}, "properties": {"check_date:surface": "2023-05-17", "highway": "footway", "lit": "yes", "surface": "paving_stones", "osm_id": 346565317, "tile_500": "NO_E565500_N5951000_500", "tile_250": "NO_E565500_N5951250_250", "LaneCount": 2, "DirectionMode": "two-way", "OSMWidthMeters": 2.0, "ScaledOSMWidthStuds": 7.142856, "GameplayMinimumStuds": 7.0, "FinalWidthStuds": 7.142856}}, {"type": "Feature", "geometry": {"type": "LineString", "coordinates": [[565504.4792168086, 5951278.091897109], [565502.9793699301, 5951293.782522162]]}, "properties": {"highway": "path", "layer": "-1", "surface": "paving_stones", "tunnel": "building_passage", "osm_id": 346565319, "tile_500": "NO_E565500_N5951000_500", "tile_250": "NO_E565500_N5951250_250", "LaneCount": 2, "DirectionMode": "two-way", "OSMWidthMeters": 1.5, "ScaledOSMWidthStuds": 5.357142, "GameplayMinimumStuds": 6.0, "FinalWidthStuds": 6.0}}, {"type": "Feature", "geometry": {"type": "LineString", "coordinates": [[565387.5496632112, 5951423.595409794], [565378.6443181933, 5951424.506133274]]}, "properties": {"bicycle": "designated", "cycleway:surface": "paving_stones", "foot": "designated", "footway:surface": "paving_stones", "highway": "path", "lit": "yes", "segregated": "yes", "surface": "paving_stones", "osm_id": 346566693, "tile_500": "NO_E565000_N5951000_500", "tile_250": "NO_E565250_N5951250_250", "LaneCount": 2, "DirectionMode": "two-way", "OSMWidthMeters": 1.5, "ScaledOSMWidthStuds": 5.357142, "GameplayMinimumStuds": 6.0, "FinalWidthStuds": 6.0}}, {"type": "Feature", "geometry": {"type": "LineString", "coordinates": [[565603.123216585, 5951394.502848174], [565612.4635415492, 5951431.419909034]]}, "properties": {"highway": "footway", "lit": "yes", "surface": "paving_stones", "osm_id": 347205243, "tile_500": "NO_E565500_N5951000_500", "tile_250": "NO_E565500_N5951250_250", "LaneCount": 2, "DirectionMode": "two-way", "OSMWidthMeters": 2.0, "ScaledOSMWidthStuds": 7.142856, "GameplayMinimumStuds": 7.0, "FinalWidthStuds": 7.142856}}, {"type": "Feature", "geometry": {"type": "LineString", "coordinates": [[566161.313348685, 5951540.529761807], [566110.7268523732, 5951547.394281492]]}, "properties": {"bicycle": "yes", "highway": "footway", "lit": "yes", "motorcycle": "no", "osm_id": 350372875, "tile_500": "NO_E566000_N5951500_500", "tile_250": "NO_E566000_N5951500_250", "LaneCount": 2, "DirectionMode": "two-way", "OSMWidthMeters": 2.0, "ScaledOSMWidthStuds": 7.142856, "GameplayMinimumStuds": 7.0, "FinalWidthStuds": 7.142856}}, {"type": "Feature", "geometry": {"type": "LineString", "coordinates": [[566111.673128325, 5951521.937442623], [566223.7102610255, 5951500.005757545]]}, "properties": {"bicycle": "yes", "highway": "footway", "lit": "yes", "motorcycle": "no", "osm_id": 350372876, "tile_500": "NO_E566000_N5951500_500", "tile_250": "NO_E566000_N5951500_250", "LaneCount": 2, "DirectionMode": "two-way", "OSMWidthMeters": 2.0, "ScaledOSMWidthStuds": 7.142856, "GameplayMinimumStuds": 7.0, "FinalWidthStuds": 7.142856}}, {"type": "Feature", "geometry": {"type": "LineString", "coordinates": [[566027.8093541419, 5951600.894530672], [566033.7216292955, 5951644.240309202]]}, "properties": {"bicycle": "yes", "highway": "footway", "lit": "yes", "motorcycle": "no", "osm_id": 350372877, "tile_500": "NO_E566000_N5951500_500", "tile_250": "NO_E566000_N5951500_250", "LaneCount": 2, "DirectionMode": "two-way", "OSMWidthMeters": 2.0, "ScaledOSMWidthStuds": 7.142856, "GameplayMinimumStuds": 7.0, "FinalWidthStuds": 7.142856}}, {"type": "Feature", "geometry": {"type": "LineString", "coordinates": [[566164.4965279846, 5951563.852772846], [566109.8292438965, 5951571.271743883]]}, "properties": {"bicycle": "yes", "highway": "footway", "lit": "yes", "motorcycle": "no", "osm_id": 350372878, "tile_500": "NO_E566000_N5951500_500", "tile_250": "NO_E566000_N5951500_250", "LaneCount": 2, "DirectionMode": "two-way", "OSMWidthMeters": 2.0, "ScaledOSMWidthStuds": 7.142856, "GameplayMinimumStuds": 7.0, "FinalWidthStuds": 7.142856}}, {"type": "Feature", "geometry": {"type": "LineString", "coordinates": [[566176.4049817611, 5951511.032963993], [566166.9041027667, 5951441.353915653]]}, "properties": {"bicycle": "yes", "highway": "footway", "lit": "yes", "motorcycle": "no", "osm_id": 350372879, "tile_500": "NO_E566000_N5951000_500", "tile_250": "NO_E566000_N5951250_250", "LaneCount": 2, "DirectionMode": "two-way", "OSMWidthMeters": 2.0, "ScaledOSMWidthStuds": 7.142856, "GameplayMinimumStuds": 7.0, "FinalWidthStuds": 7.142856}}, {"type": "Feature", "geometry": {"type": "LineString", "coordinates": [[566169.3484695127, 5951595.233168909], [566108.7240894424, 5951600.976938739]]}, "properties": {"bicycle": "yes", "highway": "footway", "lit": "yes", "motorcycle": "no", "osm_id": 350372881, "tile_500": "NO_E566000_N5951500_500", "tile_250": "NO_E566000_N5951500_250", "LaneCount": 2, "DirectionMode": "two-way", "OSMWidthMeters": 2.0, "ScaledOSMWidthStuds": 7.142856, "GameplayMinimumStuds": 7.0, "FinalWidthStuds": 7.142856}}, {"type": "Feature", "geometry": {"type": "LineString", "coordinates": [[566168.4391450059, 5951592.7723576715], [566243.9260546284, 5951585.0137482695]]}, "properties": {"bicycle": "yes", "highway": "footway", "lit": "yes", "motorcycle": "no", "osm_id": 350372882, "tile_500": "NO_E566000_N5951500_500", "tile_250": "NO_E566000_N5951500_250", "LaneCount": 2, "DirectionMode": "two-way", "OSMWidthMeters": 2.0, "ScaledOSMWidthStuds": 7.142856, "GameplayMinimumStuds": 7.0, "FinalWidthStuds": 7.142856}}, {"type": "Feature", "geometry": {"type": "LineString", "coordinates": [[566200.2914224333, 5951590.940630343], [566190.854758392, 5951539.67795135]]}, "properties": {"bicycle": "yes", "highway": "footway", "lit": "yes", "motorcycle": "no", "osm_id": 350372883, "tile_500": "NO_E566000_N5951500_500", "tile_250": "NO_E566000_N5951500_250", "LaneCount": 2, "DirectionMode": "two-way", "OSMWidthMeters": 2.0, "ScaledOSMWidthStuds": 7.142856, "GameplayMinimumStuds": 7.0, "FinalWidthStuds": 7.142856}}, {"type": "Feature", "geometry": {"type": "LineString", "coordinates": [[566172.3004329401, 5951480.953863095], [566112.8073528459, 5951491.576155914]]}, "properties": {"bicycle": "yes", "highway": "footway", "lit": "yes", "motorcycle": "no", "osm_id": 350372884, "tile_500": "NO_E566000_N5951000_500", "tile_250": "NO_E566000_N5951250_250", "LaneCount": 2, "DirectionMode": "two-way", "OSMWidthMeters": 2.0, "ScaledOSMWidthStuds": 7.142856, "GameplayMinimumStuds": 7.0, "FinalWidthStuds": 7.142856}}, {"type": "Feature", "geometry": {"type": "LineString", "coordinates": [[565990.5315206207, 5951605.955884871], [566108.819234616, 5951598.441276379]]}, "properties": {"bicycle": "yes", "highway": "footway", "lit": "yes", "motorcycle": "no", "osm_id": 350372885, "tile_500": "NO_E566000_N5951500_500", "tile_250": "NO_E566000_N5951500_250", "LaneCount": 2, "DirectionMode": "two-way", "OSMWidthMeters": 2.0, "ScaledOSMWidthStuds": 7.142856, "GameplayMinimumStuds": 7.0, "FinalWidthStuds": 7.142856}}, {"type": "Feature", "geometry": {"type": "LineString", "coordinates": [[566231.8242381839, 5951534.113926385], [566162.1867935106, 5951546.940224101]]}, "properties": {"bicycle": "yes", "highway": "footway", "lit": "yes", "motorcycle": "no", "osm_id": 350372886, "tile_500": "NO_E566000_N5951500_500", "tile_250": "NO_E566000_N5951500_250", "LaneCount": 2, "DirectionMode": "two-way", "OSMWidthMeters": 2.0, "ScaledOSMWidthStuds": 7.142856, "GameplayMinimumStuds": 7.0, "FinalWidthStuds": 7.142856}}, {"type": "Feature", "geometry": {"type": "LineString", "coordinates": [[566157.6332839619, 5951513.583405277], [566175.7675031071, 5951638.13008598]]}, "properties": {"bicycle": "yes", "highway": "footway", "lit": "yes", "motorcycle": "no", "osm_id": 350372887, "tile_500": "NO_E566000_N5951500_500", "tile_250": "NO_E566000_N5951500_250", "LaneCount": 2, "DirectionMode": "two-way", "OSMWidthMeters": 2.0, "ScaledOSMWidthStuds": 7.142856, "GameplayMinimumStuds": 7.0, "FinalWidthStuds": 7.142856}}, {"type": "Feature", "geometry": {"type": "LineString", "coordinates": [[566305.3124272476, 5951574.898363044], [566244.9233554736, 5951589.189408013]]}, "properties": {"bicycle": "yes", "highway": "footway", "lit": "yes", "motorcycle": "no", "osm_id": 350377694, "tile_500": "NO_E566000_N5951500_500", "tile_250": "NO_E566250_N5951500_250", "LaneCount": 2, "DirectionMode": "two-way", "OSMWidthMeters": 2.0, "ScaledOSMWidthStuds": 7.142856, "GameplayMinimumStuds": 7.0, "FinalWidthStuds": 7.142856}}, {"type": "Feature", "geometry": {"type": "LineString", "coordinates": [[566257.9278280486, 5951441.993120612], [566207.9313450246, 5951449.999925295]]}, "properties": {"bicycle": "yes", "highway": "footway", "lit": "yes", "motorcycle": "no", "osm_id": 350377695, "tile_500": "NO_E566000_N5951000_500", "tile_250": "NO_E566000_N5951250_250", "LaneCount": 2, "DirectionMode": "two-way", "OSMWidthMeters": 2.0, "ScaledOSMWidthStuds": 7.142856, "GameplayMinimumStuds": 7.0, "FinalWidthStuds": 7.142856}}, {"type": "Feature", "geometry": {"type": "LineString", "coordinates": [[566285.017473857, 5951519.865681849], [566231.450358983, 5951532.539711442]]}, "properties": {"bicycle": "yes", "highway": "footway", "lit": "yes", "motorcycle": "no", "osm_id": 350377696, "tile_500": "NO_E566000_N5951500_500", "tile_250": "NO_E566250_N5951500_250", "LaneCount": 2, "DirectionMode": "two-way", "OSMWidthMeters": 2.0, "ScaledOSMWidthStuds": 7.142856, "GameplayMinimumStuds": 7.0, "FinalWidthStuds": 7.142856}}, {"type": "Feature", "geometry": {"type": "LineString", "coordinates": [[566228.9515415031, 5951353.189448712], [566163.565038393, 5951371.027393885]]}, "properties": {"access": "private", "highway": "service", "service": "driveway", "osm_id": 350377697, "tile_500": "NO_E566000_N5951000_500", "tile_250": "NO_E566000_N5951250_250", "LaneCount": 2, "DirectionMode": "two-way", "OSMWidthMeters": 4.0, "ScaledOSMWidthStuds": 14.285712, "GameplayMinimumStuds": 28.0, "FinalWidthStuds": 28.0}}, {"type": "Feature", "geometry": {"type": "LineString", "coordinates": [[566298.6635288061, 5951546.941850938], [566238.2741225163, 5951561.232983462]]}, "properties": {"bicycle": "yes", "highway": "footway", "lit": "yes", "motorcycle": "no", "osm_id": 350377698, "tile_500": "NO_E566000_N5951500_500", "tile_250": "NO_E566250_N5951500_250", "LaneCount": 2, "DirectionMode": "two-way", "OSMWidthMeters": 2.0, "ScaledOSMWidthStuds": 7.142856, "GameplayMinimumStuds": 7.0, "FinalWidthStuds": 7.142856}}, {"type": "Feature", "geometry": {"type": "LineString", "coordinates": [[566235.3003592505, 5951380.006626948], [566177.6045990405, 5951402.114523694]]}, "properties": {"bicycle": "yes", "highway": "footway", "lit": "yes", "motorcycle": "no", "osm_id": 350377699, "tile_500": "NO_E566000_N5951000_500", "tile_250": "NO_E566000_N5951250_250", "LaneCount": 2, "DirectionMode": "two-way", "OSMWidthMeters": 2.0, "ScaledOSMWidthStuds": 7.142856, "GameplayMinimumStuds": 7.0, "FinalWidthStuds": 7.142856}}, {"type": "Feature", "geometry": {"type": "LineString", "coordinates": [[566253.4344644888, 5951415.168723847], [566196.12532798, 5951428.146408512]]}, "properties": {"bicycle": "yes", "highway": "footway", "lit": "yes", "motorcycle": "no", "osm_id": 350377700, "tile_500": "NO_E566000_N5951000_500", "tile_250": "NO_E566000_N5951250_250", "LaneCount": 2, "DirectionMode": "two-way", "OSMWidthMeters": 2.0, "ScaledOSMWidthStuds": 7.142856, "GameplayMinimumStuds": 7.0, "FinalWidthStuds": 7.142856}}, {"type": "Feature", "geometry": {"type": "LineString", "coordinates": [[566208.7061437867, 5951451.702194853], [566245.2596284486, 5951455.500702673]]}, "properties": {"highway": "footway", "lit": "yes", "osm_id": 350377701, "tile_500": "NO_E566000_N5951000_500", "tile_250": "NO_E566000_N5951250_250", "LaneCount": 2, "DirectionMode": "two-way", "OSMWidthMeters": 2.0, "ScaledOSMWidthStuds": 7.142856, "GameplayMinimumStuds": 7.0, "FinalWidthStuds": 7.142856}}, {"type": "Feature", "geometry": {"type": "LineString", "coordinates": [[566809.8391055447, 5950986.92684448], [566748.8462503717, 5951046.724489354]]}, "properties": {"highway": "footway", "lit": "yes", "surface": "paving_stones", "osm_id": 361215473, "tile_500": "NO_E566500_N5951000_500", "tile_250": "NO_E566750_N5951000_250", "LaneCount": 2, "DirectionMode": "two-way", "OSMWidthMeters": 2.0, "ScaledOSMWidthStuds": 7.142856, "GameplayMinimumStuds": 7.0, "FinalWidthStuds": 7.142856}}, {"type": "Feature", "geometry": {"type": "LineString", "coordinates": [[565505.3401965749, 5951356.39469073], [565502.0076519715, 5951356.292528633]]}, "properties": {"highway": "footway", "lit": "yes", "surface": "paving_stones", "osm_id": 363077723, "tile_500": "NO_E565500_N5951000_500", "tile_250": "NO_E565500_N5951250_250", "LaneCount": 2, "DirectionMode": "two-way", "OSMWidthMeters": 2.0, "ScaledOSMWidthStuds": 7.142856, "GameplayMinimumStuds": 7.0, "FinalWidthStuds": 7.142856}}, {"type": "Feature", "geometry": {"type": "LineString", "coordinates": [[565514.3972773417, 5951356.921728373], [565505.3401965749, 5951356.39469073]]}, "properties": {"highway": "footway", "indoor": "yes", "osm_id": 363077724, "tile_500": "NO_E565500_N5951000_500", "tile_250": "NO_E565500_N5951250_250", "LaneCount": 2, "DirectionMode": "two-way", "OSMWidthMeters": 2.0, "ScaledOSMWidthStuds": 7.142856, "GameplayMinimumStuds": 7.0, "FinalWidthStuds": 7.142856}}, {"type": "Feature", "geometry": {"type": "LineString", "coordinates": [[565509.2320864878, 5951356.627063831], [565508.9449093575, 5951362.064241116]]}, "properties": {"highway": "footway", "indoor": "yes", "osm_id": 363077863, "tile_500": "NO_E565500_N5951000_500", "tile_250": "NO_E565500_N5951250_250", "LaneCount": 2, "DirectionMode": "two-way", "OSMWidthMeters": 2.0, "ScaledOSMWidthStuds": 7.142856, "GameplayMinimumStuds": 7.0, "FinalWidthStuds": 7.142856}}, {"type": "Feature", "geometry": {"type": "LineString", "coordinates": [[566377.5118320109, 5951208.320586769], [566375.774247937, 5951124.86416597]]}, "properties": {"highway": "footway", "lit": "yes", "surface": "paving_stones", "osm_id": 364262018, "tile_500": "NO_E566000_N5951000_500", "tile_250": "NO_E566250_N5951000_250", "LaneCount": 2, "DirectionMode": "two-way", "OSMWidthMeters": 2.0, "ScaledOSMWidthStuds": 7.142856, "GameplayMinimumStuds": 7.0, "FinalWidthStuds": 7.142856}}, {"type": "Feature", "geometry": {"type": "LineString", "coordinates": [[566458.9864230242, 5951202.463745516], [566457.276634307, 5951120.40968681]]}, "properties": {"highway": "footway", "lit": "yes", "surface": "paving_stones", "osm_id": 364262019, "tile_500": "NO_E566000_N5951000_500", "tile_250": "NO_E566250_N5951000_250", "LaneCount": 2, "DirectionMode": "two-way", "OSMWidthMeters": 2.0, "ScaledOSMWidthStuds": 7.142856, "GameplayMinimumStuds": 7.0, "FinalWidthStuds": 7.142856}}, {"type": "Feature", "geometry": {"type": "LineString", "coordinates": [[566296.407106046, 5951220.726862986], [566294.7328411182, 5951140.164470431]]}, "properties": {"highway": "footway", "lit": "yes", "surface": "paving_stones", "osm_id": 364262020, "tile_500": "NO_E566000_N5951000_500", "tile_250": "NO_E566250_N5951000_250", "LaneCount": 2, "DirectionMode": "two-way", "OSMWidthMeters": 2.0, "ScaledOSMWidthStuds": 7.142856, "GameplayMinimumStuds": 7.0, "FinalWidthStuds": 7.142856}}, {"type": "Feature", "geometry": {"type": "LineString", "coordinates": [[565937.580400279, 5951672.163721425], [565905.1940866446, 5951487.431152036], [565819.8148843674, 5951322.6295280745]]}, "properties": {"footway": "sidewalk", "highway": "footway", "lit": "yes", "surface": "paving_stones", "osm_id": 366942874, "tile_500": "NO_E565500_N5951000_500", "tile_250": "NO_E565750_N5951250_250", "LaneCount": 2, "DirectionMode": "two-way", "OSMWidthMeters": 2.0, "ScaledOSMWidthStuds": 7.142856, "GameplayMinimumStuds": 7.0, "FinalWidthStuds": 7.142856}}, {"type": "Feature", "geometry": {"type": "LineString", "coordinates": [[565973.6178253919, 5951968.832016176], [565940.7886628915, 5951696.1211664155]]}, "properties": {"footway": "sidewalk", "highway": "footway", "lit": "yes", "surface": "paving_stones", "osm_id": 366943010, "tile_500": "NO_E565500_N5951500_500", "tile_250": "NO_E565750_N5951750_250", "LaneCount": 2, "DirectionMode": "two-way", "OSMWidthMeters": 2.0, "ScaledOSMWidthStuds": 7.142856, "GameplayMinimumStuds": 7.0, "FinalWidthStuds": 7.142856}}, {"type": "Feature", "geometry": {"type": "LineString", "coordinates": [[565437.6486329394, 5951425.651408019], [565428.3718253562, 5951445.150355615]]}, "properties": {"bicycle": "yes", "highway": "footway", "lit": "yes", "surface": "paving_stones", "osm_id": 372682743, "tile_500": "NO_E565000_N5951000_500", "tile_250": "NO_E565250_N5951250_250", "LaneCount": 2, "DirectionMode": "two-way", "OSMWidthMeters": 2.0, "ScaledOSMWidthStuds": 7.142856, "GameplayMinimumStuds": 7.0, "FinalWidthStuds": 7.142856}}, {"type": "Feature", "geometry": {"type": "LineString", "coordinates": [[565445.3092191906, 5951425.9474215815], [565443.25839733, 5951446.604223447]]}, "properties": {"access": "permissive", "bicycle": "yes", "foot": "yes", "highway": "service", "layer": "-1", "motor_vehicle": "yes", "oneway": "yes", "surface": "paving_stones", "osm_id": 372682744, "tile_500": "NO_E565000_N5951000_500", "tile_250": "NO_E565250_N5951250_250", "LaneCount": 1, "DirectionMode": "one-way", "OSMWidthMeters": 4.0, "ScaledOSMWidthStuds": 14.285712, "GameplayMinimumStuds": 14.0, "FinalWidthStuds": 14.285712}}, {"type": "Feature", "geometry": {"type": "LineString", "coordinates": [[565987.915141017, 5952023.778977278], [565987.6122329667, 5952253.640614393]]}, "properties": {"cycleway:both": "shared_lane", "cycleway:both:lane": "pictogram", "highway": "secondary", "lanes": "2", "lit": "yes", "maxspeed": "30", "name": "Ulzburger Stra\u00dfe", "sidewalk": "both", "sidewalk:both:surface": "paving_stones", "surface": "asphalt", "osm_id": 374096729, "tile_500": "NO_E565500_N5952000_500", "tile_250": "NO_E565750_N5952000_250", "LaneCount": 2, "DirectionMode": "two-way", "OSMWidthMeters": 14.0, "ScaledOSMWidthStuds": 49.999992, "GameplayMinimumStuds": 28.0, "FinalWidthStuds": 49.999992}}, {"type": "Feature", "geometry": {"type": "LineString", "coordinates": [[566517.9662526898, 5951581.803157182], [566376.5609848589, 5951619.4466751395], [566028.3108751499, 5951666.106998371]]}, "properties": {"bicycle": "designated", "cycleway:surface": "paving_stones", "foot": "designated", "footway:surface": "paving_stones", "highway": "path", "lit": "yes", "segregated": "yes", "surface": "paving_stones", "traffic_sign": "none", "osm_id": 375546389, "tile_500": "NO_E566000_N5951500_500", "tile_250": "NO_E566250_N5951500_250", "LaneCount": 2, "DirectionMode": "two-way", "OSMWidthMeters": 1.5, "ScaledOSMWidthStuds": 5.357142, "GameplayMinimumStuds": 6.0, "FinalWidthStuds": 6.0}}, {"type": "Feature", "geometry": {"type": "LineString", "coordinates": [[565958.253564616, 5951666.723822527], [565962.5981510937, 5951687.325719044]]}, "properties": {"foot": "designated", "footway": "crossing", "highway": "footway", "lit": "yes", "surface": "asphalt", "osm_id": 375546477, "tile_500": "NO_E565500_N5951500_500", "tile_250": "NO_E565750_N5951500_250", "LaneCount": 2, "DirectionMode": "two-way", "OSMWidthMeters": 2.0, "ScaledOSMWidthStuds": 7.142856, "GameplayMinimumStuds": 7.0, "FinalWidthStuds": 7.142856}}, {"type": "Feature", "geometry": {"type": "LineString", "coordinates": [[566042.4794957795, 5951647.223279863], [566344.0183272065, 5951608.949609243], [566514.8451188201, 5951565.869225565]]}, "properties": {"bicycle": "designated", "check_date:surface": "2024-06-15", "cycleway:surface": "paving_stones", "foot": "designated", "footway:surface": "paving_stones", "highway": "path", "lit": "yes", "oneway": "yes", "segregated": "yes", "surface": "paving_stones", "osm_id": 375546537, "tile_500": "NO_E566000_N5951500_500", "tile_250": "NO_E566250_N5951500_250", "LaneCount": 1, "DirectionMode": "one-way", "OSMWidthMeters": 1.5, "ScaledOSMWidthStuds": 5.357142, "GameplayMinimumStuds": 6.0, "FinalWidthStuds": 6.0}}, {"type": "Feature", "geometry": {"type": "LineString", "coordinates": [[566176.7799745087, 5951143.684701299], [566489.5119947903, 5951110.885242831]]}, "properties": {"check_date:surface": "2025-04-19", "cycleway:surface": "paving_stones", "foot": "designated", "footway:surface": "paving_stones", "highway": "cycleway", "lit": "yes", "segregated": "yes", "surface": "paving_stones", "osm_id": 375549095, "tile_500": "NO_E566000_N5951000_500", "tile_250": "NO_E566250_N5951000_250", "LaneCount": 2, "DirectionMode": "two-way", "OSMWidthMeters": 2.5, "ScaledOSMWidthStuds": 8.92857, "GameplayMinimumStuds": 9.0, "FinalWidthStuds": 9.0}}, {"type": "Feature", "geometry": {"type": "LineString", "coordinates": [[566999.4076619758, 5951307.550722619], [566735.5413931671, 5951151.242479188], [566615.494128546, 5951126.002532887], [566542.823587509, 5951130.123291324]]}, "properties": {"bicycle": "designated", "cycleway:surface": "paving_stones", "foot": "designated", "footway:surface": "paving_stones", "highway": "path", "lit": "yes", "segregated": "yes", "surface": "paving_stones", "osm_id": 375549097, "tile_500": "NO_E566500_N5951000_500", "tile_250": "NO_E566750_N5951000_250", "LaneCount": 2, "DirectionMode": "two-way", "OSMWidthMeters": 1.5, "ScaledOSMWidthStuds": 5.357142, "GameplayMinimumStuds": 6.0, "FinalWidthStuds": 6.0}}, {"type": "Feature", "geometry": {"type": "LineString", "coordinates": [[565437.7931645341, 5951427.122210203], [565436.8651005066, 5951418.875161004]]}, "properties": {"highway": "service", "oneway": "yes", "surface": "sett", "osm_id": 375552284, "tile_500": "NO_E565000_N5951000_500", "tile_250": "NO_E565250_N5951250_250", "LaneCount": 1, "DirectionMode": "one-way", "OSMWidthMeters": 4.0, "ScaledOSMWidthStuds": 14.285712, "GameplayMinimumStuds": 14.0, "FinalWidthStuds": 14.285712}}, {"type": "Feature", "geometry": {"type": "LineString", "coordinates": [[565804.4709726663, 5951291.625379609], [565700.501349641, 5951096.488690542], [565644.1027730603, 5950926.710972796], [565629.7602167248, 5950786.630713234], [565645.9257992905, 5950603.458857161]]}, "properties": {"bicycle": "designated", "check_date:surface": "2023-09-29", "cycleway": "sidepath", "cycleway:surface": "paving_stones", "foot": "designated", "footway:surface": "paving_stones", "highway": "path", "lit": "yes", "oneway:bicycle": "yes", "segregated": "yes", "surface": "paving_stones", "osm_id": 375553007, "tile_500": "NO_E565500_N5950500_500", "tile_250": "NO_E565500_N5950750_250", "LaneCount": 2, "DirectionMode": "two-way", "OSMWidthMeters": 1.5, "ScaledOSMWidthStuds": 5.357142, "GameplayMinimumStuds": 6.0, "FinalWidthStuds": 6.0}}, {"type": "Feature", "geometry": {"type": "LineString", "coordinates": [[565657.8672077674, 5950603.625909185], [565641.8985589191, 5950783.618118723], [565658.0529036584, 5950937.1653961], [565713.3426150219, 5951089.903186737], [565820.1869872996, 5951280.573983128]]}, "properties": {"bicycle": "designated", "cycleway": "sidepath", "cycleway:surface": "paving_stones", "foot": "designated", "footway:surface": "paving_stones", "highway": "path", "lit": "yes", "oneway:bicycle": "yes", "segregated": "yes", "surface": "asphalt", "osm_id": 375553757, "tile_500": "NO_E565500_N5950500_500", "tile_250": "NO_E565500_N5950750_250", "LaneCount": 2, "DirectionMode": "two-way", "OSMWidthMeters": 1.5, "ScaledOSMWidthStuds": 5.357142, "GameplayMinimumStuds": 6.0, "FinalWidthStuds": 6.0}}, {"type": "Feature", "geometry": {"type": "LineString", "coordinates": [[565826.4356600503, 5951291.644178555], [565837.2714795616, 5951312.681944697]]}, "properties": {"bicycle": "designated", "cycleway:surface": "asphalt", "foot": "designated", "footway:surface": "asphalt", "highway": "path", "lit": "yes", "oneway:bicycle": "yes", "segregated": "yes", "surface": "asphalt", "osm_id": 375554084, "tile_500": "NO_E565500_N5951000_500", "tile_250": "NO_E565750_N5951250_250", "LaneCount": 2, "DirectionMode": "two-way", "OSMWidthMeters": 1.5, "ScaledOSMWidthStuds": 5.357142, "GameplayMinimumStuds": 6.0, "FinalWidthStuds": 6.0}}, {"type": "Feature", "geometry": {"type": "LineString", "coordinates": [[566294.7328411182, 5951140.164470431], [566188.4957552168, 5951153.742034285], [566019.8207012374, 5951210.59576178]]}, "properties": {"bicycle": "designated", "check_date:surface": "2024-06-16", "cycleway:surface": "paving_stones", "foot": "designated", "footway:surface": "paving_stones", "highway": "path", "lit": "yes", "segregated": "yes", "surface": "paving_stones", "osm_id": 375905413, "tile_500": "NO_E566000_N5951000_500", "tile_250": "NO_E566000_N5951000_250", "LaneCount": 2, "DirectionMode": "two-way", "OSMWidthMeters": 1.5, "ScaledOSMWidthStuds": 5.357142, "GameplayMinimumStuds": 6.0, "FinalWidthStuds": 6.0}}, {"type": "Feature", "geometry": {"type": "LineString", "coordinates": [[565886.5995091549, 5951405.919225214], [565916.5081377623, 5951464.033827456], [565956.7614524332, 5951659.692708553]]}, "properties": {"foot": "designated", "footway": "sidewalk", "highway": "footway", "lit": "yes", "smoothness": "good", "surface": "paving_stones", "osm_id": 375905414, "tile_500": "NO_E565500_N5951500_500", "tile_250": "NO_E565750_N5951500_250", "LaneCount": 2, "DirectionMode": "two-way", "OSMWidthMeters": 2.0, "ScaledOSMWidthStuds": 7.142856, "GameplayMinimumStuds": 7.0, "FinalWidthStuds": 7.142856}}, {"type": "Feature", "geometry": {"type": "LineString", "coordinates": [[565443.25839733, 5951446.604223447], [565440.9611032871, 5951439.495299794]]}, "properties": {"highway": "service", "oneway": "yes", "surface": "paving_stones", "osm_id": 376653992, "tile_500": "NO_E565000_N5951000_500", "tile_250": "NO_E565250_N5951250_250", "LaneCount": 1, "DirectionMode": "one-way", "OSMWidthMeters": 4.0, "ScaledOSMWidthStuds": 14.285712, "GameplayMinimumStuds": 14.0, "FinalWidthStuds": 14.285712}}, {"type": "Feature", "geometry": {"type": "LineString", "coordinates": [[565530.3535525461, 5951429.282025217], [565523.6050684066, 5951418.984154527]]}, "properties": {"bicycle": "designated", "highway": "path", "lit": "yes", "oneway": "yes", "surface": "paving_stones", "osm_id": 376705526, "tile_500": "NO_E565500_N5951000_500", "tile_250": "NO_E565500_N5951250_250", "LaneCount": 1, "DirectionMode": "one-way", "OSMWidthMeters": 1.5, "ScaledOSMWidthStuds": 5.357142, "GameplayMinimumStuds": 6.0, "FinalWidthStuds": 6.0}}, {"type": "Feature", "geometry": {"type": "LineString", "coordinates": [[566915.4196282591, 5950668.834838661], [566920.1247790279, 5950663.471841777]]}, "properties": {"bicycle": "designated", "foot": "designated", "highway": "path", "osm_id": 377738918, "tile_500": "NO_E566500_N5950500_500", "tile_250": "NO_E566750_N5950500_250", "LaneCount": 2, "DirectionMode": "two-way", "OSMWidthMeters": 1.5, "ScaledOSMWidthStuds": 5.357142, "GameplayMinimumStuds": 6.0, "FinalWidthStuds": 6.0}}, {"type": "Feature", "geometry": {"type": "LineString", "coordinates": [[566902.9735768432, 5950657.218595614], [567004.5649728857, 5950748.464797105]]}, "properties": {"bicycle": "use_sidepath", "cycleway:left": "separate", "cycleway:right": "no", "highway": "primary", "lanes": "2", "lit": "yes", "maxspeed": "60", "name": "Schleswig-Holstein-Stra\u00dfe", "ref": "L 284", "sidewalk:left": "separate", "sidewalk:right": "no", "surface": "asphalt", "osm_id": 377738919, "tile_500": "NO_E566500_N5950500_500", "tile_250": "NO_E566750_N5950500_250", "LaneCount": 2, "DirectionMode": "two-way", "OSMWidthMeters": 18.0, "ScaledOSMWidthStuds": 64.285704, "GameplayMinimumStuds": 28.0, "FinalWidthStuds": 64.285704}}, {"type": "Feature", "geometry": {"type": "LineString", "coordinates": [[565420.8844224178, 5951424.861262051], [565437.264368889, 5951422.908764925]]}, "properties": {"handrail": "yes", "highway": "steps", "incline": "up", "lit": "yes", "ramp": "separate", "ramp:wheelchair": "separate", "step_count": "23", "surface": "concrete", "tactile_paving": "yes", "osm_id": 378890856, "tile_500": "NO_E565000_N5951000_500", "tile_250": "NO_E565250_N5951250_250", "LaneCount": 2, "DirectionMode": "two-way", "OSMWidthMeters": 2.0, "ScaledOSMWidthStuds": 7.142856, "GameplayMinimumStuds": 28.0, "FinalWidthStuds": 28.0}}, {"type": "Feature", "geometry": {"type": "LineString", "coordinates": [[565560.3220564579, 5950824.71645219], [565571.0898288263, 5950798.339737112]]}, "properties": {"bicycle": "permissive", "foot": "yes", "highway": "path", "lit": "no", "surface": "paving_stones", "width": "1", "osm_id": 379599003, "tile_500": "NO_E565500_N5950500_500", "tile_250": "NO_E565500_N5950750_250", "LaneCount": 2, "DirectionMode": "two-way", "OSMWidthMeters": 1.0, "ScaledOSMWidthStuds": 3.571428, "GameplayMinimumStuds": 6.0, "FinalWidthStuds": 6.0}}, {"type": "Feature", "geometry": {"type": "LineString", "coordinates": [[565419.1087808195, 5951395.961502134], [565455.115702116, 5951386.471498651]]}, "properties": {"bicycle": "designated", "check_date:surface": "2023-05-21", "cycleway:surface": "paving_stones", "cycleway:width": "2", "direction": "forward", "foot": "designated", "footway:surface": "paving_stones", "highway": "footway", "lit": "yes", "segregated": "yes", "surface": "paving_stones", "osm_id": 379870014, "tile_500": "NO_E565000_N5951000_500", "tile_250": "NO_E565250_N5951250_250", "LaneCount": 2, "DirectionMode": "two-way", "OSMWidthMeters": 2.0, "ScaledOSMWidthStuds": 7.142856, "GameplayMinimumStuds": 7.0, "FinalWidthStuds": 7.142856}}, {"type": "Feature", "geometry": {"type": "LineString", "coordinates": [[565383.5589073709, 5951401.563640052], [565419.1087808195, 5951395.961502134]]}, "properties": {"bicycle": "designated", "bridge": "yes", "cycleway:surface": "asphalt", "foot": "designated", "footway:surface": "asphalt", "highway": "path", "layer": "1", "lit": "yes", "segregated": "yes", "surface": "asphalt", "osm_id": 379870015, "tile_500": "NO_E565000_N5951000_500", "tile_250": "NO_E565250_N5951250_250", "LaneCount": 2, "DirectionMode": "two-way", "OSMWidthMeters": 1.5, "ScaledOSMWidthStuds": 5.357142, "GameplayMinimumStuds": 6.0, "FinalWidthStuds": 6.0}}, {"type": "Feature", "geometry": {"type": "LineString", "coordinates": [[565492.7883974366, 5951914.981719567], [565485.495162939, 5951924.838727721]]}, "properties": {"bicycle": "designated", "foot": "designated", "highway": "path", "lit": "yes", "segregated": "no", "surface": "paving_stones", "osm_id": 379870016, "tile_500": "NO_E565000_N5951500_500", "tile_250": "NO_E565250_N5951750_250", "LaneCount": 2, "DirectionMode": "two-way", "OSMWidthMeters": 1.5, "ScaledOSMWidthStuds": 5.357142, "GameplayMinimumStuds": 6.0, "FinalWidthStuds": 6.0}}, {"type": "Feature", "geometry": {"type": "LineString", "coordinates": [[565422.7807184319, 5951420.01400433], [565387.5496632112, 5951423.595409794]]}, "properties": {"bicycle": "designated", "bridge": "yes", "foot": "designated", "footway:surface": "paving_stones", "highway": "path", "layer": "2", "lit": "yes", "segregated": "yes", "osm_id": 379870017, "tile_500": "NO_E565000_N5951000_500", "tile_250": "NO_E565250_N5951250_250", "LaneCount": 2, "DirectionMode": "two-way", "OSMWidthMeters": 1.5, "ScaledOSMWidthStuds": 5.357142, "GameplayMinimumStuds": 6.0, "FinalWidthStuds": 6.0}}, {"type": "Feature", "geometry": {"type": "LineString", "coordinates": [[565436.8651005066, 5951418.875161004], [565422.7807184319, 5951420.01400433]]}, "properties": {"bicycle": "designated", "cycleway:surface": "paving_stones", "foot": "designated", "footway:surface": "sett", "highway": "path", "lit": "yes", "segregated": "yes", "surface": "paved", "osm_id": 379870018, "tile_500": "NO_E565000_N5951000_500", "tile_250": "NO_E565250_N5951250_250", "LaneCount": 2, "DirectionMode": "two-way", "OSMWidthMeters": 1.5, "ScaledOSMWidthStuds": 5.357142, "GameplayMinimumStuds": 6.0, "FinalWidthStuds": 6.0}}, {"type": "Feature", "geometry": {"type": "LineString", "coordinates": [[565485.495162939, 5951924.838727721], [565481.9501453476, 5951993.421692129]]}, "properties": {"bicycle": "designated", "foot": "designated", "highway": "path", "lit": "yes", "segregated": "no", "surface": "paving_stones", "osm_id": 379870019, "tile_500": "NO_E565000_N5951500_500", "tile_250": "NO_E565250_N5951750_250", "LaneCount": 2, "DirectionMode": "two-way", "OSMWidthMeters": 1.5, "ScaledOSMWidthStuds": 5.357142, "GameplayMinimumStuds": 6.0, "FinalWidthStuds": 6.0}}, {"type": "Feature", "geometry": {"type": "LineString", "coordinates": [[565687.0587354617, 5951105.001939065], [565623.7204112152, 5951149.091721923]]}, "properties": {"access": "permissive", "bicycle": "yes", "foot": "yes", "highway": "service", "oneway": "no", "surface": "paved", "osm_id": 380845886, "tile_500": "NO_E565500_N5951000_500", "tile_250": "NO_E565500_N5951000_250", "LaneCount": 2, "DirectionMode": "two-way", "OSMWidthMeters": 4.0, "ScaledOSMWidthStuds": 14.285712, "GameplayMinimumStuds": 28.0, "FinalWidthStuds": 28.0}}, {"type": "Feature", "geometry": {"type": "LineString", "coordinates": [[565659.6570485145, 5951487.293206297], [565650.8906488345, 5951491.487874839], [565646.6955295742, 5951482.738845403], [565655.4617857133, 5951478.555293987], [565659.6570485145, 5951487.293206297]]}, "properties": {"highway": "service", "osm_id": 383051353, "tile_500": "NO_E565500_N5951000_500", "tile_250": "NO_E565500_N5951250_250", "LaneCount": 2, "DirectionMode": "two-way", "OSMWidthMeters": 4.0, "ScaledOSMWidthStuds": 14.285712, "GameplayMinimumStuds": 28.0, "FinalWidthStuds": 28.0}}, {"type": "Feature", "geometry": {"type": "LineString", "coordinates": [[565659.6570485145, 5951487.293206297], [565680.9325552506, 5951491.674681745]]}, "properties": {"highway": "service", "osm_id": 383051353, "tile_500": "NO_E565500_N5951000_500", "tile_250": "NO_E565500_N5951250_250", "LaneCount": 2, "DirectionMode": "two-way", "OSMWidthMeters": 4.0, "ScaledOSMWidthStuds": 14.285712, "GameplayMinimumStuds": 28.0, "FinalWidthStuds": 28.0}}, {"type": "Feature", "geometry": {"type": "LineString", "coordinates": [[565635.1810531017, 5951490.8341140505], [565650.8906488345, 5951491.487874839]]}, "properties": {"highway": "service", "osm_id": 383051354, "tile_500": "NO_E565500_N5951000_500", "tile_250": "NO_E565500_N5951250_250", "LaneCount": 2, "DirectionMode": "two-way", "OSMWidthMeters": 4.0, "ScaledOSMWidthStuds": 14.285712, "GameplayMinimumStuds": 28.0, "FinalWidthStuds": 28.0}}, {"type": "Feature", "geometry": {"type": "LineString", "coordinates": [[565647.8652540777, 5951521.811618747], [565649.0098957967, 5951510.778344207]]}, "properties": {"highway": "service", "osm_id": 383051355, "tile_500": "NO_E565500_N5951500_500", "tile_250": "NO_E565500_N5951500_250", "LaneCount": 2, "DirectionMode": "two-way", "OSMWidthMeters": 4.0, "ScaledOSMWidthStuds": 14.285712, "GameplayMinimumStuds": 28.0, "FinalWidthStuds": 28.0}}, {"type": "Feature", "geometry": {"type": "LineString", "coordinates": [[565650.4204593892, 5951496.310492071], [565650.8906488345, 5951491.487874839]]}, "properties": {"highway": "service", "osm_id": 383051356, "tile_500": "NO_E565500_N5951000_500", "tile_250": "NO_E565500_N5951250_250", "LaneCount": 2, "DirectionMode": "two-way", "OSMWidthMeters": 4.0, "ScaledOSMWidthStuds": 14.285712, "GameplayMinimumStuds": 28.0, "FinalWidthStuds": 28.0}}, {"type": "Feature", "geometry": {"type": "LineString", "coordinates": [[565649.0098957967, 5951510.778344207], [565650.4204593892, 5951496.310492071]]}, "properties": {"highway": "service", "tunnel": "building_passage", "osm_id": 383051357, "tile_500": "NO_E565500_N5951500_500", "tile_250": "NO_E565500_N5951500_250", "LaneCount": 2, "DirectionMode": "two-way", "OSMWidthMeters": 4.0, "ScaledOSMWidthStuds": 14.285712, "GameplayMinimumStuds": 28.0, "FinalWidthStuds": 28.0}}, {"type": "Feature", "geometry": {"type": "LineString", "coordinates": [[566506.8606022212, 5951527.43386432], [566505.2230973913, 5951523.727540054]]}, "properties": {"highway": "footway", "lit": "yes", "osm_id": 384704564, "tile_500": "NO_E566500_N5951500_500", "tile_250": "NO_E566500_N5951500_250", "LaneCount": 2, "DirectionMode": "two-way", "OSMWidthMeters": 2.0, "ScaledOSMWidthStuds": 7.142856, "GameplayMinimumStuds": 7.0, "FinalWidthStuds": 7.142856}}, {"type": "Feature", "geometry": {"type": "LineString", "coordinates": [[566505.2230973913, 5951523.727540054], [566501.7694179013, 5951515.878399108]]}, "properties": {"highway": "steps", "incline": "down", "lit": "yes", "osm_id": 384704565, "tile_500": "NO_E566500_N5951500_500", "tile_250": "NO_E566500_N5951500_250", "LaneCount": 2, "DirectionMode": "two-way", "OSMWidthMeters": 2.0, "ScaledOSMWidthStuds": 7.142856, "GameplayMinimumStuds": 28.0, "FinalWidthStuds": 28.0}}, {"type": "Feature", "geometry": {"type": "LineString", "coordinates": [[566501.7694179013, 5951515.878399108], [566500.4461571294, 5951510.028976616]]}, "properties": {"highway": "footway", "lit": "yes", "osm_id": 384704566, "tile_500": "NO_E566500_N5951500_500", "tile_250": "NO_E566500_N5951500_250", "LaneCount": 2, "DirectionMode": "two-way", "OSMWidthMeters": 2.0, "ScaledOSMWidthStuds": 7.142856, "GameplayMinimumStuds": 7.0, "FinalWidthStuds": 7.142856}}, {"type": "Feature", "geometry": {"type": "LineString", "coordinates": [[566495.4233187818, 5951531.377692015], [566538.5189902763, 5951516.510727021]]}, "properties": {"highway": "service", "service": "parking_aisle", "osm_id": 384704568, "tile_500": "NO_E566500_N5951500_500", "tile_250": "NO_E566500_N5951500_250", "LaneCount": 2, "DirectionMode": "two-way", "OSMWidthMeters": 4.0, "ScaledOSMWidthStuds": 14.285712, "GameplayMinimumStuds": 28.0, "FinalWidthStuds": 28.0}}, {"type": "Feature", "geometry": {"type": "LineString", "coordinates": [[566492.3581426922, 5951579.960224246], [566477.8029597724, 5951537.4593761815], [566495.4233187818, 5951531.377692015], [566504.8553483696, 5951558.984505654]]}, "properties": {"highway": "service", "service": "parking_aisle", "surface": "asphalt", "osm_id": 384704569, "tile_500": "NO_E566000_N5951500_500", "tile_250": "NO_E566250_N5951500_250", "LaneCount": 2, "DirectionMode": "two-way", "OSMWidthMeters": 4.0, "ScaledOSMWidthStuds": 14.285712, "GameplayMinimumStuds": 28.0, "FinalWidthStuds": 28.0}}, {"type": "Feature", "geometry": {"type": "LineString", "coordinates": [[566722.6076737681, 5951135.447040131], [566754.3810249898, 5951073.041234272], [566775.0961617023, 5951061.6635161005]]}, "properties": {"highway": "footway", "lit": "yes", "surface": "paving_stones", "osm_id": 387790418, "tile_500": "NO_E566500_N5951000_500", "tile_250": "NO_E566500_N5951000_250", "LaneCount": 2, "DirectionMode": "two-way", "OSMWidthMeters": 2.0, "ScaledOSMWidthStuds": 7.142856, "GameplayMinimumStuds": 7.0, "FinalWidthStuds": 7.142856}}, {"type": "Feature", "geometry": {"type": "LineString", "coordinates": [[565508.0790295651, 5951379.633082992], [565511.1862050084, 5951379.798865985]]}, "properties": {"highway": "footway", "level": "-1", "lit": "yes", "surface": "paving_stones", "tunnel": "yes", "osm_id": 388429496, "tile_500": "NO_E565500_N5951000_500", "tile_250": "NO_E565500_N5951250_250", "LaneCount": 2, "DirectionMode": "two-way", "OSMWidthMeters": 2.0, "ScaledOSMWidthStuds": 7.142856, "GameplayMinimumStuds": 7.0, "FinalWidthStuds": 7.142856}}, {"type": "Feature", "geometry": {"type": "LineString", "coordinates": [[565523.1851287063, 5951357.344879097], [565514.3972773417, 5951356.921728373]]}, "properties": {"highway": "footway", "lit": "yes", "surface": "paving_stones", "osm_id": 388429497, "tile_500": "NO_E565500_N5951000_500", "tile_250": "NO_E565500_N5951250_250", "LaneCount": 2, "DirectionMode": "two-way", "OSMWidthMeters": 2.0, "ScaledOSMWidthStuds": 7.142856, "GameplayMinimumStuds": 7.0, "FinalWidthStuds": 7.142856}}, {"type": "Feature", "geometry": {"type": "LineString", "coordinates": [[565508.9449093575, 5951362.064241116], [565511.1862050084, 5951379.798865985]]}, "properties": {"highway": "footway", "indoor": "yes", "osm_id": 388429498, "tile_500": "NO_E565500_N5951000_500", "tile_250": "NO_E565500_N5951250_250", "LaneCount": 2, "DirectionMode": "two-way", "OSMWidthMeters": 2.0, "ScaledOSMWidthStuds": 7.142856, "GameplayMinimumStuds": 7.0, "FinalWidthStuds": 7.142856}}, {"type": "Feature", "geometry": {"type": "LineString", "coordinates": [[565506.6100493296, 5951421.484122268], [565508.2238609522, 5951376.352589433]]}, "properties": {"highway": "footway", "level": "-1", "lit": "yes", "surface": "tiles", "tunnel": "yes", "osm_id": 388429499, "tile_500": "NO_E565500_N5951000_500", "tile_250": "NO_E565500_N5951250_250", "LaneCount": 2, "DirectionMode": "two-way", "OSMWidthMeters": 2.0, "ScaledOSMWidthStuds": 7.142856, "GameplayMinimumStuds": 7.0, "FinalWidthStuds": 7.142856}}, {"type": "Feature", "geometry": {"type": "LineString", "coordinates": [[565506.8870327196, 5951331.190989856], [565515.9596936392, 5951331.55133941]]}, "properties": {"highway": "footway", "lit": "yes", "surface": "paving_stones", "tunnel": "building_passage", "osm_id": 396791149, "tile_500": "NO_E565500_N5951000_500", "tile_250": "NO_E565500_N5951250_250", "LaneCount": 2, "DirectionMode": "two-way", "OSMWidthMeters": 2.0, "ScaledOSMWidthStuds": 7.142856, "GameplayMinimumStuds": 7.0, "FinalWidthStuds": 7.142856}}, {"type": "Feature", "geometry": {"type": "LineString", "coordinates": [[565515.9596936392, 5951331.55133941], [565517.6620453649, 5951331.619619499]]}, "properties": {"highway": "footway", "lit": "yes", "surface": "paving_stones", "osm_id": 396791150, "tile_500": "NO_E565500_N5951000_500", "tile_250": "NO_E565500_N5951250_250", "LaneCount": 2, "DirectionMode": "two-way", "OSMWidthMeters": 2.0, "ScaledOSMWidthStuds": 7.142856, "GameplayMinimumStuds": 7.0, "FinalWidthStuds": 7.142856}}, {"type": "Feature", "geometry": {"type": "LineString", "coordinates": [[565503.4625267605, 5951331.054161661], [565506.8870327196, 5951331.190989856]]}, "properties": {"highway": "footway", "lit": "yes", "surface": "paving_stones", "osm_id": 396791151, "tile_500": "NO_E565500_N5951000_500", "tile_250": "NO_E565500_N5951250_250", "LaneCount": 2, "DirectionMode": "two-way", "OSMWidthMeters": 2.0, "ScaledOSMWidthStuds": 7.142856, "GameplayMinimumStuds": 7.0, "FinalWidthStuds": 7.142856}}, {"type": "Feature", "geometry": {"type": "LineString", "coordinates": [[565495.8866477923, 5951519.520587473], [565495.3572917116, 5951530.484591001]]}, "properties": {"access": "customers", "handrail": "yes", "highway": "steps", "incline": "up", "lit": "yes", "ramp": "no", "step_count": "32", "surface": "concrete", "tactile_paving": "no", "osm_id": 405005083, "tile_500": "NO_E565000_N5951500_500", "tile_250": "NO_E565250_N5951500_250", "LaneCount": 2, "DirectionMode": "two-way", "OSMWidthMeters": 2.0, "ScaledOSMWidthStuds": 7.142856, "GameplayMinimumStuds": 28.0, "FinalWidthStuds": 28.0}}, {"type": "Feature", "geometry": {"type": "LineString", "coordinates": [[565802.3730552099, 5951265.625106592], [565783.2525118262, 5951263.810312524], [565753.5879337096, 5951209.739227613]]}, "properties": {"access": "destination", "highway": "service", "oneway": "yes", "surface": "asphalt", "osm_id": 409307858, "tile_500": "NO_E565500_N5951000_500", "tile_250": "NO_E565750_N5951000_250", "LaneCount": 1, "DirectionMode": "one-way", "OSMWidthMeters": 4.0, "ScaledOSMWidthStuds": 14.285712, "GameplayMinimumStuds": 14.0, "FinalWidthStuds": 14.285712}}, {"type": "Feature", "geometry": {"type": "LineString", "coordinates": [[565406.7220007677, 5951540.041416451], [565414.3275872917, 5951536.219563779], [565419.4214800503, 5951543.033655668], [565413.5852262204, 5951549.216874912], [565406.7220007677, 5951540.041416451]]}, "properties": {"highway": "residential", "lit": "yes", "name": "Rathausallee", "osm_id": 410367556, "tile_500": "NO_E565000_N5951500_500", "tile_250": "NO_E565250_N5951500_250", "LaneCount": 2, "DirectionMode": "two-way", "OSMWidthMeters": 6.0, "ScaledOSMWidthStuds": 21.428568, "GameplayMinimumStuds": 28.0, "FinalWidthStuds": 28.0}}, {"type": "Feature", "geometry": {"type": "LineString", "coordinates": [[565503.3128098855, 5951417.910773377], [565503.2112360473, 5951420.457477752]]}, "properties": {"highway": "footway", "lit": "yes", "surface": "tiles", "osm_id": 427772862, "tile_500": "NO_E565500_N5951000_500", "tile_250": "NO_E565500_N5951250_250", "LaneCount": 2, "DirectionMode": "two-way", "OSMWidthMeters": 2.0, "ScaledOSMWidthStuds": 7.142856, "GameplayMinimumStuds": 7.0, "FinalWidthStuds": 7.142856}}, {"type": "Feature", "geometry": {"type": "LineString", "coordinates": [[565509.2774769703, 5951374.653715905], [565509.8532299395, 5951363.679236207]]}, "properties": {"handrail": "yes", "highway": "steps", "incline": "up", "level": "-1;0", "lit": "yes", "ramp": "no", "step_count": "34", "surface": "paving_stones", "tactile_paving": "yes", "osm_id": 427772863, "tile_500": "NO_E565500_N5951000_500", "tile_250": "NO_E565500_N5951250_250", "LaneCount": 2, "DirectionMode": "two-way", "OSMWidthMeters": 2.0, "ScaledOSMWidthStuds": 7.142856, "GameplayMinimumStuds": 28.0, "FinalWidthStuds": 28.0}}, {"type": "Feature", "geometry": {"type": "LineString", "coordinates": [[565508.8789859357, 5951429.672019618], [565508.993532074, 5951426.669282308]]}, "properties": {"handrail": "yes", "highway": "steps", "incline": "up", "level": "-0.7;-1", "lit": "yes", "ramp": "no", "step_count": "10", "surface": "tiles", "tunnel": "yes", "osm_id": 427772864, "tile_500": "NO_E565500_N5951000_500", "tile_250": "NO_E565500_N5951250_250", "LaneCount": 2, "DirectionMode": "two-way", "OSMWidthMeters": 2.0, "ScaledOSMWidthStuds": 7.142856, "GameplayMinimumStuds": 28.0, "FinalWidthStuds": 28.0}}, {"type": "Feature", "geometry": {"type": "LineString", "coordinates": [[565505.9912196309, 5951426.560600051], [565505.8026681507, 5951431.554068057]]}, "properties": {"handrail": "yes", "highway": "steps", "incline": "up", "level": "0;-0.7", "lit": "yes", "ramp": "no", "step_count": "16", "surface": "tiles", "tunnel": "yes", "osm_id": 427772865, "tile_500": "NO_E565500_N5951000_500", "tile_250": "NO_E565500_N5951250_250", "LaneCount": 2, "DirectionMode": "two-way", "OSMWidthMeters": 2.0, "ScaledOSMWidthStuds": 7.142856, "GameplayMinimumStuds": 28.0, "FinalWidthStuds": 28.0}}, {"type": "Feature", "geometry": {"type": "LineString", "coordinates": [[565502.8005141258, 5951431.434262813], [565503.2112360473, 5951420.457477752]]}, "properties": {"handrail": "yes", "highway": "steps", "incline": "up", "level": "0;1", "lit": "yes", "ramp": "no", "step_count": "34", "surface": "tiles", "osm_id": 427772866, "tile_500": "NO_E565500_N5951000_500", "tile_250": "NO_E565500_N5951250_250", "LaneCount": 2, "DirectionMode": "two-way", "OSMWidthMeters": 2.0, "ScaledOSMWidthStuds": 7.142856, "GameplayMinimumStuds": 28.0, "FinalWidthStuds": 28.0}}, {"type": "Feature", "geometry": {"type": "LineString", "coordinates": [[565507.3772778328, 5951374.571548987], [565507.9531816863, 5951363.58594409]]}, "properties": {"conveying": "forward", "description": "Von der Schalterhalle Rathausallee zum ZOB", "highway": "steps", "incline": "up", "indoor": "yes", "level": "-1;0", "operator": "Hamburger Hochbahn AG", "ref": "228", "width": "1.0 m", "osm_id": 427772867, "tile_500": "NO_E565500_N5951000_500", "tile_250": "NO_E565500_N5951250_250", "LaneCount": 2, "DirectionMode": "two-way", "OSMWidthMeters": 1.0, "ScaledOSMWidthStuds": 3.571428, "GameplayMinimumStuds": 28.0, "FinalWidthStuds": 28.0}}, {"type": "Feature", "geometry": {"type": "LineString", "coordinates": [[565479.5184678319, 5951536.261050946], [565479.4769288799, 5951537.818275453]]}, "properties": {"bridge": "yes", "highway": "path", "layer": "1", "surface": "paving_stones", "osm_id": 427772868, "tile_500": "NO_E565000_N5951500_500", "tile_250": "NO_E565250_N5951500_250", "LaneCount": 2, "DirectionMode": "two-way", "OSMWidthMeters": 1.5, "ScaledOSMWidthStuds": 5.357142, "GameplayMinimumStuds": 6.0, "FinalWidthStuds": 6.0}}, {"type": "Feature", "geometry": {"type": "LineString", "coordinates": [[565499.0970685543, 5951534.5092017185], [565498.9411410625, 5951537.166419461]]}, "properties": {"bridge": "yes", "highway": "footway", "lit": "yes", "surface": "paving_stones", "osm_id": 427772869, "tile_500": "NO_E565000_N5951500_500", "tile_250": "NO_E565250_N5951500_250", "LaneCount": 2, "DirectionMode": "two-way", "OSMWidthMeters": 2.0, "ScaledOSMWidthStuds": 7.142856, "GameplayMinimumStuds": 7.0, "FinalWidthStuds": 7.142856}}, {"type": "Feature", "geometry": {"type": "LineString", "coordinates": [[565509.8532299395, 5951363.679236207], [565507.9531816863, 5951363.58594409]]}, "properties": {"highway": "footway", "indoor": "yes", "osm_id": 427772870, "tile_500": "NO_E565500_N5951000_500", "tile_250": "NO_E565500_N5951250_250", "LaneCount": 2, "DirectionMode": "two-way", "OSMWidthMeters": 2.0, "ScaledOSMWidthStuds": 7.142856, "GameplayMinimumStuds": 7.0, "FinalWidthStuds": 7.142856}}, {"type": "Feature", "geometry": {"type": "LineString", "coordinates": [[565507.3772778328, 5951374.571548987], [565509.2774769703, 5951374.653715905]]}, "properties": {"highway": "footway", "level": "-1", "lit": "yes", "surface": "paving_stones", "tunnel": "yes", "osm_id": 427772871, "tile_500": "NO_E565500_N5951000_500", "tile_250": "NO_E565500_N5951250_250", "LaneCount": 2, "DirectionMode": "two-way", "OSMWidthMeters": 2.0, "ScaledOSMWidthStuds": 7.142856, "GameplayMinimumStuds": 7.0, "FinalWidthStuds": 7.142856}}, {"type": "Feature", "geometry": {"type": "LineString", "coordinates": [[565493.9648424113, 5951519.571649172], [565498.5515035039, 5951519.6801892305]]}, "properties": {"highway": "footway", "indoor": "yes", "level": "-1", "surface": "tiles", "osm_id": 427772872, "tile_500": "NO_E565000_N5951500_500", "tile_250": "NO_E565250_N5951500_250", "LaneCount": 2, "DirectionMode": "two-way", "OSMWidthMeters": 2.0, "ScaledOSMWidthStuds": 7.142856, "GameplayMinimumStuds": 7.0, "FinalWidthStuds": 7.142856}}, {"type": "Feature", "geometry": {"type": "LineString", "coordinates": [[565505.9912196309, 5951426.560600051], [565508.993532074, 5951426.669282308]]}, "properties": {"highway": "footway", "indoor": "yes", "level": "-0.7", "surface": "tiles", "tunnel": "yes", "osm_id": 427772873, "tile_500": "NO_E565500_N5951000_500", "tile_250": "NO_E565500_N5951250_250", "LaneCount": 2, "DirectionMode": "two-way", "OSMWidthMeters": 2.0, "ScaledOSMWidthStuds": 7.142856, "GameplayMinimumStuds": 7.0, "FinalWidthStuds": 7.142856}}, {"type": "Feature", "geometry": {"type": "LineString", "coordinates": [[565502.8005141258, 5951431.434262813], [565505.8026681507, 5951431.554068057]]}, "properties": {"highway": "footway", "indoor": "yes", "level": "0", "surface": "tiles", "tunnel": "yes", "osm_id": 427772874, "tile_500": "NO_E565500_N5951000_500", "tile_250": "NO_E565500_N5951250_250", "LaneCount": 2, "DirectionMode": "two-way", "OSMWidthMeters": 2.0, "ScaledOSMWidthStuds": 7.142856, "GameplayMinimumStuds": 7.0, "FinalWidthStuds": 7.142856}}, {"type": "Feature", "geometry": {"type": "LineString", "coordinates": [[565503.2341199763, 5951530.883866254], [565495.3572917116, 5951530.484591001]]}, "properties": {"bridge": "yes", "highway": "footway", "lit": "yes", "surface": "tiles", "osm_id": 427772875, "tile_500": "NO_E565000_N5951500_500", "tile_250": "NO_E565250_N5951500_250", "LaneCount": 2, "DirectionMode": "two-way", "OSMWidthMeters": 2.0, "ScaledOSMWidthStuds": 7.142856, "GameplayMinimumStuds": 7.0, "FinalWidthStuds": 7.142856}}, {"type": "Feature", "geometry": {"type": "LineString", "coordinates": [[565500.0172658107, 5951429.348006048], [565512.1245840212, 5951429.850863873]]}, "properties": {"highway": "footway", "indoor": "yes", "level": "-1", "surface": "tiles", "tunnel": "yes", "osm_id": 427772995, "tile_500": "NO_E565500_N5951000_500", "tile_250": "NO_E565500_N5951250_250", "LaneCount": 2, "DirectionMode": "two-way", "OSMWidthMeters": 2.0, "ScaledOSMWidthStuds": 7.142856, "GameplayMinimumStuds": 7.0, "FinalWidthStuds": 7.142856}}, {"type": "Feature", "geometry": {"type": "LineString", "coordinates": [[566640.3838121218, 5951040.999017837], [566653.199480113, 5950992.632963488]]}, "properties": {"foot": "designated", "highway": "path", "lit": "yes", "surface": "paving_stones", "osm_id": 428572977, "tile_500": "NO_E566500_N5951000_500", "tile_250": "NO_E566500_N5951000_250", "LaneCount": 2, "DirectionMode": "two-way", "OSMWidthMeters": 1.5, "ScaledOSMWidthStuds": 5.357142, "GameplayMinimumStuds": 6.0, "FinalWidthStuds": 6.0}}, {"type": "Feature", "geometry": {"type": "LineString", "coordinates": [[566648.0127164709, 5952155.6000187835], [566676.0812052353, 5952161.985379986]]}, "properties": {"highway": "path", "surface": "paving_stones", "osm_id": 441244193, "tile_500": "NO_E566500_N5952000_500", "tile_250": "NO_E566500_N5952000_250", "LaneCount": 2, "DirectionMode": "two-way", "OSMWidthMeters": 1.5, "ScaledOSMWidthStuds": 5.357142, "GameplayMinimumStuds": 6.0, "FinalWidthStuds": 6.0}}, {"type": "Feature", "geometry": {"type": "LineString", "coordinates": [[566729.5466392332, 5952174.151114778], [566636.8794993174, 5952164.721963551]]}, "properties": {"bicycle": "yes", "foot": "yes", "highway": "path", "surface": "paving_stones", "osm_id": 441244194, "tile_500": "NO_E566500_N5952000_500", "tile_250": "NO_E566500_N5952000_250", "LaneCount": 2, "DirectionMode": "two-way", "OSMWidthMeters": 1.5, "ScaledOSMWidthStuds": 5.357142, "GameplayMinimumStuds": 6.0, "FinalWidthStuds": 6.0}}, {"type": "Feature", "geometry": {"type": "LineString", "coordinates": [[566031.3357401863, 5952048.691822804], [566035.1312883149, 5952047.754931888]]}, "properties": {"bicycle": "yes", "highway": "footway", "lit": "yes", "osm_id": 448557492, "tile_500": "NO_E566000_N5952000_500", "tile_250": "NO_E566000_N5952000_250", "LaneCount": 2, "DirectionMode": "two-way", "OSMWidthMeters": 2.0, "ScaledOSMWidthStuds": 7.142856, "GameplayMinimumStuds": 7.0, "FinalWidthStuds": 7.142856}}, {"type": "Feature", "geometry": {"type": "LineString", "coordinates": [[566811.4032242654, 5951288.830988179], [566811.6748030094, 5951193.719238656]]}, "properties": {"highway": "footway", "lit": "yes", "surface": "paving_stones", "osm_id": 448941669, "tile_500": "NO_E566500_N5951000_500", "tile_250": "NO_E566750_N5951000_250", "LaneCount": 2, "DirectionMode": "two-way", "OSMWidthMeters": 2.0, "ScaledOSMWidthStuds": 7.142856, "GameplayMinimumStuds": 7.0, "FinalWidthStuds": 7.142856}}, {"type": "Feature", "geometry": {"type": "LineString", "coordinates": [[565861.2574576186, 5952262.424417854], [565847.3200883617, 5952275.358837841]]}, "properties": {"highway": "service", "service": "parking_aisle", "surface": "paving_stones", "osm_id": 458274133, "tile_500": "NO_E565500_N5952000_500", "tile_250": "NO_E565750_N5952250_250", "LaneCount": 2, "DirectionMode": "two-way", "OSMWidthMeters": 4.0, "ScaledOSMWidthStuds": 14.285712, "GameplayMinimumStuds": 28.0, "FinalWidthStuds": 28.0}}, {"type": "Feature", "geometry": {"type": "LineString", "coordinates": [[565499.5716871831, 5951436.674592135], [565511.6629893043, 5951437.3775147]]}, "properties": {"highway": "footway", "indoor": "yes", "level": "-1", "osm_id": 458498403, "tile_500": "NO_E565500_N5951000_500", "tile_250": "NO_E565500_N5951250_250", "LaneCount": 2, "DirectionMode": "two-way", "OSMWidthMeters": 2.0, "ScaledOSMWidthStuds": 7.142856, "GameplayMinimumStuds": 7.0, "FinalWidthStuds": 7.142856}}, {"type": "Feature", "geometry": {"type": "LineString", "coordinates": [[566860.3822850232, 5951029.952488239], [566869.5971062897, 5950999.528408877]]}, "properties": {"highway": "service", "service": "parking_aisle", "osm_id": 461675755, "tile_500": "NO_E566500_N5951000_500", "tile_250": "NO_E566750_N5951000_250", "LaneCount": 2, "DirectionMode": "two-way", "OSMWidthMeters": 4.0, "ScaledOSMWidthStuds": 14.285712, "GameplayMinimumStuds": 28.0, "FinalWidthStuds": 28.0}}, {"type": "Feature", "geometry": {"type": "LineString", "coordinates": [[566740.130616295, 5951121.954117823], [566730.2207493547, 5951144.223416146]]}, "properties": {"highway": "service", "service": "parking_aisle", "surface": "paving_stones", "osm_id": 461675756, "tile_500": "NO_E566500_N5951000_500", "tile_250": "NO_E566500_N5951000_250", "LaneCount": 2, "DirectionMode": "two-way", "OSMWidthMeters": 4.0, "ScaledOSMWidthStuds": 14.285712, "GameplayMinimumStuds": 28.0, "FinalWidthStuds": 28.0}}, {"type": "Feature", "geometry": {"type": "LineString", "coordinates": [[566839.866007197, 5951023.173023486], [566877.3434827683, 5951035.546396037], [566885.6506808817, 5951008.124891123]]}, "properties": {"highway": "service", "service": "parking_aisle", "osm_id": 461675758, "tile_500": "NO_E566500_N5951000_500", "tile_250": "NO_E566750_N5951000_250", "LaneCount": 2, "DirectionMode": "two-way", "OSMWidthMeters": 4.0, "ScaledOSMWidthStuds": 14.285712, "GameplayMinimumStuds": 28.0, "FinalWidthStuds": 28.0}}, {"type": "Feature", "geometry": {"type": "LineString", "coordinates": [[566787.4791919847, 5951166.246578828], [566841.5517928712, 5951091.618403044], [566860.3624241444, 5951043.393905521], [566832.6324740257, 5951035.031768108]]}, "properties": {"highway": "footway", "lit": "yes", "surface": "paving_stones", "osm_id": 461675759, "tile_500": "NO_E566500_N5951000_500", "tile_250": "NO_E566750_N5951000_250", "LaneCount": 2, "DirectionMode": "two-way", "OSMWidthMeters": 2.0, "ScaledOSMWidthStuds": 7.142856, "GameplayMinimumStuds": 7.0, "FinalWidthStuds": 7.142856}}, {"type": "Feature", "geometry": {"type": "LineString", "coordinates": [[565286.1446605131, 5951085.842630192], [565325.1356815336, 5951102.119097908], [565334.4698095776, 5951142.529370997], [565367.2872417866, 5951153.112156523]]}, "properties": {"bicycle": "yes", "description": "Hinterhofgang", "foot": "yes", "highway": "path", "horse": "no", "lit": "no", "surface": "paved", "width": "0.5", "osm_id": 486727379, "tile_500": "NO_E565000_N5951000_500", "tile_250": "NO_E565250_N5951000_250", "LaneCount": 2, "DirectionMode": "two-way", "OSMWidthMeters": 0.5, "ScaledOSMWidthStuds": 1.785714, "GameplayMinimumStuds": 6.0, "FinalWidthStuds": 6.0}}, {"type": "Feature", "geometry": {"type": "LineString", "coordinates": [[566815.0950549027, 5952268.570806088], [566908.8093255546, 5952290.38085367]]}, "properties": {"highway": "footway", "horse": "no", "lit": "no", "motor_vehicle": "no", "surface": "compacted", "osm_id": 488948936, "tile_500": "NO_E566500_N5952000_500", "tile_250": "NO_E566750_N5952250_250", "LaneCount": 2, "DirectionMode": "two-way", "OSMWidthMeters": 2.0, "ScaledOSMWidthStuds": 7.142856, "GameplayMinimumStuds": 7.0, "FinalWidthStuds": 7.142856}}, {"type": "Feature", "geometry": {"type": "LineString", "coordinates": [[566958.2353252848, 5952291.086176653], [566944.9757983191, 5952269.131984792]]}, "properties": {"highway": "path", "lit": "no", "surface": "compacted", "osm_id": 488948939, "tile_500": "NO_E566500_N5952000_500", "tile_250": "NO_E566750_N5952250_250", "LaneCount": 2, "DirectionMode": "two-way", "OSMWidthMeters": 1.5, "ScaledOSMWidthStuds": 5.357142, "GameplayMinimumStuds": 6.0, "FinalWidthStuds": 6.0}}, {"type": "Feature", "geometry": {"type": "LineString", "coordinates": [[566782.8132333662, 5952259.1424990725], [566773.072067268, 5952252.082663552]]}, "properties": {"bicycle": "no", "check_date:surface": "2021-07-07", "highway": "footway", "horse": "no", "lit": "no", "motor_vehicle": "no", "surface": "compacted", "osm_id": 488948944, "tile_500": "NO_E566500_N5952000_500", "tile_250": "NO_E566750_N5952250_250", "LaneCount": 2, "DirectionMode": "two-way", "OSMWidthMeters": 2.0, "ScaledOSMWidthStuds": 7.142856, "GameplayMinimumStuds": 7.0, "FinalWidthStuds": 7.142856}}, {"type": "Feature", "geometry": {"type": "LineString", "coordinates": [[566811.6160459683, 5951213.146555583], [566815.2833206297, 5951212.93172261]]}, "properties": {"highway": "footway", "lit": "yes", "surface": "paving_stones", "osm_id": 493192380, "tile_500": "NO_E566500_N5951000_500", "tile_250": "NO_E566750_N5951000_250", "LaneCount": 2, "DirectionMode": "two-way", "OSMWidthMeters": 2.0, "ScaledOSMWidthStuds": 7.142856, "GameplayMinimumStuds": 7.0, "FinalWidthStuds": 7.142856}}, {"type": "Feature", "geometry": {"type": "LineString", "coordinates": [[566836.7940593392, 5951204.069242223], [566815.2833206297, 5951212.93172261]]}, "properties": {"highway": "service", "service": "parking_aisle", "surface": "paving_stones", "osm_id": 493192381, "tile_500": "NO_E566500_N5951000_500", "tile_250": "NO_E566750_N5951000_250", "LaneCount": 2, "DirectionMode": "two-way", "OSMWidthMeters": 4.0, "ScaledOSMWidthStuds": 14.285712, "GameplayMinimumStuds": 28.0, "FinalWidthStuds": 28.0}}, {"type": "Feature", "geometry": {"type": "LineString", "coordinates": [[566793.3774587826, 5951177.669189512], [566776.8376801342, 5951186.101886507]]}, "properties": {"highway": "service", "service": "parking_aisle", "surface": "paving_stones", "osm_id": 493195323, "tile_500": "NO_E566500_N5951000_500", "tile_250": "NO_E566750_N5951000_250", "LaneCount": 2, "DirectionMode": "two-way", "OSMWidthMeters": 4.0, "ScaledOSMWidthStuds": 14.285712, "GameplayMinimumStuds": 28.0, "FinalWidthStuds": 28.0}}, {"type": "Feature", "geometry": {"type": "LineString", "coordinates": [[566751.9642948075, 5951153.812805489], [566742.4881890239, 5951185.969231452]]}, "properties": {"highway": "service", "service": "parking_aisle", "surface": "paving_stones", "osm_id": 493195324, "tile_500": "NO_E566500_N5951000_500", "tile_250": "NO_E566500_N5951000_250", "LaneCount": 2, "DirectionMode": "two-way", "OSMWidthMeters": 4.0, "ScaledOSMWidthStuds": 14.285712, "GameplayMinimumStuds": 28.0, "FinalWidthStuds": 28.0}}, {"type": "Feature", "geometry": {"type": "LineString", "coordinates": [[566705.3899979163, 5951135.369146128], [566704.6768569318, 5951171.600393882]]}, "properties": {"highway": "service", "service": "parking_aisle", "surface": "paving_stones", "osm_id": 493195325, "tile_500": "NO_E566500_N5951000_500", "tile_250": "NO_E566500_N5951000_250", "LaneCount": 2, "DirectionMode": "two-way", "OSMWidthMeters": 4.0, "ScaledOSMWidthStuds": 14.285712, "GameplayMinimumStuds": 28.0, "FinalWidthStuds": 28.0}}, {"type": "Feature", "geometry": {"type": "LineString", "coordinates": [[566665.9479598972, 5951125.606377253], [566665.473066724, 5951159.960507393]]}, "properties": {"highway": "service", "service": "parking_aisle", "surface": "paving_stones", "osm_id": 493195329, "tile_500": "NO_E566500_N5951000_500", "tile_250": "NO_E566500_N5951000_250", "LaneCount": 2, "DirectionMode": "two-way", "OSMWidthMeters": 4.0, "ScaledOSMWidthStuds": 14.285712, "GameplayMinimumStuds": 28.0, "FinalWidthStuds": 28.0}}, {"type": "Feature", "geometry": {"type": "LineString", "coordinates": [[566857.8980260576, 5951221.90643435], [566863.0369510185, 5951212.933217512]]}, "properties": {"bicycle": "designated", "cycleway:surface": "asphalt", "foot": "designated", "footway:surface": "asphalt", "highway": "path", "lit": "yes", "segregated": "yes", "surface": "asphalt", "osm_id": 493196667, "tile_500": "NO_E566500_N5951000_500", "tile_250": "NO_E566750_N5951000_250", "LaneCount": 2, "DirectionMode": "two-way", "OSMWidthMeters": 1.5, "ScaledOSMWidthStuds": 5.357142, "GameplayMinimumStuds": 6.0, "FinalWidthStuds": 6.0}}, {"type": "Feature", "geometry": {"type": "LineString", "coordinates": [[565974.3248823967, 5951887.5799797475], [565976.7570171576, 5951912.249817574]]}, "properties": {"cycleway:both": "lane", "cycleway:both:lane": "exclusive", "highway": "secondary", "lanes": "2", "lit": "yes", "maxspeed": "30", "name": "Ulzburger Stra\u00dfe", "sidewalk:both": "separate", "sidewalk:left:surface": "paving_stones", "surface": "asphalt", "osm_id": 550716592, "tile_500": "NO_E565500_N5951500_500", "tile_250": "NO_E565750_N5951750_250", "LaneCount": 2, "DirectionMode": "two-way", "OSMWidthMeters": 14.0, "ScaledOSMWidthStuds": 49.999992, "GameplayMinimumStuds": 28.0, "FinalWidthStuds": 49.999992}}, {"type": "Feature", "geometry": {"type": "LineString", "coordinates": [[565923.2493313096, 5951945.0349494815], [565924.6505929359, 5951976.845062115]]}, "properties": {"highway": "service", "service": "driveway", "osm_id": 550716595, "tile_500": "NO_E565500_N5951500_500", "tile_250": "NO_E565750_N5951750_250", "LaneCount": 2, "DirectionMode": "two-way", "OSMWidthMeters": 4.0, "ScaledOSMWidthStuds": 14.285712, "GameplayMinimumStuds": 28.0, "FinalWidthStuds": 28.0}}, {"type": "Feature", "geometry": {"type": "LineString", "coordinates": [[565497.1735711474, 5952028.773870014], [565500.4633614259, 5952064.994278927]]}, "properties": {"highway": "service", "service": "parking_aisle", "surface": "paving_stones", "osm_id": 550716597, "tile_500": "NO_E565000_N5952000_500", "tile_250": "NO_E565250_N5952000_250", "LaneCount": 2, "DirectionMode": "two-way", "OSMWidthMeters": 4.0, "ScaledOSMWidthStuds": 14.285712, "GameplayMinimumStuds": 28.0, "FinalWidthStuds": 28.0}}, {"type": "Feature", "geometry": {"type": "LineString", "coordinates": [[565987.6122329667, 5952253.640614393], [565986.9828553431, 5952277.3215942]]}, "properties": {"cycleway:both": "shared_lane", "cycleway:both:lane": "pictogram", "highway": "secondary", "lanes": "2", "lit": "yes", "maxspeed": "30", "name": "Ulzburger Stra\u00dfe", "sidewalk": "both", "sidewalk:both:surface": "paving_stones", "surface": "asphalt", "osm_id": 550716599, "tile_500": "NO_E565500_N5952000_500", "tile_250": "NO_E565750_N5952250_250", "LaneCount": 2, "DirectionMode": "two-way", "OSMWidthMeters": 14.0, "ScaledOSMWidthStuds": 49.999992, "GameplayMinimumStuds": 28.0, "FinalWidthStuds": 49.999992}}, {"type": "Feature", "geometry": {"type": "LineString", "coordinates": [[566746.9328785612, 5950771.832504993], [566895.3824011866, 5950664.009263969]]}, "properties": {"highway": "tertiary", "lanes": "2", "maxspeed": "50", "name": "Am Exerzierplatz", "surface": "asphalt", "osm_id": 550961107, "tile_500": "NO_E566500_N5950500_500", "tile_250": "NO_E566750_N5950500_250", "LaneCount": 2, "DirectionMode": "two-way", "OSMWidthMeters": 12.0, "ScaledOSMWidthStuds": 42.857136, "GameplayMinimumStuds": 28.0, "FinalWidthStuds": 42.857136}}, {"type": "Feature", "geometry": {"type": "LineString", "coordinates": [[565683.0898234023, 5951503.099118411], [565746.49136016, 5951453.736802662]]}, "properties": {"highway": "path", "segregated": "no", "surface": "paving_stones", "osm_id": 574445008, "tile_500": "NO_E565500_N5951000_500", "tile_250": "NO_E565500_N5951250_250", "LaneCount": 2, "DirectionMode": "two-way", "OSMWidthMeters": 1.5, "ScaledOSMWidthStuds": 5.357142, "GameplayMinimumStuds": 6.0, "FinalWidthStuds": 6.0}}, {"type": "Feature", "geometry": {"type": "LineString", "coordinates": [[565740.8334051978, 5951444.800279751], [565751.9998025815, 5951430.001820828], [565740.3861397494, 5951399.450735625]]}, "properties": {"highway": "service", "osm_id": 574445013, "tile_500": "NO_E565500_N5951000_500", "tile_250": "NO_E565500_N5951250_250", "LaneCount": 2, "DirectionMode": "two-way", "OSMWidthMeters": 4.0, "ScaledOSMWidthStuds": 14.285712, "GameplayMinimumStuds": 28.0, "FinalWidthStuds": 28.0}}, {"type": "Feature", "geometry": {"type": "LineString", "coordinates": [[565580.2225684256, 5951551.68788915], [565568.5097244348, 5951551.323887918]]}, "properties": {"handrail": "yes", "highway": "steps", "incline": "down", "layer": "-1", "level": "-1;0", "ramp": "no", "surface": "metal", "tactile_paving": "no", "osm_id": 574445017, "tile_500": "NO_E565500_N5951500_500", "tile_250": "NO_E565500_N5951500_250", "LaneCount": 2, "DirectionMode": "two-way", "OSMWidthMeters": 2.0, "ScaledOSMWidthStuds": 7.142856, "GameplayMinimumStuds": 28.0, "FinalWidthStuds": 28.0}}, {"type": "Feature", "geometry": {"type": "LineString", "coordinates": [[565400.0301725963, 5951028.343343459], [565371.4731599684, 5951034.154369265]]}, "properties": {"foot": "yes", "highway": "path", "surface": "paving_stones", "osm_id": 574828791, "tile_500": "NO_E565000_N5951000_500", "tile_250": "NO_E565250_N5951000_250", "LaneCount": 2, "DirectionMode": "two-way", "OSMWidthMeters": 1.5, "ScaledOSMWidthStuds": 5.357142, "GameplayMinimumStuds": 6.0, "FinalWidthStuds": 6.0}}, {"type": "Feature", "geometry": {"type": "LineString", "coordinates": [[565396.0585708971, 5951009.64999762], [565366.541499699, 5951015.647964506]]}, "properties": {"foot": "yes", "highway": "path", "surface": "paving_stones", "osm_id": 574828792, "tile_500": "NO_E565000_N5951000_500", "tile_250": "NO_E565250_N5951000_250", "LaneCount": 2, "DirectionMode": "two-way", "OSMWidthMeters": 1.5, "ScaledOSMWidthStuds": 5.357142, "GameplayMinimumStuds": 6.0, "FinalWidthStuds": 6.0}}, {"type": "Feature", "geometry": {"type": "LineString", "coordinates": [[565476.6165038707, 5951043.576277405], [565481.7961001337, 5951044.282804619]]}, "properties": {"foot": "yes", "highway": "path", "surface": "paving_stones", "osm_id": 574828793, "tile_500": "NO_E565000_N5951000_500", "tile_250": "NO_E565250_N5951000_250", "LaneCount": 2, "DirectionMode": "two-way", "OSMWidthMeters": 1.5, "ScaledOSMWidthStuds": 5.357142, "GameplayMinimumStuds": 6.0, "FinalWidthStuds": 6.0}}, {"type": "Feature", "geometry": {"type": "LineString", "coordinates": [[565477.9049488716, 5951020.794696718], [565483.3271781635, 5951021.148541543]]}, "properties": {"foot": "yes", "highway": "path", "surface": "paving_stones", "osm_id": 574828794, "tile_500": "NO_E565000_N5951000_500", "tile_250": "NO_E565250_N5951000_250", "LaneCount": 2, "DirectionMode": "two-way", "OSMWidthMeters": 1.5, "ScaledOSMWidthStuds": 5.357142, "GameplayMinimumStuds": 6.0, "FinalWidthStuds": 6.0}}, {"type": "Feature", "geometry": {"type": "LineString", "coordinates": [[565478.8862943532, 5951003.461141877], [565484.4574198576, 5951004.028481432]]}, "properties": {"foot": "yes", "highway": "path", "surface": "paving_stones", "osm_id": 574828795, "tile_500": "NO_E565000_N5951000_500", "tile_250": "NO_E565250_N5951000_250", "LaneCount": 2, "DirectionMode": "two-way", "OSMWidthMeters": 1.5, "ScaledOSMWidthStuds": 5.357142, "GameplayMinimumStuds": 6.0, "FinalWidthStuds": 6.0}}, {"type": "Feature", "geometry": {"type": "LineString", "coordinates": [[565452.1471265361, 5950973.12264431], [565485.2517379493, 5950992.055610792]]}, "properties": {"foot": "yes", "highway": "path", "surface": "paving_stones", "osm_id": 574828796, "tile_500": "NO_E565000_N5950500_500", "tile_250": "NO_E565250_N5950750_250", "LaneCount": 2, "DirectionMode": "two-way", "OSMWidthMeters": 1.5, "ScaledOSMWidthStuds": 5.357142, "GameplayMinimumStuds": 6.0, "FinalWidthStuds": 6.0}}, {"type": "Feature", "geometry": {"type": "LineString", "coordinates": [[565379.3098063268, 5950976.368944497], [565383.0114804663, 5950995.014003396]]}, "properties": {"highway": "service", "service": "parking_aisle", "osm_id": 574828798, "tile_500": "NO_E565000_N5950500_500", "tile_250": "NO_E565250_N5950750_250", "LaneCount": 2, "DirectionMode": "two-way", "OSMWidthMeters": 4.0, "ScaledOSMWidthStuds": 14.285712, "GameplayMinimumStuds": 28.0, "FinalWidthStuds": 28.0}}, {"type": "Feature", "geometry": {"type": "LineString", "coordinates": [[565485.6799978653, 5950985.496560666], [565478.1662121956, 5951067.365526247], [565402.365558052, 5951055.003189242]]}, "properties": {"foot": "yes", "highway": "path", "surface": "paving_stones", "osm_id": 574828799, "tile_500": "NO_E565000_N5951000_500", "tile_250": "NO_E565250_N5951000_250", "LaneCount": 2, "DirectionMode": "two-way", "OSMWidthMeters": 1.5, "ScaledOSMWidthStuds": 5.357142, "GameplayMinimumStuds": 6.0, "FinalWidthStuds": 6.0}}, {"type": "Feature", "geometry": {"type": "LineString", "coordinates": [[565483.6132816863, 5951075.397463301], [565478.1662121956, 5951067.365526247]]}, "properties": {"foot": "yes", "highway": "path", "surface": "paving_stones", "osm_id": 574828800, "tile_500": "NO_E565000_N5951000_500", "tile_250": "NO_E565250_N5951000_250", "LaneCount": 2, "DirectionMode": "two-way", "OSMWidthMeters": 1.5, "ScaledOSMWidthStuds": 5.357142, "GameplayMinimumStuds": 6.0, "FinalWidthStuds": 6.0}}, {"type": "Feature", "geometry": {"type": "LineString", "coordinates": [[565485.7129832922, 5951236.225455704], [565467.0204200214, 5951263.815905212]]}, "properties": {"bicycle": "designated", "foot": "designated", "highway": "path", "lit": "yes", "segregated": "no", "surface": "paving_stones", "osm_id": 574828803, "tile_500": "NO_E565000_N5951000_500", "tile_250": "NO_E565250_N5951250_250", "LaneCount": 2, "DirectionMode": "two-way", "OSMWidthMeters": 1.5, "ScaledOSMWidthStuds": 5.357142, "GameplayMinimumStuds": 6.0, "FinalWidthStuds": 6.0}}, {"type": "Feature", "geometry": {"type": "LineString", "coordinates": [[565310.6391073974, 5950916.9728480335], [565319.4989439019, 5950926.988208123]]}, "properties": {"foot": "yes", "highway": "path", "surface": "paving_stones", "osm_id": 574828804, "tile_500": "NO_E565000_N5950500_500", "tile_250": "NO_E565250_N5950750_250", "LaneCount": 2, "DirectionMode": "two-way", "OSMWidthMeters": 1.5, "ScaledOSMWidthStuds": 5.357142, "GameplayMinimumStuds": 6.0, "FinalWidthStuds": 6.0}}, {"type": "Feature", "geometry": {"type": "LineString", "coordinates": [[565335.2419162139, 5950946.2459391095], [565331.4007101578, 5950924.327597954]]}, "properties": {"highway": "service", "service": "parking_aisle", "osm_id": 574828806, "tile_500": "NO_E565000_N5950500_500", "tile_250": "NO_E565250_N5950750_250", "LaneCount": 2, "DirectionMode": "two-way", "OSMWidthMeters": 4.0, "ScaledOSMWidthStuds": 14.285712, "GameplayMinimumStuds": 28.0, "FinalWidthStuds": 28.0}}, {"type": "Feature", "geometry": {"type": "LineString", "coordinates": [[565287.2498600022, 5950939.024078597], [565295.4717625174, 5950948.385142943]]}, "properties": {"foot": "yes", "highway": "path", "surface": "paving_stones", "osm_id": 574828807, "tile_500": "NO_E565000_N5950500_500", "tile_250": "NO_E565250_N5950750_250", "LaneCount": 2, "DirectionMode": "two-way", "OSMWidthMeters": 1.5, "ScaledOSMWidthStuds": 5.357142, "GameplayMinimumStuds": 6.0, "FinalWidthStuds": 6.0}}, {"type": "Feature", "geometry": {"type": "LineString", "coordinates": [[565331.4007101578, 5950924.327597954], [565289.7115918697, 5950955.704551088]]}, "properties": {"foot": "yes", "highway": "path", "surface": "paving_stones", "osm_id": 574828808, "tile_500": "NO_E565000_N5950500_500", "tile_250": "NO_E565250_N5950750_250", "LaneCount": 2, "DirectionMode": "two-way", "OSMWidthMeters": 1.5, "ScaledOSMWidthStuds": 5.357142, "GameplayMinimumStuds": 6.0, "FinalWidthStuds": 6.0}}, {"type": "Feature", "geometry": {"type": "LineString", "coordinates": [[565299.1719172437, 5950927.784634623], [565307.6671975071, 5950937.427703346]]}, "properties": {"foot": "yes", "highway": "path", "surface": "paving_stones", "osm_id": 574828809, "tile_500": "NO_E565000_N5950500_500", "tile_250": "NO_E565250_N5950750_250", "LaneCount": 2, "DirectionMode": "two-way", "OSMWidthMeters": 1.5, "ScaledOSMWidthStuds": 5.357142, "GameplayMinimumStuds": 6.0, "FinalWidthStuds": 6.0}}, {"type": "Feature", "geometry": {"type": "LineString", "coordinates": [[565286.4475167982, 5951065.973744409], [565283.438503857, 5951052.568166168]]}, "properties": {"foot": "yes", "highway": "path", "surface": "paving_stones", "osm_id": 574828818, "tile_500": "NO_E565000_N5951000_500", "tile_250": "NO_E565250_N5951000_250", "LaneCount": 2, "DirectionMode": "two-way", "OSMWidthMeters": 1.5, "ScaledOSMWidthStuds": 5.357142, "GameplayMinimumStuds": 6.0, "FinalWidthStuds": 6.0}}, {"type": "Feature", "geometry": {"type": "LineString", "coordinates": [[565305.2537206769, 5951062.45221012], [565302.8337452582, 5951049.422012519]]}, "properties": {"foot": "yes", "highway": "path", "surface": "paving_stones", "osm_id": 574828819, "tile_500": "NO_E565000_N5951000_500", "tile_250": "NO_E565250_N5951000_250", "LaneCount": 2, "DirectionMode": "two-way", "OSMWidthMeters": 1.5, "ScaledOSMWidthStuds": 5.357142, "GameplayMinimumStuds": 6.0, "FinalWidthStuds": 6.0}}, {"type": "Feature", "geometry": {"type": "LineString", "coordinates": [[565327.7139577442, 5951058.247229396], [565325.3653558441, 5951045.785497662]]}, "properties": {"foot": "yes", "highway": "path", "surface": "paving_stones", "osm_id": 574828820, "tile_500": "NO_E565000_N5951000_500", "tile_250": "NO_E565250_N5951000_250", "LaneCount": 2, "DirectionMode": "two-way", "OSMWidthMeters": 1.5, "ScaledOSMWidthStuds": 5.357142, "GameplayMinimumStuds": 6.0, "FinalWidthStuds": 6.0}}, {"type": "Feature", "geometry": {"type": "LineString", "coordinates": [[565396.502015807, 5951109.055104472], [565384.8757249198, 5951105.243372107]]}, "properties": {"foot": "yes", "highway": "path", "surface": "paving_stones", "osm_id": 574828824, "tile_500": "NO_E565000_N5951000_500", "tile_250": "NO_E565250_N5951000_250", "LaneCount": 2, "DirectionMode": "two-way", "OSMWidthMeters": 1.5, "ScaledOSMWidthStuds": 5.357142, "GameplayMinimumStuds": 6.0, "FinalWidthStuds": 6.0}}, {"type": "Feature", "geometry": {"type": "LineString", "coordinates": [[565368.1079534978, 5951101.782871661], [565384.0453809281, 5951107.501742404]]}, "properties": {"foot": "yes", "highway": "path", "surface": "paving_stones", "osm_id": 574828825, "tile_500": "NO_E565000_N5951000_500", "tile_250": "NO_E565250_N5951000_250", "LaneCount": 2, "DirectionMode": "two-way", "OSMWidthMeters": 1.5, "ScaledOSMWidthStuds": 5.357142, "GameplayMinimumStuds": 6.0, "FinalWidthStuds": 6.0}}, {"type": "Feature", "geometry": {"type": "LineString", "coordinates": [[565363.3019402609, 5951115.969812815], [565391.0181756454, 5951125.446877234]]}, "properties": {"foot": "yes", "highway": "path", "surface": "paving_stones", "osm_id": 574828826, "tile_500": "NO_E565000_N5951000_500", "tile_250": "NO_E565250_N5951000_250", "LaneCount": 2, "DirectionMode": "two-way", "OSMWidthMeters": 1.5, "ScaledOSMWidthStuds": 5.357142, "GameplayMinimumStuds": 6.0, "FinalWidthStuds": 6.0}}, {"type": "Feature", "geometry": {"type": "LineString", "coordinates": [[565358.0896076476, 5951131.363959342], [565385.3755741428, 5951142.33716594]]}, "properties": {"foot": "yes", "highway": "path", "surface": "paving_stones", "osm_id": 574828827, "tile_500": "NO_E565000_N5951000_500", "tile_250": "NO_E565250_N5951000_250", "LaneCount": 2, "DirectionMode": "two-way", "OSMWidthMeters": 1.5, "ScaledOSMWidthStuds": 5.357142, "GameplayMinimumStuds": 6.0, "FinalWidthStuds": 6.0}}, {"type": "Feature", "geometry": {"type": "LineString", "coordinates": [[566738.9728391276, 5952217.280915315], [566729.233559075, 5952263.899053452]]}, "properties": {"highway": "footway", "name": "Wollgrasweg", "osm_id": 589071721, "tile_500": "NO_E566500_N5952000_500", "tile_250": "NO_E566500_N5952000_250", "LaneCount": 2, "DirectionMode": "two-way", "OSMWidthMeters": 2.0, "ScaledOSMWidthStuds": 7.142856, "GameplayMinimumStuds": 7.0, "FinalWidthStuds": 7.142856}}, {"type": "Feature", "geometry": {"type": "LineString", "coordinates": [[566708.258699482, 5952210.835286887], [566695.9042523424, 5952272.883170131]]}, "properties": {"highway": "footway", "name": "Wollgrasweg", "osm_id": 589071722, "tile_500": "NO_E566500_N5952000_500", "tile_250": "NO_E566500_N5952000_250", "LaneCount": 2, "DirectionMode": "two-way", "OSMWidthMeters": 2.0, "ScaledOSMWidthStuds": 7.142856, "GameplayMinimumStuds": 7.0, "FinalWidthStuds": 7.142856}}, {"type": "Feature", "geometry": {"type": "LineString", "coordinates": [[566682.6646648477, 5952204.996755915], [566668.5550811316, 5952265.628845773]]}, "properties": {"highway": "footway", "name": "Wollgrasweg", "osm_id": 589071723, "tile_500": "NO_E566500_N5952000_500", "tile_250": "NO_E566500_N5952000_250", "LaneCount": 2, "DirectionMode": "two-way", "OSMWidthMeters": 2.0, "ScaledOSMWidthStuds": 7.142856, "GameplayMinimumStuds": 7.0, "FinalWidthStuds": 7.142856}}, {"type": "Feature", "geometry": {"type": "LineString", "coordinates": [[566653.9122350651, 5952197.52228731], [566645.0373431927, 5952236.786628265], [566654.1191957144, 5952275.393693636]]}, "properties": {"highway": "footway", "name": "Wollgrasweg", "osm_id": 589071724, "tile_500": "NO_E566500_N5952000_500", "tile_250": "NO_E566500_N5952000_250", "LaneCount": 2, "DirectionMode": "two-way", "OSMWidthMeters": 2.0, "ScaledOSMWidthStuds": 7.142856, "GameplayMinimumStuds": 7.0, "FinalWidthStuds": 7.142856}}, {"type": "Feature", "geometry": {"type": "LineString", "coordinates": [[566630.5311269354, 5952235.701486379], [566640.941233494, 5952278.856181389]]}, "properties": {"highway": "service", "service": "parking_aisle", "osm_id": 589071764, "tile_500": "NO_E566500_N5952000_500", "tile_250": "NO_E566500_N5952250_250", "LaneCount": 2, "DirectionMode": "two-way", "OSMWidthMeters": 4.0, "ScaledOSMWidthStuds": 14.285712, "GameplayMinimumStuds": 28.0, "FinalWidthStuds": 28.0}}, {"type": "Feature", "geometry": {"type": "LineString", "coordinates": [[565508.378882201, 5951402.603753031], [565520.2816513819, 5951403.103774428]]}, "properties": {"cycleway:left": "no", "cycleway:right": "separate", "highway": "secondary", "lane_markings": "no", "lit": "yes", "maxspeed": "50", "name": "Rathausallee", "oneway": "yes", "sidewalk:left": "no", "sidewalk:right": "separate", "surface": "asphalt", "osm_id": 591906644, "tile_500": "NO_E565500_N5951000_500", "tile_250": "NO_E565500_N5951250_250", "LaneCount": 1, "DirectionMode": "one-way", "OSMWidthMeters": 14.0, "ScaledOSMWidthStuds": 49.999992, "GameplayMinimumStuds": 14.0, "FinalWidthStuds": 49.999992}}, {"type": "Feature", "geometry": {"type": "LineString", "coordinates": [[565508.7384364136, 5951394.819752635], [565529.9740557141, 5951395.950839576]]}, "properties": {"bicycle": "designated", "cycleway:surface": "paving_stones", "cycleway:width": "1.8", "foot": "designated", "footway:surface": "paving_stones", "highway": "path", "lit": "yes", "segregated": "yes", "source:cycleway:width": "ARCore", "surface": "paving_stones", "osm_id": 591906655, "tile_500": "NO_E565500_N5951000_500", "tile_250": "NO_E565500_N5951250_250", "LaneCount": 2, "DirectionMode": "two-way", "OSMWidthMeters": 1.5, "ScaledOSMWidthStuds": 5.357142, "GameplayMinimumStuds": 6.0, "FinalWidthStuds": 6.0}}, {"type": "Feature", "geometry": {"type": "LineString", "coordinates": [[565485.567043151, 5951390.479372133], [565494.1471115453, 5951393.959541844]]}, "properties": {"bicycle": "designated", "cycleway:surface": "paving_stones", "foot": "designated", "footway:surface": "paving_stones", "highway": "path", "lit": "yes", "segregated": "yes", "surface": "paving_stones", "osm_id": 591906656, "tile_500": "NO_E565000_N5951000_500", "tile_250": "NO_E565250_N5951250_250", "LaneCount": 2, "DirectionMode": "two-way", "OSMWidthMeters": 1.5, "ScaledOSMWidthStuds": 5.357142, "GameplayMinimumStuds": 6.0, "FinalWidthStuds": 6.0}}, {"type": "Feature", "geometry": {"type": "LineString", "coordinates": [[565514.3576175397, 5951294.987338779], [565534.7421634493, 5951311.706849019], [565532.8367296108, 5951357.846873602]]}, "properties": {"bicycle": "designated", "foot": "designated", "highway": "path", "lit": "yes", "segregated": "no", "surface": "paving_stones", "osm_id": 591906657, "tile_500": "NO_E565500_N5951000_500", "tile_250": "NO_E565500_N5951250_250", "LaneCount": 2, "DirectionMode": "two-way", "OSMWidthMeters": 1.5, "ScaledOSMWidthStuds": 5.357142, "GameplayMinimumStuds": 6.0, "FinalWidthStuds": 6.0}}, {"type": "Feature", "geometry": {"type": "LineString", "coordinates": [[565513.6242947188, 5951303.533893715], [565514.3576175397, 5951294.987338779]]}, "properties": {"bicycle": "designated", "foot": "designated", "highway": "path", "lit": "yes", "segregated": "no", "surface": "paving_stones", "osm_id": 591906658, "tile_500": "NO_E565500_N5951000_500", "tile_250": "NO_E565500_N5951250_250", "LaneCount": 2, "DirectionMode": "two-way", "OSMWidthMeters": 1.5, "ScaledOSMWidthStuds": 5.357142, "GameplayMinimumStuds": 6.0, "FinalWidthStuds": 6.0}}, {"type": "Feature", "geometry": {"type": "LineString", "coordinates": [[565390.5443813821, 5951094.540147471], [565378.4630714115, 5951091.634518044]]}, "properties": {"highway": "service", "oneway": "no", "service": "driveway", "osm_id": 638576377, "tile_500": "NO_E565000_N5951000_500", "tile_250": "NO_E565250_N5951000_250", "LaneCount": 2, "DirectionMode": "two-way", "OSMWidthMeters": 4.0, "ScaledOSMWidthStuds": 14.285712, "GameplayMinimumStuds": 28.0, "FinalWidthStuds": 28.0}}, {"type": "Feature", "geometry": {"type": "LineString", "coordinates": [[565466.6505456557, 5951123.764225214], [565476.9655092913, 5951122.1834424725]]}, "properties": {"highway": "service", "oneway": "yes", "service": "driveway", "osm_id": 638579024, "tile_500": "NO_E565000_N5951000_500", "tile_250": "NO_E565250_N5951000_250", "LaneCount": 1, "DirectionMode": "one-way", "OSMWidthMeters": 4.0, "ScaledOSMWidthStuds": 14.285712, "GameplayMinimumStuds": 14.0, "FinalWidthStuds": 14.285712}}, {"type": "Feature", "geometry": {"type": "LineString", "coordinates": [[565476.9655092913, 5951122.1834424725], [565478.5233161146, 5951094.7655903]]}, "properties": {"highway": "service", "oneway": "no", "surface": "paving_stones", "osm_id": 638579025, "tile_500": "NO_E565000_N5951000_500", "tile_250": "NO_E565250_N5951000_250", "LaneCount": 2, "DirectionMode": "two-way", "OSMWidthMeters": 4.0, "ScaledOSMWidthStuds": 14.285712, "GameplayMinimumStuds": 28.0, "FinalWidthStuds": 28.0}}, {"type": "Feature", "geometry": {"type": "LineString", "coordinates": [[565476.9655092913, 5951122.1834424725], [565492.4050113936, 5951122.410044192]]}, "properties": {"highway": "service", "surface": "paving_stones", "osm_id": 638579027, "tile_500": "NO_E565000_N5951000_500", "tile_250": "NO_E565250_N5951000_250", "LaneCount": 2, "DirectionMode": "two-way", "OSMWidthMeters": 4.0, "ScaledOSMWidthStuds": 14.285712, "GameplayMinimumStuds": 28.0, "FinalWidthStuds": 28.0}}, {"type": "Feature", "geometry": {"type": "LineString", "coordinates": [[565476.9655092913, 5951122.1834424725], [565473.7554479061, 5951180.4783816775]]}, "properties": {"highway": "service", "service": "parking_aisle", "surface": "paving_stones", "osm_id": 638579029, "tile_500": "NO_E565000_N5951000_500", "tile_250": "NO_E565250_N5951000_250", "LaneCount": 2, "DirectionMode": "two-way", "OSMWidthMeters": 4.0, "ScaledOSMWidthStuds": 14.285712, "GameplayMinimumStuds": 28.0, "FinalWidthStuds": 28.0}}, {"type": "Feature", "geometry": {"type": "LineString", "coordinates": [[565395.480168927, 5951079.576139833], [565407.7905408235, 5951083.575467414]]}, "properties": {"highway": "service", "oneway": "no", "service": "parking_aisle", "osm_id": 638579035, "tile_500": "NO_E565000_N5951000_500", "tile_250": "NO_E565250_N5951000_250", "LaneCount": 2, "DirectionMode": "two-way", "OSMWidthMeters": 4.0, "ScaledOSMWidthStuds": 14.285712, "GameplayMinimumStuds": 28.0, "FinalWidthStuds": 28.0}}, {"type": "Feature", "geometry": {"type": "LineString", "coordinates": [[565395.480168927, 5951079.576139833], [565384.5279880309, 5951073.815424861]]}, "properties": {"highway": "service", "oneway": "no", "service": "parking_aisle", "osm_id": 638579037, "tile_500": "NO_E565000_N5951000_500", "tile_250": "NO_E565250_N5951000_250", "LaneCount": 2, "DirectionMode": "two-way", "OSMWidthMeters": 4.0, "ScaledOSMWidthStuds": 14.285712, "GameplayMinimumStuds": 28.0, "FinalWidthStuds": 28.0}}, {"type": "Feature", "geometry": {"type": "LineString", "coordinates": [[565409.1781044953, 5951384.22853774], [565418.2582550441, 5951378.836059336]]}, "properties": {"check_date:ramp": "2026-05-17", "handrail": "yes", "highway": "steps", "incline": "up", "lit": "yes", "ramp": "no", "step_count": "11", "surface": "paving_stones", "tactile_paving": "no", "osm_id": 639434886, "tile_500": "NO_E565000_N5951000_500", "tile_250": "NO_E565250_N5951250_250", "LaneCount": 2, "DirectionMode": "two-way", "OSMWidthMeters": 2.0, "ScaledOSMWidthStuds": 7.142856, "GameplayMinimumStuds": 28.0, "FinalWidthStuds": 28.0}}, {"type": "Feature", "geometry": {"type": "LineString", "coordinates": [[565485.7129832922, 5951236.225455704], [565493.179105779, 5951232.501918773]]}, "properties": {"bicycle": "yes", "foot": "yes", "highway": "footway", "lit": "yes", "segregated": "no", "surface": "paving_stones", "osm_id": 639436207, "tile_500": "NO_E565000_N5951000_500", "tile_250": "NO_E565250_N5951000_250", "LaneCount": 2, "DirectionMode": "two-way", "OSMWidthMeters": 2.0, "ScaledOSMWidthStuds": 7.142856, "GameplayMinimumStuds": 7.0, "FinalWidthStuds": 7.142856}}, {"type": "Feature", "geometry": {"type": "LineString", "coordinates": [[565457.0232560167, 5951236.960097761], [565485.7129832922, 5951236.225455704]]}, "properties": {"handrail": "no", "highway": "steps", "incline": "up", "lit": "yes", "ramp": "no", "step_count": "12", "surface": "paving_stones", "tactile_paving": "no", "osm_id": 639436208, "tile_500": "NO_E565000_N5951000_500", "tile_250": "NO_E565250_N5951000_250", "LaneCount": 2, "DirectionMode": "two-way", "OSMWidthMeters": 2.0, "ScaledOSMWidthStuds": 7.142856, "GameplayMinimumStuds": 28.0, "FinalWidthStuds": 28.0}}, {"type": "Feature", "geometry": {"type": "LineString", "coordinates": [[566339.7004794457, 5951598.239802629], [566357.5666972466, 5951591.0817454625], [566346.482374784, 5951563.55202219]]}, "properties": {"highway": "service", "service": "parking_aisle", "surface": "paving_stones", "osm_id": 655275503, "tile_500": "NO_E566000_N5951500_500", "tile_250": "NO_E566250_N5951500_250", "LaneCount": 2, "DirectionMode": "two-way", "OSMWidthMeters": 4.0, "ScaledOSMWidthStuds": 14.285712, "GameplayMinimumStuds": 28.0, "FinalWidthStuds": 28.0}}, {"type": "Feature", "geometry": {"type": "LineString", "coordinates": [[566339.7004794457, 5951598.239802629], [566307.9910067567, 5951519.433667976]]}, "properties": {"highway": "service", "service": "parking_aisle", "surface": "paving_stones", "osm_id": 655275504, "tile_500": "NO_E566000_N5951500_500", "tile_250": "NO_E566250_N5951500_250", "LaneCount": 2, "DirectionMode": "two-way", "OSMWidthMeters": 4.0, "ScaledOSMWidthStuds": 14.285712, "GameplayMinimumStuds": 28.0, "FinalWidthStuds": 28.0}}, {"type": "Feature", "geometry": {"type": "LineString", "coordinates": [[566679.0562723061, 5951425.059490328], [566653.4373611655, 5951383.023984155]]}, "properties": {"highway": "footway", "osm_id": 655275505, "tile_500": "NO_E566500_N5951000_500", "tile_250": "NO_E566500_N5951250_250", "LaneCount": 2, "DirectionMode": "two-way", "OSMWidthMeters": 2.0, "ScaledOSMWidthStuds": 7.142856, "GameplayMinimumStuds": 7.0, "FinalWidthStuds": 7.142856}}, {"type": "Feature", "geometry": {"type": "LineString", "coordinates": [[566642.5674056202, 5951332.118279885], [566618.2590767116, 5951354.416981967], [566632.3386630695, 5951397.356603467]]}, "properties": {"highway": "path", "osm_id": 655275506, "tile_500": "NO_E566500_N5951000_500", "tile_250": "NO_E566500_N5951250_250", "LaneCount": 2, "DirectionMode": "two-way", "OSMWidthMeters": 1.5, "ScaledOSMWidthStuds": 5.357142, "GameplayMinimumStuds": 6.0, "FinalWidthStuds": 6.0}}, {"type": "Feature", "geometry": {"type": "LineString", "coordinates": [[566636.3052378494, 5951468.093107374], [566645.5944705764, 5951512.211001089]]}, "properties": {"highway": "footway", "osm_id": 655275507, "tile_500": "NO_E566500_N5951000_500", "tile_250": "NO_E566500_N5951250_250", "LaneCount": 2, "DirectionMode": "two-way", "OSMWidthMeters": 2.0, "ScaledOSMWidthStuds": 7.142856, "GameplayMinimumStuds": 7.0, "FinalWidthStuds": 7.142856}}, {"type": "Feature", "geometry": {"type": "LineString", "coordinates": [[566537.1601299546, 5951476.400057485], [566553.8597433106, 5951498.947011908]]}, "properties": {"highway": "service", "surface": "paving_stones", "osm_id": 655275509, "tile_500": "NO_E566500_N5951000_500", "tile_250": "NO_E566500_N5951250_250", "LaneCount": 2, "DirectionMode": "two-way", "OSMWidthMeters": 4.0, "ScaledOSMWidthStuds": 14.285712, "GameplayMinimumStuds": 28.0, "FinalWidthStuds": 28.0}}, {"type": "Feature", "geometry": {"type": "LineString", "coordinates": [[566595.9361491922, 5951421.508824452], [566613.9778478565, 5951456.470777009], [566591.2873691608, 5951495.539057402]]}, "properties": {"highway": "footway", "osm_id": 655275512, "tile_500": "NO_E566500_N5951000_500", "tile_250": "NO_E566500_N5951250_250", "LaneCount": 2, "DirectionMode": "two-way", "OSMWidthMeters": 2.0, "ScaledOSMWidthStuds": 7.142856, "GameplayMinimumStuds": 7.0, "FinalWidthStuds": 7.142856}}, {"type": "Feature", "geometry": {"type": "LineString", "coordinates": [[566567.9156315527, 5951314.634751818], [566590.6376189615, 5951348.283225223], [566625.1759725432, 5951319.686973054]]}, "properties": {"highway": "path", "osm_id": 655275513, "tile_500": "NO_E566500_N5951000_500", "tile_250": "NO_E566500_N5951250_250", "LaneCount": 2, "DirectionMode": "two-way", "OSMWidthMeters": 1.5, "ScaledOSMWidthStuds": 5.357142, "GameplayMinimumStuds": 6.0, "FinalWidthStuds": 6.0}}, {"type": "Feature", "geometry": {"type": "LineString", "coordinates": [[566632.5536587546, 5951319.925268887], [566707.7901392689, 5951446.709834417]]}, "properties": {"highway": "footway", "osm_id": 655275514, "tile_500": "NO_E566500_N5951000_500", "tile_250": "NO_E566500_N5951250_250", "LaneCount": 2, "DirectionMode": "two-way", "OSMWidthMeters": 2.0, "ScaledOSMWidthStuds": 7.142856, "GameplayMinimumStuds": 7.0, "FinalWidthStuds": 7.142856}}, {"type": "Feature", "geometry": {"type": "LineString", "coordinates": [[566580.9579004052, 5951306.496646143], [566556.3606915977, 5951324.040240084], [566552.663875109, 5951409.656307717]]}, "properties": {"highway": "footway", "osm_id": 655275515, "tile_500": "NO_E566500_N5951000_500", "tile_250": "NO_E566500_N5951250_250", "LaneCount": 2, "DirectionMode": "two-way", "OSMWidthMeters": 2.0, "ScaledOSMWidthStuds": 7.142856, "GameplayMinimumStuds": 7.0, "FinalWidthStuds": 7.142856}}, {"type": "Feature", "geometry": {"type": "LineString", "coordinates": [[566536.8163037504, 5951444.782732185], [566669.0031265258, 5951372.451728037]]}, "properties": {"highway": "footway", "osm_id": 655275516, "tile_500": "NO_E566500_N5951000_500", "tile_250": "NO_E566500_N5951250_250", "LaneCount": 2, "DirectionMode": "two-way", "OSMWidthMeters": 2.0, "ScaledOSMWidthStuds": 7.142856, "GameplayMinimumStuds": 7.0, "FinalWidthStuds": 7.142856}}, {"type": "Feature", "geometry": {"type": "LineString", "coordinates": [[566707.7901392689, 5951446.709834417], [566611.7447622698, 5951464.027842375], [566569.7312324975, 5951442.59023229], [566552.663875109, 5951409.656307717]]}, "properties": {"highway": "footway", "osm_id": 655275517, "tile_500": "NO_E566500_N5951000_500", "tile_250": "NO_E566500_N5951250_250", "LaneCount": 2, "DirectionMode": "two-way", "OSMWidthMeters": 2.0, "ScaledOSMWidthStuds": 7.142856, "GameplayMinimumStuds": 7.0, "FinalWidthStuds": 7.142856}}, {"type": "Feature", "geometry": {"type": "LineString", "coordinates": [[566597.9165848792, 5951271.285986977], [566636.0307464815, 5951287.538779551]]}, "properties": {"highway": "service", "osm_id": 655275519, "tile_500": "NO_E566500_N5951000_500", "tile_250": "NO_E566500_N5951250_250", "LaneCount": 2, "DirectionMode": "two-way", "OSMWidthMeters": 4.0, "ScaledOSMWidthStuds": 14.285712, "GameplayMinimumStuds": 28.0, "FinalWidthStuds": 28.0}}, {"type": "Feature", "geometry": {"type": "LineString", "coordinates": [[565343.904025819, 5951357.30368702], [565331.9927124635, 5951360.253417295]]}, "properties": {"handrail": "yes", "highway": "steps", "incline": "up", "lit": "yes", "ramp": "no", "step_count": "17", "surface": "paving_stones", "tactile_paving": "no", "osm_id": 661604526, "tile_500": "NO_E565000_N5951000_500", "tile_250": "NO_E565250_N5951250_250", "LaneCount": 2, "DirectionMode": "two-way", "OSMWidthMeters": 2.0, "ScaledOSMWidthStuds": 7.142856, "GameplayMinimumStuds": 28.0, "FinalWidthStuds": 28.0}}, {"type": "Feature", "geometry": {"type": "LineString", "coordinates": [[565355.81519976, 5951354.365111891], [565343.904025819, 5951357.30368702]]}, "properties": {"highway": "path", "surface": "paving_stones", "osm_id": 661604527, "tile_500": "NO_E565000_N5951000_500", "tile_250": "NO_E565250_N5951250_250", "LaneCount": 2, "DirectionMode": "two-way", "OSMWidthMeters": 1.5, "ScaledOSMWidthStuds": 5.357142, "GameplayMinimumStuds": 6.0, "FinalWidthStuds": 6.0}}, {"type": "Feature", "geometry": {"type": "LineString", "coordinates": [[565247.4213600373, 5951381.20847554], [565331.9927124635, 5951360.253417295]]}, "properties": {"access": "customers", "foot": "yes", "highway": "service", "oneway": "yes", "surface": "paving_stones", "osm_id": 661604528, "tile_500": "NO_E565000_N5951000_500", "tile_250": "NO_E565250_N5951250_250", "LaneCount": 1, "DirectionMode": "one-way", "OSMWidthMeters": 4.0, "ScaledOSMWidthStuds": 14.285712, "GameplayMinimumStuds": 14.0, "FinalWidthStuds": 14.285712}}, {"type": "Feature", "geometry": {"type": "LineString", "coordinates": [[565495.786912166, 5951368.712626401], [565492.9088518703, 5951402.265381057]]}, "properties": {"highway": "service", "lanes": "1", "oneway": "yes", "psv": "yes", "surface": "asphalt", "vehicle": "no", "vehicle:conditional": "delivery @ (09:00-15:00,19:00-06:00)", "osm_id": 662326074, "tile_500": "NO_E565000_N5951000_500", "tile_250": "NO_E565250_N5951250_250", "LaneCount": 1, "DirectionMode": "one-way", "OSMWidthMeters": 4.0, "ScaledOSMWidthStuds": 14.285712, "GameplayMinimumStuds": 14.0, "FinalWidthStuds": 14.285712}}, {"type": "Feature", "geometry": {"type": "LineString", "coordinates": [[565497.1824153208, 5951331.645246547], [565495.786912166, 5951368.712626401]]}, "properties": {"highway": "service", "lanes": "1", "oneway": "yes", "psv": "yes", "surface": "asphalt", "vehicle": "no", "vehicle:conditional": "delivery @ (09:00-15:00,19:00-06:00)", "osm_id": 662326075, "tile_500": "NO_E565000_N5951000_500", "tile_250": "NO_E565250_N5951250_250", "LaneCount": 1, "DirectionMode": "one-way", "OSMWidthMeters": 4.0, "ScaledOSMWidthStuds": 14.285712, "GameplayMinimumStuds": 14.0, "FinalWidthStuds": 14.285712}}, {"type": "Feature", "geometry": {"type": "LineString", "coordinates": [[565522.6319473548, 5951367.173574183], [565524.5432023671, 5951332.427852326]]}, "properties": {"highway": "service", "lanes": "1", "oneway": "yes", "psv": "yes", "surface": "asphalt", "vehicle": "no", "vehicle:conditional": "delivery @ (09:00-15:00,19:00-06:00)", "osm_id": 662326076, "tile_500": "NO_E565500_N5951000_500", "tile_250": "NO_E565500_N5951250_250", "LaneCount": 1, "DirectionMode": "one-way", "OSMWidthMeters": 4.0, "ScaledOSMWidthStuds": 14.285712, "GameplayMinimumStuds": 14.0, "FinalWidthStuds": 14.285712}}, {"type": "Feature", "geometry": {"type": "LineString", "coordinates": [[565592.348018935, 5951340.262993091], [565562.4466656437, 5951349.792761159]]}, "properties": {"highway": "footway", "lit": "yes", "surface": "paving_stones", "osm_id": 674317601, "tile_500": "NO_E565500_N5951000_500", "tile_250": "NO_E565500_N5951250_250", "LaneCount": 2, "DirectionMode": "two-way", "OSMWidthMeters": 2.0, "ScaledOSMWidthStuds": 7.142856, "GameplayMinimumStuds": 7.0, "FinalWidthStuds": 7.142856}}, {"type": "Feature", "geometry": {"type": "LineString", "coordinates": [[565574.7408496649, 5951341.663699768], [565592.348018935, 5951340.262993091]]}, "properties": {"highway": "service", "surface": "asphalt", "osm_id": 674317602, "tile_500": "NO_E565500_N5951000_500", "tile_250": "NO_E565500_N5951250_250", "LaneCount": 2, "DirectionMode": "two-way", "OSMWidthMeters": 4.0, "ScaledOSMWidthStuds": 14.285712, "GameplayMinimumStuds": 28.0, "FinalWidthStuds": 28.0}}, {"type": "Feature", "geometry": {"type": "LineString", "coordinates": [[565564.6272940206, 5951326.500676073], [565598.5389907446, 5951339.437118539]]}, "properties": {"highway": "footway", "lit": "yes", "surface": "paving_stones", "osm_id": 674317603, "tile_500": "NO_E565500_N5951000_500", "tile_250": "NO_E565500_N5951250_250", "LaneCount": 2, "DirectionMode": "two-way", "OSMWidthMeters": 2.0, "ScaledOSMWidthStuds": 7.142856, "GameplayMinimumStuds": 7.0, "FinalWidthStuds": 7.142856}}, {"type": "Feature", "geometry": {"type": "LineString", "coordinates": [[566956.1982652213, 5951070.586760446], [566922.877167489, 5951047.356203088], [566860.3624241444, 5951043.393905521]]}, "properties": {"highway": "footway", "lit": "yes", "osm_id": 684410260, "tile_500": "NO_E566500_N5951000_500", "tile_250": "NO_E566750_N5951000_250", "LaneCount": 2, "DirectionMode": "two-way", "OSMWidthMeters": 2.0, "ScaledOSMWidthStuds": 7.142856, "GameplayMinimumStuds": 7.0, "FinalWidthStuds": 7.142856}}, {"type": "Feature", "geometry": {"type": "LineString", "coordinates": [[565270.7118712384, 5952167.922691154], [565261.399818292, 5952153.572593716]]}, "properties": {"highway": "service", "osm_id": 684475768, "tile_500": "NO_E565000_N5952000_500", "tile_250": "NO_E565250_N5952000_250", "LaneCount": 2, "DirectionMode": "two-way", "OSMWidthMeters": 4.0, "ScaledOSMWidthStuds": 14.285712, "GameplayMinimumStuds": 28.0, "FinalWidthStuds": 28.0}}, {"type": "Feature", "geometry": {"type": "LineString", "coordinates": [[565286.4034239743, 5952159.751179477], [565275.029271507, 5952144.170618924]]}, "properties": {"highway": "service", "osm_id": 684475769, "tile_500": "NO_E565000_N5952000_500", "tile_250": "NO_E565250_N5952000_250", "LaneCount": 2, "DirectionMode": "two-way", "OSMWidthMeters": 4.0, "ScaledOSMWidthStuds": 14.285712, "GameplayMinimumStuds": 28.0, "FinalWidthStuds": 28.0}}, {"type": "Feature", "geometry": {"type": "LineString", "coordinates": [[565246.1663322031, 5952162.507207836], [565286.4034239743, 5952159.751179477], [565299.0687781038, 5952146.585997098], [565289.0714755253, 5952133.572692952]]}, "properties": {"highway": "service", "osm_id": 684475770, "tile_500": "NO_E565000_N5952000_500", "tile_250": "NO_E565250_N5952000_250", "LaneCount": 2, "DirectionMode": "two-way", "OSMWidthMeters": 4.0, "ScaledOSMWidthStuds": 14.285712, "GameplayMinimumStuds": 28.0, "FinalWidthStuds": 28.0}}, {"type": "Feature", "geometry": {"type": "LineString", "coordinates": [[565405.9629729182, 5952117.653598758], [565400.842817341, 5952078.681588739], [565371.8908317917, 5952085.343770758]]}, "properties": {"highway": "path", "osm_id": 684475771, "tile_500": "NO_E565000_N5952000_500", "tile_250": "NO_E565250_N5952000_250", "LaneCount": 2, "DirectionMode": "two-way", "OSMWidthMeters": 1.5, "ScaledOSMWidthStuds": 5.357142, "GameplayMinimumStuds": 6.0, "FinalWidthStuds": 6.0}}, {"type": "Feature", "geometry": {"type": "LineString", "coordinates": [[565379.6469210195, 5952124.174449336], [565378.1953509343, 5952117.50016454]]}, "properties": {"highway": "steps", "lit": "yes", "osm_id": 684475773, "tile_500": "NO_E565000_N5952000_500", "tile_250": "NO_E565250_N5952000_250", "LaneCount": 2, "DirectionMode": "two-way", "OSMWidthMeters": 2.0, "ScaledOSMWidthStuds": 7.142856, "GameplayMinimumStuds": 28.0, "FinalWidthStuds": 28.0}}, {"type": "Feature", "geometry": {"type": "LineString", "coordinates": [[565369.7239755705, 5952112.942354913], [565366.8405482332, 5952101.018346473]]}, "properties": {"highway": "footway", "lit": "yes", "osm_id": 684475774, "tile_500": "NO_E565000_N5952000_500", "tile_250": "NO_E565250_N5952000_250", "LaneCount": 2, "DirectionMode": "two-way", "OSMWidthMeters": 2.0, "ScaledOSMWidthStuds": 7.142856, "GameplayMinimumStuds": 7.0, "FinalWidthStuds": 7.142856}}, {"type": "Feature", "geometry": {"type": "LineString", "coordinates": [[565375.2371144546, 5952106.209356799], [565376.9540033261, 5952105.688054072]]}, "properties": {"highway": "footway", "lit": "yes", "osm_id": 684475775, "tile_500": "NO_E565000_N5952000_500", "tile_250": "NO_E565250_N5952000_250", "LaneCount": 2, "DirectionMode": "two-way", "OSMWidthMeters": 2.0, "ScaledOSMWidthStuds": 7.142856, "GameplayMinimumStuds": 7.0, "FinalWidthStuds": 7.142856}}, {"type": "Feature", "geometry": {"type": "LineString", "coordinates": [[565367.360952521, 5952113.410147205], [565376.5534063517, 5952111.223805407]]}, "properties": {"highway": "footway", "lit": "yes", "osm_id": 684475776, "tile_500": "NO_E565000_N5952000_500", "tile_250": "NO_E565250_N5952000_250", "LaneCount": 2, "DirectionMode": "two-way", "OSMWidthMeters": 2.0, "ScaledOSMWidthStuds": 7.142856, "GameplayMinimumStuds": 7.0, "FinalWidthStuds": 7.142856}}, {"type": "Feature", "geometry": {"type": "LineString", "coordinates": [[565375.5855094848, 5952118.1536745615], [565375.3383633436, 5952098.944720757], [565347.5292888165, 5952106.023557386], [565363.7250556066, 5952106.694300962], [565375.5855094848, 5952118.1536745615]]}, "properties": {"area": "yes", "highway": "pedestrian", "lit": "yes", "osm_id": 684475777, "tile_500": "NO_E565000_N5952000_500", "tile_250": "NO_E565250_N5952000_250", "LaneCount": 2, "DirectionMode": "two-way", "OSMWidthMeters": 5.0, "ScaledOSMWidthStuds": 17.85714, "GameplayMinimumStuds": 28.0, "FinalWidthStuds": 28.0}}, {"type": "Feature", "geometry": {"type": "LineString", "coordinates": [[565354.3222210907, 5952091.76413882], [565357.5106199859, 5952105.016521953]]}, "properties": {"highway": "footway", "lit": "yes", "osm_id": 684475782, "tile_500": "NO_E565000_N5952000_500", "tile_250": "NO_E565250_N5952000_250", "LaneCount": 2, "DirectionMode": "two-way", "OSMWidthMeters": 2.0, "ScaledOSMWidthStuds": 7.142856, "GameplayMinimumStuds": 7.0, "FinalWidthStuds": 7.142856}}, {"type": "Feature", "geometry": {"type": "LineString", "coordinates": [[565355.002486482, 5952090.315956666], [565354.3222210907, 5952091.76413882]]}, "properties": {"highway": "steps", "lit": "yes", "osm_id": 684475783, "tile_500": "NO_E565000_N5952000_500", "tile_250": "NO_E565250_N5952000_250", "LaneCount": 2, "DirectionMode": "two-way", "OSMWidthMeters": 2.0, "ScaledOSMWidthStuds": 7.142856, "GameplayMinimumStuds": 28.0, "FinalWidthStuds": 28.0}}, {"type": "Feature", "geometry": {"type": "LineString", "coordinates": [[565317.5422297453, 5952123.042177264], [565333.0332806885, 5952111.273947345]]}, "properties": {"bicycle": "yes", "foot": "yes", "highway": "path", "osm_id": 684475784, "tile_500": "NO_E565000_N5952000_500", "tile_250": "NO_E565250_N5952000_250", "LaneCount": 2, "DirectionMode": "two-way", "OSMWidthMeters": 1.5, "ScaledOSMWidthStuds": 5.357142, "GameplayMinimumStuds": 6.0, "FinalWidthStuds": 6.0}}, {"type": "Feature", "geometry": {"type": "LineString", "coordinates": [[565356.3776784143, 5952086.841183723], [565355.002486482, 5952090.315956666]]}, "properties": {"highway": "footway", "lit": "yes", "osm_id": 684475785, "tile_500": "NO_E565000_N5952000_500", "tile_250": "NO_E565250_N5952000_250", "LaneCount": 2, "DirectionMode": "two-way", "OSMWidthMeters": 2.0, "ScaledOSMWidthStuds": 7.142856, "GameplayMinimumStuds": 7.0, "FinalWidthStuds": 7.142856}}, {"type": "Feature", "geometry": {"type": "LineString", "coordinates": [[565335.99455243, 5952079.702887228], [565358.5911893325, 5952093.31466076]]}, "properties": {"highway": "service", "osm_id": 684475787, "tile_500": "NO_E565000_N5952000_500", "tile_250": "NO_E565250_N5952000_250", "LaneCount": 2, "DirectionMode": "two-way", "OSMWidthMeters": 4.0, "ScaledOSMWidthStuds": 14.285712, "GameplayMinimumStuds": 28.0, "FinalWidthStuds": 28.0}}, {"type": "Feature", "geometry": {"type": "LineString", "coordinates": [[565316.306344814, 5951047.250572452], [565311.6848902075, 5951028.737420134]]}, "properties": {"highway": "footway", "lit": "yes", "osm_id": 693611449, "tile_500": "NO_E565000_N5951000_500", "tile_250": "NO_E565250_N5951000_250", "LaneCount": 2, "DirectionMode": "two-way", "OSMWidthMeters": 2.0, "ScaledOSMWidthStuds": 7.142856, "GameplayMinimumStuds": 7.0, "FinalWidthStuds": 7.142856}}, {"type": "Feature", "geometry": {"type": "LineString", "coordinates": [[565330.9106839133, 5951044.883511805], [565326.4247720658, 5951025.64896583]]}, "properties": {"highway": "footway", "lit": "yes", "osm_id": 693611450, "tile_500": "NO_E565000_N5951000_500", "tile_250": "NO_E565250_N5951000_250", "LaneCount": 2, "DirectionMode": "two-way", "OSMWidthMeters": 2.0, "ScaledOSMWidthStuds": 7.142856, "GameplayMinimumStuds": 7.0, "FinalWidthStuds": 7.142856}}, {"type": "Feature", "geometry": {"type": "LineString", "coordinates": [[565302.8337452582, 5951049.422012519], [565298.1897492012, 5951031.5761901215]]}, "properties": {"highway": "footway", "lit": "yes", "osm_id": 693611451, "tile_500": "NO_E565000_N5951000_500", "tile_250": "NO_E565250_N5951000_250", "LaneCount": 2, "DirectionMode": "two-way", "OSMWidthMeters": 2.0, "ScaledOSMWidthStuds": 7.142856, "GameplayMinimumStuds": 7.0, "FinalWidthStuds": 7.142856}}, {"type": "Feature", "geometry": {"type": "LineString", "coordinates": [[565318.3790138918, 5951363.613436381], [565315.7362812576, 5951343.8370607495], [565284.613155225, 5951315.485853061], [565239.6576247935, 5951337.048095593]]}, "properties": {"access": "customers", "foot": "yes", "highway": "service", "oneway": "yes", "surface": "paving_stones", "osm_id": 710439984, "tile_500": "NO_E565000_N5951000_500", "tile_250": "NO_E565250_N5951250_250", "LaneCount": 1, "DirectionMode": "one-way", "OSMWidthMeters": 4.0, "ScaledOSMWidthStuds": 14.285712, "GameplayMinimumStuds": 14.0, "FinalWidthStuds": 14.285712}}, {"type": "Feature", "geometry": {"type": "LineString", "coordinates": [[565989.889146853, 5951680.721640972], [565994.1602363092, 5951707.475879549], [566007.1634357634, 5951715.570259366]]}, "properties": {"highway": "footway", "lit": "yes", "surface": "paving_stones", "osm_id": 720561917, "tile_500": "NO_E565500_N5951500_500", "tile_250": "NO_E565750_N5951500_250", "LaneCount": 2, "DirectionMode": "two-way", "OSMWidthMeters": 2.0, "ScaledOSMWidthStuds": 7.142856, "GameplayMinimumStuds": 7.0, "FinalWidthStuds": 7.142856}}, {"type": "Feature", "geometry": {"type": "LineString", "coordinates": [[565998.9235183116, 5951647.622904702], [566000.9965250663, 5951656.998917939]]}, "properties": {"highway": "footway", "lit": "yes", "surface": "paving_stones", "osm_id": 720561918, "tile_500": "NO_E565500_N5951500_500", "tile_250": "NO_E565750_N5951500_250", "LaneCount": 2, "DirectionMode": "two-way", "OSMWidthMeters": 2.0, "ScaledOSMWidthStuds": 7.142856, "GameplayMinimumStuds": 7.0, "FinalWidthStuds": 7.142856}}, {"type": "Feature", "geometry": {"type": "LineString", "coordinates": [[566028.3108751499, 5951666.106998371], [566015.0997980125, 5951663.395203722]]}, "properties": {"highway": "cycleway", "lit": "yes", "oneway": "yes", "surface": "asphalt", "osm_id": 720561919, "tile_500": "NO_E566000_N5951500_500", "tile_250": "NO_E566000_N5951500_250", "LaneCount": 1, "DirectionMode": "one-way", "OSMWidthMeters": 2.5, "ScaledOSMWidthStuds": 8.92857, "GameplayMinimumStuds": 9.0, "FinalWidthStuds": 9.0}}, {"type": "Feature", "geometry": {"type": "LineString", "coordinates": [[565653.2792720583, 5950603.561723551], [565638.4225321407, 5950796.57715706], [565654.6844881764, 5950942.437054019], [565696.5914576366, 5951071.119619864], [565789.6583489253, 5951242.49142667]]}, "properties": {"cycleway:both": "separate", "highway": "secondary", "lanes": "2", "lit": "yes", "maxspeed": "50", "name": "Ulzburger Stra\u00dfe", "sidewalk:both": "separate", "smoothness": "good", "surface": "asphalt", "osm_id": 730886506, "tile_500": "NO_E565500_N5950500_500", "tile_250": "NO_E565500_N5950750_250", "LaneCount": 2, "DirectionMode": "two-way", "OSMWidthMeters": 14.0, "ScaledOSMWidthStuds": 49.999992, "GameplayMinimumStuds": 28.0, "FinalWidthStuds": 49.999992}}, {"type": "Feature", "geometry": {"type": "LineString", "coordinates": [[565648.7658366716, 5950784.059125482], [565638.6859901926, 5950783.406274878]]}, "properties": {"highway": "service", "surface": "paving_stones", "osm_id": 736832494, "tile_500": "NO_E565500_N5950500_500", "tile_250": "NO_E565500_N5950750_250", "LaneCount": 2, "DirectionMode": "two-way", "OSMWidthMeters": 4.0, "ScaledOSMWidthStuds": 14.285712, "GameplayMinimumStuds": 28.0, "FinalWidthStuds": 28.0}}, {"type": "Feature", "geometry": {"type": "LineString", "coordinates": [[565692.9557641146, 5950777.611773669], [565648.7658366716, 5950784.059125482], [565653.6474588881, 5950815.0498226], [565695.7114502522, 5950808.57275984]]}, "properties": {"highway": "service", "surface": "paving_stones", "osm_id": 736832496, "tile_500": "NO_E565500_N5950500_500", "tile_250": "NO_E565500_N5950750_250", "LaneCount": 2, "DirectionMode": "two-way", "OSMWidthMeters": 4.0, "ScaledOSMWidthStuds": 14.285712, "GameplayMinimumStuds": 28.0, "FinalWidthStuds": 28.0}}, {"type": "Feature", "geometry": {"type": "LineString", "coordinates": [[566536.3766273676, 5951384.077483319], [566493.9085435503, 5951385.322537849]]}, "properties": {"highway": "service", "service": "parking_aisle", "osm_id": 743712730, "tile_500": "NO_E566500_N5951000_500", "tile_250": "NO_E566500_N5951250_250", "LaneCount": 2, "DirectionMode": "two-way", "OSMWidthMeters": 4.0, "ScaledOSMWidthStuds": 14.285712, "GameplayMinimumStuds": 28.0, "FinalWidthStuds": 28.0}}, {"type": "Feature", "geometry": {"type": "LineString", "coordinates": [[566493.9085435503, 5951385.322537849], [566470.1053018747, 5951386.020081964], [566444.7373925848, 5951347.093813018], [566492.7340212129, 5951345.681854363], [566493.9085435503, 5951385.322537849]]}, "properties": {"highway": "service", "service": "parking_aisle", "osm_id": 743712730, "tile_500": "NO_E566000_N5951000_500", "tile_250": "NO_E566250_N5951250_250", "LaneCount": 2, "DirectionMode": "two-way", "OSMWidthMeters": 4.0, "ScaledOSMWidthStuds": 14.285712, "GameplayMinimumStuds": 28.0, "FinalWidthStuds": 28.0}}, {"type": "Feature", "geometry": {"type": "LineString", "coordinates": [[566318.3605337181, 5950835.701919259], [566307.203615108, 5950814.091011115]]}, "properties": {"highway": "service", "service": "driveway", "osm_id": 772391528, "tile_500": "NO_E566000_N5950500_500", "tile_250": "NO_E566250_N5950750_250", "LaneCount": 2, "DirectionMode": "two-way", "OSMWidthMeters": 4.0, "ScaledOSMWidthStuds": 14.285712, "GameplayMinimumStuds": 28.0, "FinalWidthStuds": 28.0}}, {"type": "Feature", "geometry": {"type": "LineString", "coordinates": [[566751.8408720858, 5951508.202353046], [566760.224802128, 5951554.154742893]]}, "properties": {"highway": "service", "osm_id": 773748654, "tile_500": "NO_E566500_N5951500_500", "tile_250": "NO_E566750_N5951500_250", "LaneCount": 2, "DirectionMode": "two-way", "OSMWidthMeters": 4.0, "ScaledOSMWidthStuds": 14.285712, "GameplayMinimumStuds": 28.0, "FinalWidthStuds": 28.0}}, {"type": "Feature", "geometry": {"type": "LineString", "coordinates": [[565884.498421801, 5951420.143652696], [565812.91847874, 5951430.68904957]]}, "properties": {"highway": "service", "surface": "paving_stones", "osm_id": 774894153, "tile_500": "NO_E565500_N5951000_500", "tile_250": "NO_E565750_N5951250_250", "LaneCount": 2, "DirectionMode": "two-way", "OSMWidthMeters": 4.0, "ScaledOSMWidthStuds": 14.285712, "GameplayMinimumStuds": 28.0, "FinalWidthStuds": 28.0}}, {"type": "Feature", "geometry": {"type": "LineString", "coordinates": [[565846.591283697, 5951393.751901083], [565878.0641800223, 5951451.932707952], [565845.577016984, 5951477.781333695], [565869.1899427747, 5951520.685429502], [565900.5418985678, 5951507.4948974205]]}, "properties": {"highway": "service", "service": "parking_aisle", "osm_id": 774894154, "tile_500": "NO_E565500_N5951000_500", "tile_250": "NO_E565750_N5951250_250", "LaneCount": 2, "DirectionMode": "two-way", "OSMWidthMeters": 4.0, "ScaledOSMWidthStuds": 14.285712, "GameplayMinimumStuds": 28.0, "FinalWidthStuds": 28.0}}, {"type": "Feature", "geometry": {"type": "LineString", "coordinates": [[565853.0768368607, 5951491.406134207], [565890.026340439, 5951471.228333297]]}, "properties": {"highway": "service", "service": "parking_aisle", "osm_id": 774894155, "tile_500": "NO_E565500_N5951000_500", "tile_250": "NO_E565750_N5951250_250", "LaneCount": 2, "DirectionMode": "two-way", "OSMWidthMeters": 4.0, "ScaledOSMWidthStuds": 14.285712, "GameplayMinimumStuds": 28.0, "FinalWidthStuds": 28.0}}, {"type": "Feature", "geometry": {"type": "LineString", "coordinates": [[565861.8962788444, 5951507.430692003], [565895.299297582, 5951488.282487118]]}, "properties": {"highway": "service", "service": "parking_aisle", "osm_id": 774894156, "tile_500": "NO_E565500_N5951000_500", "tile_250": "NO_E565750_N5951250_250", "LaneCount": 2, "DirectionMode": "two-way", "OSMWidthMeters": 4.0, "ScaledOSMWidthStuds": 14.285712, "GameplayMinimumStuds": 28.0, "FinalWidthStuds": 28.0}}, {"type": "Feature", "geometry": {"type": "LineString", "coordinates": [[565859.8513911522, 5951372.807484157], [565911.8067448763, 5951484.775630018], [565940.9992481656, 5951633.233197489]]}, "properties": {"bicycle": "designated", "cycleway:both": "lane", "cycleway:both:lane": "exclusive", "highway": "secondary", "lanes": "3", "lit": "yes", "maxspeed": "50", "name": "Ulzburger Stra\u00dfe", "sidewalk": "separate", "surface": "asphalt", "osm_id": 775721734, "tile_500": "NO_E565500_N5951500_500", "tile_250": "NO_E565750_N5951500_250", "LaneCount": 3, "DirectionMode": "two-way", "OSMWidthMeters": 14.0, "ScaledOSMWidthStuds": 49.999992, "GameplayMinimumStuds": 42.0, "FinalWidthStuds": 49.999992}}, {"type": "Feature", "geometry": {"type": "LineString", "coordinates": [[565789.6583489253, 5951242.49142667], [565818.9052658045, 5951295.700103369]]}, "properties": {"cycleway:both": "separate", "highway": "secondary", "lanes": "4", "lanes:backward": "1", "lanes:forward": "3", "lit": "yes", "maxspeed": "50", "name": "Ulzburger Stra\u00dfe", "sidewalk": "separate", "smoothness": "good", "surface": "asphalt", "turn:lanes:forward": "left|through|right", "osm_id": 775721735, "tile_500": "NO_E565500_N5951000_500", "tile_250": "NO_E565750_N5951250_250", "LaneCount": 4, "DirectionMode": "two-way", "OSMWidthMeters": 14.0, "ScaledOSMWidthStuds": 49.999992, "GameplayMinimumStuds": 52.0, "FinalWidthStuds": 52.0}}, {"type": "Feature", "geometry": {"type": "LineString", "coordinates": [[565758.7848276866, 5951327.904849538], [565809.4968326855, 5951301.387648792]]}, "properties": {"cycleway:left": "no", "cycleway:right": "separate", "highway": "secondary", "lanes": "3", "lit": "yes", "maxspeed": "50", "name": "Rathausallee", "oneway": "yes", "sidewalk:left": "no", "sidewalk:right": "separate", "surface": "asphalt", "turn:lanes": "left|through|right", "osm_id": 775721737, "tile_500": "NO_E565500_N5951000_500", "tile_250": "NO_E565750_N5951250_250", "LaneCount": 3, "DirectionMode": "one-way", "OSMWidthMeters": 14.0, "ScaledOSMWidthStuds": 49.999992, "GameplayMinimumStuds": 42.0, "FinalWidthStuds": 49.999992}}, {"type": "Feature", "geometry": {"type": "LineString", "coordinates": [[565674.1532086738, 5951989.588148654], [565675.7136211729, 5952028.065569241]]}, "properties": {"highway": "service", "osm_id": 776663495, "tile_500": "NO_E565500_N5952000_500", "tile_250": "NO_E565500_N5952000_250", "LaneCount": 2, "DirectionMode": "two-way", "OSMWidthMeters": 4.0, "ScaledOSMWidthStuds": 14.285712, "GameplayMinimumStuds": 28.0, "FinalWidthStuds": 28.0}}, {"type": "Feature", "geometry": {"type": "LineString", "coordinates": [[566549.2433358651, 5951970.943196011], [566595.0471004099, 5951953.834160149]]}, "properties": {"highway": "service", "surface": "paving_stones", "osm_id": 776934794, "tile_500": "NO_E566500_N5951500_500", "tile_250": "NO_E566500_N5951750_250", "LaneCount": 2, "DirectionMode": "two-way", "OSMWidthMeters": 4.0, "ScaledOSMWidthStuds": 14.285712, "GameplayMinimumStuds": 28.0, "FinalWidthStuds": 28.0}}, {"type": "Feature", "geometry": {"type": "LineString", "coordinates": [[566899.503599916, 5951797.021410824], [566906.0781143026, 5951852.595648804]]}, "properties": {"highway": "service", "surface": "paving_stones", "osm_id": 779523353, "tile_500": "NO_E566500_N5951500_500", "tile_250": "NO_E566750_N5951750_250", "LaneCount": 2, "DirectionMode": "two-way", "OSMWidthMeters": 4.0, "ScaledOSMWidthStuds": 14.285712, "GameplayMinimumStuds": 28.0, "FinalWidthStuds": 28.0}}, {"type": "Feature", "geometry": {"type": "LineString", "coordinates": [[565670.117245821, 5952139.248016402], [565625.2860068394, 5952161.308925622]]}, "properties": {"access": "private", "highway": "service", "osm_id": 779529976, "tile_500": "NO_E565500_N5952000_500", "tile_250": "NO_E565500_N5952000_250", "LaneCount": 2, "DirectionMode": "two-way", "OSMWidthMeters": 4.0, "ScaledOSMWidthStuds": 14.285712, "GameplayMinimumStuds": 28.0, "FinalWidthStuds": 28.0}}, {"type": "Feature", "geometry": {"type": "LineString", "coordinates": [[565976.7570171576, 5951912.249817574], [565982.5287631984, 5951963.237965376]]}, "properties": {"cycleway:both": "lane", "cycleway:both:lane": "exclusive", "highway": "secondary", "lanes": "3", "lanes:backward": "1", "lanes:forward": "2", "lit": "yes", "maxspeed": "30", "name": "Ulzburger Stra\u00dfe", "sidewalk:left": "separate", "sidewalk:right": "separate", "surface": "asphalt", "turn:lanes:forward": "left|through", "osm_id": 782649415, "tile_500": "NO_E565500_N5951500_500", "tile_250": "NO_E565750_N5951750_250", "LaneCount": 3, "DirectionMode": "two-way", "OSMWidthMeters": 14.0, "ScaledOSMWidthStuds": 49.999992, "GameplayMinimumStuds": 42.0, "FinalWidthStuds": 49.999992}}, {"type": "Feature", "geometry": {"type": "LineString", "coordinates": [[565969.7566693971, 5951839.713266624], [565953.1448471397, 5951841.33793118], [565955.1245768974, 5951866.268445479], [565943.6016550419, 5951883.442632341]]}, "properties": {"highway": "service", "osm_id": 791782441, "tile_500": "NO_E565500_N5951500_500", "tile_250": "NO_E565750_N5951750_250", "LaneCount": 2, "DirectionMode": "two-way", "OSMWidthMeters": 4.0, "ScaledOSMWidthStuds": 14.285712, "GameplayMinimumStuds": 28.0, "FinalWidthStuds": 28.0}}, {"type": "Feature", "geometry": {"type": "LineString", "coordinates": [[565211.3048641334, 5951707.328127295], [565239.5589389815, 5951689.28812304]]}, "properties": {"highway": "service", "osm_id": 794248012, "tile_500": "NO_E565000_N5951500_500", "tile_250": "NO_E565000_N5951500_250", "LaneCount": 2, "DirectionMode": "two-way", "OSMWidthMeters": 4.0, "ScaledOSMWidthStuds": 14.285712, "GameplayMinimumStuds": 28.0, "FinalWidthStuds": 28.0}}, {"type": "Feature", "geometry": {"type": "LineString", "coordinates": [[566780.08012976, 5950806.086349672], [566764.9654740574, 5950822.395214243], [566771.0840919449, 5950828.112647656]]}, "properties": {"highway": "service", "service": "driveway", "osm_id": 795152659, "tile_500": "NO_E566500_N5950500_500", "tile_250": "NO_E566750_N5950750_250", "LaneCount": 2, "DirectionMode": "two-way", "OSMWidthMeters": 4.0, "ScaledOSMWidthStuds": 14.285712, "GameplayMinimumStuds": 28.0, "FinalWidthStuds": 28.0}}, {"type": "Feature", "geometry": {"type": "LineString", "coordinates": [[566106.402421859, 5951081.181499845], [566095.764247251, 5951024.594498254]]}, "properties": {"highway": "service", "surface": "paving_stones", "osm_id": 795222848, "tile_500": "NO_E566000_N5951000_500", "tile_250": "NO_E566000_N5951000_250", "LaneCount": 2, "DirectionMode": "two-way", "OSMWidthMeters": 4.0, "ScaledOSMWidthStuds": 14.285712, "GameplayMinimumStuds": 28.0, "FinalWidthStuds": 28.0}}, {"type": "Feature", "geometry": {"type": "LineString", "coordinates": [[566690.4375836261, 5951729.272979323], [566700.5987407975, 5951728.237952354], [566698.3984898673, 5951706.553062839]]}, "properties": {"highway": "service", "service": "driveway", "osm_id": 798034885, "tile_500": "NO_E566500_N5951500_500", "tile_250": "NO_E566500_N5951500_250", "LaneCount": 2, "DirectionMode": "two-way", "OSMWidthMeters": 4.0, "ScaledOSMWidthStuds": 14.285712, "GameplayMinimumStuds": 28.0, "FinalWidthStuds": 28.0}}, {"type": "Feature", "geometry": {"type": "LineString", "coordinates": [[566685.0900839263, 5950813.715211257], [566667.3087797464, 5950778.400691275], [566703.2194069357, 5950759.493988815]]}, "properties": {"highway": "service", "service": "driveway", "osm_id": 800309556, "tile_500": "NO_E566500_N5950500_500", "tile_250": "NO_E566500_N5950750_250", "LaneCount": 2, "DirectionMode": "two-way", "OSMWidthMeters": 4.0, "ScaledOSMWidthStuds": 14.285712, "GameplayMinimumStuds": 28.0, "FinalWidthStuds": 28.0}}, {"type": "Feature", "geometry": {"type": "LineString", "coordinates": [[566953.528320353, 5951105.9332892755], [566950.1950895942, 5951126.226325841], [566933.2271595012, 5951123.447240781]]}, "properties": {"highway": "service", "osm_id": 802186710, "tile_500": "NO_E566500_N5951000_500", "tile_250": "NO_E566750_N5951000_250", "LaneCount": 2, "DirectionMode": "two-way", "OSMWidthMeters": 4.0, "ScaledOSMWidthStuds": 14.285712, "GameplayMinimumStuds": 28.0, "FinalWidthStuds": 28.0}}, {"type": "Feature", "geometry": {"type": "LineString", "coordinates": [[566969.2194202477, 5952291.242993545], [566972.9901247026, 5952275.54062833]]}, "properties": {"highway": "path", "lit": "no", "surface": "compacted", "osm_id": 808514900, "tile_500": "NO_E566500_N5952000_500", "tile_250": "NO_E566750_N5952250_250", "LaneCount": 2, "DirectionMode": "two-way", "OSMWidthMeters": 1.5, "ScaledOSMWidthStuds": 5.357142, "GameplayMinimumStuds": 6.0, "FinalWidthStuds": 6.0}}, {"type": "Feature", "geometry": {"type": "LineString", "coordinates": [[566945.3991460174, 5952285.717646723], [566953.142435672, 5952287.519515303]]}, "properties": {"highway": "path", "lit": "no", "surface": "compacted", "osm_id": 808514907, "tile_500": "NO_E566500_N5952000_500", "tile_250": "NO_E566750_N5952250_250", "LaneCount": 2, "DirectionMode": "two-way", "OSMWidthMeters": 1.5, "ScaledOSMWidthStuds": 5.357142, "GameplayMinimumStuds": 6.0, "FinalWidthStuds": 6.0}}, {"type": "Feature", "geometry": {"type": "LineString", "coordinates": [[566956.4171596331, 5952271.743294616], [566952.4141753756, 5952291.003080134]]}, "properties": {"highway": "path", "lit": "no", "surface": "compacted", "osm_id": 808514909, "tile_500": "NO_E566500_N5952000_500", "tile_250": "NO_E566750_N5952250_250", "LaneCount": 2, "DirectionMode": "two-way", "OSMWidthMeters": 1.5, "ScaledOSMWidthStuds": 5.357142, "GameplayMinimumStuds": 6.0, "FinalWidthStuds": 6.0}}, {"type": "Feature", "geometry": {"type": "LineString", "coordinates": [[566938.4391507623, 5952285.918749384], [566945.0378091816, 5952287.4483422665]]}, "properties": {"highway": "path", "lit": "no", "surface": "compacted", "osm_id": 808514910, "tile_500": "NO_E566500_N5952000_500", "tile_250": "NO_E566750_N5952250_250", "LaneCount": 2, "DirectionMode": "two-way", "OSMWidthMeters": 1.5, "ScaledOSMWidthStuds": 5.357142, "GameplayMinimumStuds": 6.0, "FinalWidthStuds": 6.0}}, {"type": "Feature", "geometry": {"type": "LineString", "coordinates": [[566938.760287516, 5952278.67948537], [566946.4894397658, 5952280.547904454]]}, "properties": {"highway": "path", "lit": "no", "smoothness": "intermediate", "surface": "compacted", "osm_id": 808514911, "tile_500": "NO_E566500_N5952000_500", "tile_250": "NO_E566750_N5952250_250", "LaneCount": 2, "DirectionMode": "two-way", "OSMWidthMeters": 1.5, "ScaledOSMWidthStuds": 5.357142, "GameplayMinimumStuds": 6.0, "FinalWidthStuds": 6.0}}, {"type": "Feature", "geometry": {"type": "LineString", "coordinates": [[566947.7004994488, 5952274.779014022], [566944.3123374529, 5952290.887438976]]}, "properties": {"highway": "path", "lit": "no", "surface": "compacted", "osm_id": 808514912, "tile_500": "NO_E566500_N5952000_500", "tile_250": "NO_E566750_N5952250_250", "LaneCount": 2, "DirectionMode": "two-way", "OSMWidthMeters": 1.5, "ScaledOSMWidthStuds": 5.357142, "GameplayMinimumStuds": 6.0, "FinalWidthStuds": 6.0}}, {"type": "Feature", "geometry": {"type": "LineString", "coordinates": [[566036.3769808977, 5952278.016752243], [566036.2282194638, 5952270.38138864]]}, "properties": {"access": "customers", "highway": "service", "surface": "paving_stones", "osm_id": 817501200, "tile_500": "NO_E566000_N5952000_500", "tile_250": "NO_E566000_N5952250_250", "LaneCount": 2, "DirectionMode": "two-way", "OSMWidthMeters": 4.0, "ScaledOSMWidthStuds": 14.285712, "GameplayMinimumStuds": 28.0, "FinalWidthStuds": 28.0}}, {"type": "Feature", "geometry": {"type": "LineString", "coordinates": [[565991.0776212728, 5952104.440092599], [565933.820682162, 5952103.557032078], [565930.227498686, 5952084.935219788]]}, "properties": {"highway": "service", "osm_id": 822141613, "tile_500": "NO_E565500_N5952000_500", "tile_250": "NO_E565750_N5952000_250", "LaneCount": 2, "DirectionMode": "two-way", "OSMWidthMeters": 4.0, "ScaledOSMWidthStuds": 14.285712, "GameplayMinimumStuds": 28.0, "FinalWidthStuds": 28.0}}, {"type": "Feature", "geometry": {"type": "LineString", "coordinates": [[565709.0282668647, 5952188.7859854335], [565550.7369782232, 5952271.204590526]]}, "properties": {"highway": "service", "surface": "paving_stones", "osm_id": 823392765, "tile_500": "NO_E565500_N5952000_500", "tile_250": "NO_E565500_N5952000_250", "LaneCount": 2, "DirectionMode": "two-way", "OSMWidthMeters": 4.0, "ScaledOSMWidthStuds": 14.285712, "GameplayMinimumStuds": 28.0, "FinalWidthStuds": 28.0}}, {"type": "Feature", "geometry": {"type": "LineString", "coordinates": [[565991.1244703811, 5952107.678769608], [566060.9407945347, 5952096.054370311]]}, "properties": {"access": "customers", "highway": "service", "osm_id": 832130633, "tile_500": "NO_E566000_N5952000_500", "tile_250": "NO_E566000_N5952000_250", "LaneCount": 2, "DirectionMode": "two-way", "OSMWidthMeters": 4.0, "ScaledOSMWidthStuds": 14.285712, "GameplayMinimumStuds": 28.0, "FinalWidthStuds": 28.0}}, {"type": "Feature", "geometry": {"type": "LineString", "coordinates": [[565960.0082476113, 5951692.64148781], [565944.9449808894, 5951695.367303469]]}, "properties": {"foot": "designated", "footway": "crossing", "highway": "footway", "lit": "yes", "surface": "asphalt", "osm_id": 832302738, "tile_500": "NO_E565500_N5951500_500", "tile_250": "NO_E565750_N5951500_250", "LaneCount": 2, "DirectionMode": "two-way", "OSMWidthMeters": 2.0, "ScaledOSMWidthStuds": 7.142856, "GameplayMinimumStuds": 7.0, "FinalWidthStuds": 7.142856}}, {"type": "Feature", "geometry": {"type": "LineString", "coordinates": [[566028.3108751499, 5951666.106998371], [565963.5821930093, 5951691.990725136]]}, "properties": {"foot": "designated", "footway": "sidewalk", "highway": "footway", "lit": "yes", "surface": "paving_stones", "osm_id": 832302739, "tile_500": "NO_E565500_N5951500_500", "tile_250": "NO_E565750_N5951500_250", "LaneCount": 2, "DirectionMode": "two-way", "OSMWidthMeters": 2.0, "ScaledOSMWidthStuds": 7.142856, "GameplayMinimumStuds": 7.0, "FinalWidthStuds": 7.142856}}, {"type": "Feature", "geometry": {"type": "LineString", "coordinates": [[565837.2714795616, 5951312.681944697], [565841.7151008485, 5951318.764108634]]}, "properties": {"bicycle": "designated", "check_date:surface": "2023-08-29", "cycleway:surface": "paving_stones", "foot": "designated", "footway": "sidewalk", "footway:surface": "paving_stones", "highway": "path", "lit": "yes", "segregated": "yes", "surface": "paving_stones", "osm_id": 832302740, "tile_500": "NO_E565500_N5951000_500", "tile_250": "NO_E565750_N5951250_250", "LaneCount": 2, "DirectionMode": "two-way", "OSMWidthMeters": 1.5, "ScaledOSMWidthStuds": 5.357142, "GameplayMinimumStuds": 6.0, "FinalWidthStuds": 6.0}}, {"type": "Feature", "geometry": {"type": "LineString", "coordinates": [[565836.0876929832, 5951326.9415155975], [565859.8513911522, 5951372.807484157]]}, "properties": {"bicycle": "designated", "cycleway:both": "lane", "cycleway:both:lane": "exclusive", "highway": "secondary", "lanes": "4", "lanes:backward": "3", "lanes:forward": "1", "lit": "yes", "maxspeed": "50", "name": "Ulzburger Stra\u00dfe", "sidewalk": "separate", "smoothness": "good", "surface": "asphalt", "turn:lanes:backward": "left|through|right", "osm_id": 832302742, "tile_500": "NO_E565500_N5951000_500", "tile_250": "NO_E565750_N5951250_250", "LaneCount": 4, "DirectionMode": "two-way", "OSMWidthMeters": 14.0, "ScaledOSMWidthStuds": 49.999992, "GameplayMinimumStuds": 52.0, "FinalWidthStuds": 52.0}}, {"type": "Feature", "geometry": {"type": "LineString", "coordinates": [[565705.1768955461, 5951747.427587091], [565846.8054177681, 5951706.339989857]]}, "properties": {"cycleway:both": "no", "highway": "residential", "lit": "yes", "maxspeed": "30", "name": "Langenharmer Weg", "sidewalk": "both", "sidewalk:both:surface": "paving_stones", "smoothness": "good", "surface": "asphalt", "osm_id": 832302745, "tile_500": "NO_E565500_N5951500_500", "tile_250": "NO_E565750_N5951500_250", "LaneCount": 2, "DirectionMode": "two-way", "OSMWidthMeters": 6.0, "ScaledOSMWidthStuds": 21.428568, "GameplayMinimumStuds": 28.0, "FinalWidthStuds": 28.0}}, {"type": "Feature", "geometry": {"type": "LineString", "coordinates": [[565940.7886628915, 5951696.1211664155], [565848.3039848548, 5951710.099761397]]}, "properties": {"bicycle": "no", "footway": "sidewalk", "highway": "footway", "lit": "no", "smoothness": "intermediate", "surface": "paving_stones", "osm_id": 832302746, "tile_500": "NO_E565500_N5951500_500", "tile_250": "NO_E565750_N5951500_250", "LaneCount": 2, "DirectionMode": "two-way", "OSMWidthMeters": 2.0, "ScaledOSMWidthStuds": 7.142856, "GameplayMinimumStuds": 7.0, "FinalWidthStuds": 7.142856}}, {"type": "Feature", "geometry": {"type": "LineString", "coordinates": [[565938.7566439065, 5951663.156095443], [565953.2002148877, 5951660.377037146]]}, "properties": {"foot": "designated", "footway": "crossing", "highway": "footway", "lit": "yes", "surface": "asphalt", "osm_id": 832302747, "tile_500": "NO_E565500_N5951500_500", "tile_250": "NO_E565750_N5951500_250", "LaneCount": 2, "DirectionMode": "two-way", "OSMWidthMeters": 2.0, "ScaledOSMWidthStuds": 7.142856, "GameplayMinimumStuds": 7.0, "FinalWidthStuds": 7.142856}}, {"type": "Feature", "geometry": {"type": "LineString", "coordinates": [[566553.8382774838, 5951239.827011458], [566551.2757634581, 5951197.996816436]]}, "properties": {"access": "private", "highway": "service", "osm_id": 834719594, "tile_500": "NO_E566500_N5951000_500", "tile_250": "NO_E566500_N5951000_250", "LaneCount": 2, "DirectionMode": "two-way", "OSMWidthMeters": 4.0, "ScaledOSMWidthStuds": 14.285712, "GameplayMinimumStuds": 28.0, "FinalWidthStuds": 28.0}}, {"type": "Feature", "geometry": {"type": "LineString", "coordinates": [[565204.9885321779, 5952161.713335835], [565291.1172883968, 5952110.367629778], [565335.0170709379, 5952057.468303226]]}, "properties": {"highway": "service", "osm_id": 845668775, "tile_500": "NO_E565000_N5952000_500", "tile_250": "NO_E565250_N5952000_250", "LaneCount": 2, "DirectionMode": "two-way", "OSMWidthMeters": 4.0, "ScaledOSMWidthStuds": 14.285712, "GameplayMinimumStuds": 28.0, "FinalWidthStuds": 28.0}}, {"type": "Feature", "geometry": {"type": "LineString", "coordinates": [[565221.2499564084, 5951192.294935851], [565218.4767147689, 5951191.36965407]]}, "properties": {"highway": "footway", "horse": "no", "lit": "yes", "surface": "compacted", "osm_id": 860468440, "tile_500": "NO_E565000_N5951000_500", "tile_250": "NO_E565000_N5951000_250", "LaneCount": 2, "DirectionMode": "two-way", "OSMWidthMeters": 2.0, "ScaledOSMWidthStuds": 7.142856, "GameplayMinimumStuds": 7.0, "FinalWidthStuds": 7.142856}}, {"type": "Feature", "geometry": {"type": "LineString", "coordinates": [[565458.0919114924, 5951355.802033322], [565442.6694829258, 5951355.3532227725]]}, "properties": {"access": "yes", "handrail": "yes", "highway": "steps", "incline": "down", "ramp": "no", "step_count": "18", "surface": "paving_stones", "tactile_paving": "no", "osm_id": 860470610, "tile_500": "NO_E565000_N5951000_500", "tile_250": "NO_E565250_N5951250_250", "LaneCount": 2, "DirectionMode": "two-way", "OSMWidthMeters": 2.0, "ScaledOSMWidthStuds": 7.142856, "GameplayMinimumStuds": 28.0, "FinalWidthStuds": 28.0}}, {"type": "Feature", "geometry": {"type": "LineString", "coordinates": [[565442.6694829258, 5951355.3532227725], [565410.1953737483, 5951363.824368469]]}, "properties": {"bicycle": "yes", "highway": "footway", "horse": "no", "lit": "yes", "surface": "paving_stones", "osm_id": 860470611, "tile_500": "NO_E565000_N5951000_500", "tile_250": "NO_E565250_N5951250_250", "LaneCount": 2, "DirectionMode": "two-way", "OSMWidthMeters": 2.0, "ScaledOSMWidthStuds": 7.142856, "GameplayMinimumStuds": 7.0, "FinalWidthStuds": 7.142856}}, {"type": "Feature", "geometry": {"type": "LineString", "coordinates": [[566072.381500755, 5951030.006823595], [566065.7207744145, 5950992.881737998]]}, "properties": {"highway": "service", "service": "driveway", "osm_id": 862907890, "tile_500": "NO_E566000_N5951000_500", "tile_250": "NO_E566000_N5951000_250", "LaneCount": 2, "DirectionMode": "two-way", "OSMWidthMeters": 4.0, "ScaledOSMWidthStuds": 14.285712, "GameplayMinimumStuds": 28.0, "FinalWidthStuds": 28.0}}, {"type": "Feature", "geometry": {"type": "LineString", "coordinates": [[566063.0723438177, 5950885.5449328795], [566063.7104057078, 5950909.633158894]]}, "properties": {"highway": "service", "service": "driveway", "osm_id": 862907891, "tile_500": "NO_E566000_N5950500_500", "tile_250": "NO_E566000_N5950750_250", "LaneCount": 2, "DirectionMode": "two-way", "OSMWidthMeters": 4.0, "ScaledOSMWidthStuds": 14.285712, "GameplayMinimumStuds": 28.0, "FinalWidthStuds": 28.0}}, {"type": "Feature", "geometry": {"type": "LineString", "coordinates": [[566522.0312734284, 5951384.497192673], [566520.6117743666, 5951336.540988136]]}, "properties": {"highway": "footway", "lit": "yes", "osm_id": 863585470, "tile_500": "NO_E566500_N5951000_500", "tile_250": "NO_E566500_N5951250_250", "LaneCount": 2, "DirectionMode": "two-way", "OSMWidthMeters": 2.0, "ScaledOSMWidthStuds": 7.142856, "GameplayMinimumStuds": 7.0, "FinalWidthStuds": 7.142856}}, {"type": "Feature", "geometry": {"type": "LineString", "coordinates": [[565257.3715242078, 5951407.7071007565], [565263.4014856755, 5951432.682432453]]}, "properties": {"cycleway:left": "no", "cycleway:right": "separate", "highway": "residential", "lanes": "2", "lit": "yes", "maxspeed": "30", "name": "Buckh\u00f6rner Moor", "oneway": "yes", "sidewalk:left": "no", "sidewalk:right": "separate", "smoothness": "bad", "surface": "sett", "turn:lanes": "left|right", "osm_id": 870947298, "tile_500": "NO_E565000_N5951000_500", "tile_250": "NO_E565250_N5951250_250", "LaneCount": 2, "DirectionMode": "one-way", "OSMWidthMeters": 6.0, "ScaledOSMWidthStuds": 21.428568, "GameplayMinimumStuds": 28.0, "FinalWidthStuds": 28.0}}, {"type": "Feature", "geometry": {"type": "LineString", "coordinates": [[566367.5459856986, 5951485.314038195], [566331.1953211863, 5951499.877344486], [566319.7308319974, 5951465.588102051]]}, "properties": {"highway": "footway", "lit": "yes", "surface": "paving_stones", "osm_id": 876354532, "tile_500": "NO_E566000_N5951000_500", "tile_250": "NO_E566250_N5951250_250", "LaneCount": 2, "DirectionMode": "two-way", "OSMWidthMeters": 2.0, "ScaledOSMWidthStuds": 7.142856, "GameplayMinimumStuds": 7.0, "FinalWidthStuds": 7.142856}}, {"type": "Feature", "geometry": {"type": "LineString", "coordinates": [[566324.8704664687, 5951490.563464827], [566300.0058644188, 5951500.538079539]]}, "properties": {"highway": "footway", "lit": "yes", "surface": "paving_stones", "osm_id": 876354533, "tile_500": "NO_E566000_N5951000_500", "tile_250": "NO_E566250_N5951250_250", "LaneCount": 2, "DirectionMode": "two-way", "OSMWidthMeters": 2.0, "ScaledOSMWidthStuds": 7.142856, "GameplayMinimumStuds": 7.0, "FinalWidthStuds": 7.142856}}, {"type": "Feature", "geometry": {"type": "LineString", "coordinates": [[566331.1953211863, 5951499.877344486], [566306.419662054, 5951515.706097224]]}, "properties": {"highway": "footway", "lit": "yes", "surface": "paving_stones", "osm_id": 876354534, "tile_500": "NO_E566000_N5951500_500", "tile_250": "NO_E566250_N5951500_250", "LaneCount": 2, "DirectionMode": "two-way", "OSMWidthMeters": 2.0, "ScaledOSMWidthStuds": 7.142856, "GameplayMinimumStuds": 7.0, "FinalWidthStuds": 7.142856}}, {"type": "Feature", "geometry": {"type": "LineString", "coordinates": [[566307.9910067567, 5951519.433667976], [566295.6557473537, 5951490.2284433115]]}, "properties": {"highway": "service", "service": "driveway", "osm_id": 876354535, "tile_500": "NO_E566000_N5951500_500", "tile_250": "NO_E566250_N5951500_250", "LaneCount": 2, "DirectionMode": "two-way", "OSMWidthMeters": 4.0, "ScaledOSMWidthStuds": 14.285712, "GameplayMinimumStuds": 28.0, "FinalWidthStuds": 28.0}}, {"type": "Feature", "geometry": {"type": "LineString", "coordinates": [[566398.1598421938, 5951493.146799039], [566417.5226260487, 5951528.137798529], [566405.789008971, 5951538.564817486], [566419.5431630592, 5951577.537885464], [566397.1770822525, 5951597.105637411]]}, "properties": {"highway": "footway", "lit": "yes", "surface": "paving_stones", "osm_id": 876354536, "tile_500": "NO_E566000_N5951500_500", "tile_250": "NO_E566250_N5951500_250", "LaneCount": 2, "DirectionMode": "two-way", "OSMWidthMeters": 2.0, "ScaledOSMWidthStuds": 7.142856, "GameplayMinimumStuds": 7.0, "FinalWidthStuds": 7.142856}}, {"type": "Feature", "geometry": {"type": "LineString", "coordinates": [[566393.5037763637, 5951587.973839277], [566353.8554074724, 5951592.5648097405]]}, "properties": {"highway": "footway", "lit": "yes", "surface": "paving_stones", "osm_id": 876354537, "tile_500": "NO_E566000_N5951500_500", "tile_250": "NO_E566250_N5951500_250", "LaneCount": 2, "DirectionMode": "two-way", "OSMWidthMeters": 2.0, "ScaledOSMWidthStuds": 7.142856, "GameplayMinimumStuds": 7.0, "FinalWidthStuds": 7.142856}}, {"type": "Feature", "geometry": {"type": "LineString", "coordinates": [[566317.8747204316, 5951460.988579877], [566311.6960368801, 5951438.524419246]]}, "properties": {"highway": "footway", "lit": "yes", "surface": "concrete", "osm_id": 876360497, "tile_500": "NO_E566000_N5951000_500", "tile_250": "NO_E566250_N5951250_250", "LaneCount": 2, "DirectionMode": "two-way", "OSMWidthMeters": 2.0, "ScaledOSMWidthStuds": 7.142856, "GameplayMinimumStuds": 7.0, "FinalWidthStuds": 7.142856}}, {"type": "Feature", "geometry": {"type": "LineString", "coordinates": [[566319.7308319974, 5951465.588102051], [566317.8747204316, 5951460.988579877]]}, "properties": {"handrail": "yes", "highway": "steps", "incline": "down", "lit": "yes", "surface": "concrete", "osm_id": 876360498, "tile_500": "NO_E566000_N5951000_500", "tile_250": "NO_E566250_N5951250_250", "LaneCount": 2, "DirectionMode": "two-way", "OSMWidthMeters": 2.0, "ScaledOSMWidthStuds": 7.142856, "GameplayMinimumStuds": 28.0, "FinalWidthStuds": 28.0}}, {"type": "Feature", "geometry": {"type": "LineString", "coordinates": [[566418.6026474433, 5951484.957217266], [566371.4765954298, 5951483.73394075]]}, "properties": {"highway": "footway", "lit": "yes", "surface": "paving_stones", "osm_id": 876360499, "tile_500": "NO_E566000_N5951000_500", "tile_250": "NO_E566250_N5951250_250", "LaneCount": 2, "DirectionMode": "two-way", "OSMWidthMeters": 2.0, "ScaledOSMWidthStuds": 7.142856, "GameplayMinimumStuds": 7.0, "FinalWidthStuds": 7.142856}}, {"type": "Feature", "geometry": {"type": "LineString", "coordinates": [[566371.4765954298, 5951483.73394075], [566367.5459856986, 5951485.314038195]]}, "properties": {"highway": "footway", "lit": "yes", "surface": "paving_stones", "tunnel": "building_passage", "osm_id": 876360500, "tile_500": "NO_E566000_N5951000_500", "tile_250": "NO_E566250_N5951250_250", "LaneCount": 2, "DirectionMode": "two-way", "OSMWidthMeters": 2.0, "ScaledOSMWidthStuds": 7.142856, "GameplayMinimumStuds": 7.0, "FinalWidthStuds": 7.142856}}, {"type": "Feature", "geometry": {"type": "LineString", "coordinates": [[566395.5637933677, 5951494.189399596], [566398.1598421938, 5951493.146799039]]}, "properties": {"handrail": "yes", "highway": "steps", "incline": "down", "lit": "yes", "surface": "concrete", "osm_id": 876534280, "tile_500": "NO_E566000_N5951000_500", "tile_250": "NO_E566250_N5951250_250", "LaneCount": 2, "DirectionMode": "two-way", "OSMWidthMeters": 2.0, "ScaledOSMWidthStuds": 7.142856, "GameplayMinimumStuds": 28.0, "FinalWidthStuds": 28.0}}, {"type": "Feature", "geometry": {"type": "LineString", "coordinates": [[566390.4182172399, 5951496.2530088285], [566395.5637933677, 5951494.189399596]]}, "properties": {"highway": "footway", "lit": "yes", "surface": "concrete", "osm_id": 876534281, "tile_500": "NO_E566000_N5951000_500", "tile_250": "NO_E566250_N5951250_250", "LaneCount": 2, "DirectionMode": "two-way", "OSMWidthMeters": 2.0, "ScaledOSMWidthStuds": 7.142856, "GameplayMinimumStuds": 7.0, "FinalWidthStuds": 7.142856}}, {"type": "Feature", "geometry": {"type": "LineString", "coordinates": [[565326.2907526398, 5951985.888055916], [565347.7841806406, 5951980.167626649]]}, "properties": {"highway": "service", "service": "parking_aisle", "osm_id": 880902720, "tile_500": "NO_E565000_N5951500_500", "tile_250": "NO_E565250_N5951750_250", "LaneCount": 2, "DirectionMode": "two-way", "OSMWidthMeters": 4.0, "ScaledOSMWidthStuds": 14.285712, "GameplayMinimumStuds": 28.0, "FinalWidthStuds": 28.0}}, {"type": "Feature", "geometry": {"type": "LineString", "coordinates": [[566158.9247079759, 5951079.729688154], [566214.8372270983, 5951064.016720713]]}, "properties": {"highway": "service", "surface": "paving_stones", "osm_id": 885833386, "tile_500": "NO_E566000_N5951000_500", "tile_250": "NO_E566000_N5951000_250", "LaneCount": 2, "DirectionMode": "two-way", "OSMWidthMeters": 4.0, "ScaledOSMWidthStuds": 14.285712, "GameplayMinimumStuds": 28.0, "FinalWidthStuds": 28.0}}, {"type": "Feature", "geometry": {"type": "LineString", "coordinates": [[565834.8057256927, 5951597.547916762], [565843.3075331737, 5951633.841734152]]}, "properties": {"highway": "service", "service": "driveway", "osm_id": 885844462, "tile_500": "NO_E565500_N5951500_500", "tile_250": "NO_E565750_N5951500_250", "LaneCount": 2, "DirectionMode": "two-way", "OSMWidthMeters": 4.0, "ScaledOSMWidthStuds": 14.285712, "GameplayMinimumStuds": 28.0, "FinalWidthStuds": 28.0}}, {"type": "Feature", "geometry": {"type": "LineString", "coordinates": [[566307.968065656, 5952253.329252191], [566291.9020529361, 5952199.146235532]]}, "properties": {"access": "private", "highway": "service", "service": "driveway", "osm_id": 886111534, "tile_500": "NO_E566000_N5952000_500", "tile_250": "NO_E566250_N5952000_250", "LaneCount": 2, "DirectionMode": "two-way", "OSMWidthMeters": 4.0, "ScaledOSMWidthStuds": 14.285712, "GameplayMinimumStuds": 28.0, "FinalWidthStuds": 28.0}}, {"type": "Feature", "geometry": {"type": "LineString", "coordinates": [[565767.5470945323, 5950743.683850854], [565787.3120340739, 5950747.254533891]]}, "properties": {"highway": "service", "service": "parking_aisle", "osm_id": 886140287, "tile_500": "NO_E565500_N5950500_500", "tile_250": "NO_E565750_N5950500_250", "LaneCount": 2, "DirectionMode": "two-way", "OSMWidthMeters": 4.0, "ScaledOSMWidthStuds": 14.285712, "GameplayMinimumStuds": 28.0, "FinalWidthStuds": 28.0}}, {"type": "Feature", "geometry": {"type": "LineString", "coordinates": [[566216.3974783884, 5952219.599780316], [566226.67139953, 5952259.580290223]]}, "properties": {"highway": "service", "surface": "paving_stones", "osm_id": 894802565, "tile_500": "NO_E566000_N5952000_500", "tile_250": "NO_E566000_N5952000_250", "LaneCount": 2, "DirectionMode": "two-way", "OSMWidthMeters": 4.0, "ScaledOSMWidthStuds": 14.285712, "GameplayMinimumStuds": 28.0, "FinalWidthStuds": 28.0}}, {"type": "Feature", "geometry": {"type": "LineString", "coordinates": [[565841.7151008485, 5951318.764108634], [565886.5995091549, 5951405.919225214]]}, "properties": {"foot": "designated", "footway": "sidewalk", "highway": "path", "lit": "yes", "smoothness": "good", "surface": "paving_stones", "osm_id": 896193385, "tile_500": "NO_E565500_N5951000_500", "tile_250": "NO_E565750_N5951250_250", "LaneCount": 2, "DirectionMode": "two-way", "OSMWidthMeters": 1.5, "ScaledOSMWidthStuds": 5.357142, "GameplayMinimumStuds": 6.0, "FinalWidthStuds": 6.0}}, {"type": "Feature", "geometry": {"type": "LineString", "coordinates": [[566829.5111536853, 5951199.481229598], [566844.3537614173, 5951173.933102452]]}, "properties": {"highway": "service", "surface": "paving_stones", "osm_id": 902908429, "tile_500": "NO_E566500_N5951000_500", "tile_250": "NO_E566750_N5951000_250", "LaneCount": 2, "DirectionMode": "two-way", "OSMWidthMeters": 4.0, "ScaledOSMWidthStuds": 14.285712, "GameplayMinimumStuds": 28.0, "FinalWidthStuds": 28.0}}, {"type": "Feature", "geometry": {"type": "LineString", "coordinates": [[566917.7061143636, 5951152.078796111], [566936.5710499266, 5951155.163069847], [566940.5540004551, 5951130.9736318635]]}, "properties": {"highway": "service", "osm_id": 902908430, "tile_500": "NO_E566500_N5951000_500", "tile_250": "NO_E566750_N5951000_250", "LaneCount": 2, "DirectionMode": "two-way", "OSMWidthMeters": 4.0, "ScaledOSMWidthStuds": 14.285712, "GameplayMinimumStuds": 28.0, "FinalWidthStuds": 28.0}}, {"type": "Feature", "geometry": {"type": "LineString", "coordinates": [[565814.9874354537, 5951981.992610934], [565814.1951591981, 5952015.407599043]]}, "properties": {"highway": "service", "surface": "paving_stones", "osm_id": 911221528, "tile_500": "NO_E565500_N5951500_500", "tile_250": "NO_E565750_N5951750_250", "LaneCount": 2, "DirectionMode": "two-way", "OSMWidthMeters": 4.0, "ScaledOSMWidthStuds": 14.285712, "GameplayMinimumStuds": 28.0, "FinalWidthStuds": 28.0}}, {"type": "Feature", "geometry": {"type": "LineString", "coordinates": [[565907.7714574559, 5951303.011886092], [565958.8410063378, 5951273.686118588]]}, "properties": {"highway": "service", "service": "driveway", "osm_id": 912312785, "tile_500": "NO_E565500_N5951000_500", "tile_250": "NO_E565750_N5951250_250", "LaneCount": 2, "DirectionMode": "two-way", "OSMWidthMeters": 4.0, "ScaledOSMWidthStuds": 14.285712, "GameplayMinimumStuds": 28.0, "FinalWidthStuds": 28.0}}, {"type": "Feature", "geometry": {"type": "LineString", "coordinates": [[565916.3742904833, 5951318.020920728], [565968.5650470299, 5951288.299306303]]}, "properties": {"highway": "service", "service": "driveway", "osm_id": 912312786, "tile_500": "NO_E565500_N5951000_500", "tile_250": "NO_E565750_N5951250_250", "LaneCount": 2, "DirectionMode": "two-way", "OSMWidthMeters": 4.0, "ScaledOSMWidthStuds": 14.285712, "GameplayMinimumStuds": 28.0, "FinalWidthStuds": 28.0}}, {"type": "Feature", "geometry": {"type": "LineString", "coordinates": [[565925.1009167532, 5951333.142984001], [565972.5117375929, 5951306.236199276]]}, "properties": {"highway": "service", "service": "driveway", "osm_id": 912312787, "tile_500": "NO_E565500_N5951000_500", "tile_250": "NO_E565750_N5951250_250", "LaneCount": 2, "DirectionMode": "two-way", "OSMWidthMeters": 4.0, "ScaledOSMWidthStuds": 14.285712, "GameplayMinimumStuds": 28.0, "FinalWidthStuds": 28.0}}, {"type": "Feature", "geometry": {"type": "LineString", "coordinates": [[566589.9637851294, 5952080.345462902], [566628.546048815, 5952090.128948385]]}, "properties": {"highway": "service", "osm_id": 912322864, "tile_500": "NO_E566500_N5952000_500", "tile_250": "NO_E566500_N5952000_250", "LaneCount": 2, "DirectionMode": "two-way", "OSMWidthMeters": 4.0, "ScaledOSMWidthStuds": 14.285712, "GameplayMinimumStuds": 28.0, "FinalWidthStuds": 28.0}}, {"type": "Feature", "geometry": {"type": "LineString", "coordinates": [[566946.3443382112, 5951097.1849203715], [566962.1069119986, 5951099.768813409], [566965.490703119, 5951079.176070656]]}, "properties": {"highway": "service", "osm_id": 912642410, "tile_500": "NO_E566500_N5951000_500", "tile_250": "NO_E566750_N5951000_250", "LaneCount": 2, "DirectionMode": "two-way", "OSMWidthMeters": 4.0, "ScaledOSMWidthStuds": 14.285712, "GameplayMinimumStuds": 28.0, "FinalWidthStuds": 28.0}}, {"type": "Feature", "geometry": {"type": "LineString", "coordinates": [[565707.4891230336, 5951640.783624728], [565726.6467440354, 5951650.209659493]]}, "properties": {"highway": "service", "surface": "asphalt", "osm_id": 912766475, "tile_500": "NO_E565500_N5951500_500", "tile_250": "NO_E565500_N5951500_250", "LaneCount": 2, "DirectionMode": "two-way", "OSMWidthMeters": 4.0, "ScaledOSMWidthStuds": 14.285712, "GameplayMinimumStuds": 28.0, "FinalWidthStuds": 28.0}}, {"type": "Feature", "geometry": {"type": "LineString", "coordinates": [[565798.6936463878, 5951608.468924937], [565772.6068034157, 5951622.880031752]]}, "properties": {"access": "private", "highway": "service", "osm_id": 912766476, "tile_500": "NO_E565500_N5951500_500", "tile_250": "NO_E565750_N5951500_250", "LaneCount": 2, "DirectionMode": "two-way", "OSMWidthMeters": 4.0, "ScaledOSMWidthStuds": 14.285712, "GameplayMinimumStuds": 28.0, "FinalWidthStuds": 28.0}}, {"type": "Feature", "geometry": {"type": "LineString", "coordinates": [[566084.3701390806, 5952086.95964262], [566099.482521134, 5952083.945682729]]}, "properties": {"highway": "service", "osm_id": 912825682, "tile_500": "NO_E566000_N5952000_500", "tile_250": "NO_E566000_N5952000_250", "LaneCount": 2, "DirectionMode": "two-way", "OSMWidthMeters": 4.0, "ScaledOSMWidthStuds": 14.285712, "GameplayMinimumStuds": 28.0, "FinalWidthStuds": 28.0}}, {"type": "Feature", "geometry": {"type": "LineString", "coordinates": [[566080.8783920327, 5952071.955476218], [566095.6795391927, 5952069.015009148]]}, "properties": {"highway": "service", "osm_id": 912825683, "tile_500": "NO_E566000_N5952000_500", "tile_250": "NO_E566000_N5952000_250", "LaneCount": 2, "DirectionMode": "two-way", "OSMWidthMeters": 4.0, "ScaledOSMWidthStuds": 14.285712, "GameplayMinimumStuds": 28.0, "FinalWidthStuds": 28.0}}, {"type": "Feature", "geometry": {"type": "LineString", "coordinates": [[565908.6193625325, 5951474.816522392], [565901.5900814331, 5951477.521832965]]}, "properties": {"highway": "path", "smoothness": "excellent", "surface": "paving_stones", "osm_id": 913559029, "tile_500": "NO_E565500_N5951000_500", "tile_250": "NO_E565750_N5951250_250", "LaneCount": 2, "DirectionMode": "two-way", "OSMWidthMeters": 1.5, "ScaledOSMWidthStuds": 5.357142, "GameplayMinimumStuds": 6.0, "FinalWidthStuds": 6.0}}, {"type": "Feature", "geometry": {"type": "LineString", "coordinates": [[566021.4454040308, 5952011.788308316], [565987.6126960483, 5952019.001150571]]}, "properties": {"highway": "service", "surface": "paving_stones", "osm_id": 913559030, "tile_500": "NO_E566000_N5952000_500", "tile_250": "NO_E566000_N5952000_250", "LaneCount": 2, "DirectionMode": "two-way", "OSMWidthMeters": 4.0, "ScaledOSMWidthStuds": 14.285712, "GameplayMinimumStuds": 28.0, "FinalWidthStuds": 28.0}}, {"type": "Feature", "geometry": {"type": "LineString", "coordinates": [[566536.7858154994, 5951433.432529636], [566536.8357446601, 5951454.118750373]]}, "properties": {"cycleway": "track", "highway": "tertiary", "lanes": "1", "lit": "yes", "maxspeed": "50", "name": "Falkenbergstra\u00dfe", "oneway": "no", "sidewalk": "both", "sidewalk:both:surface": "paving_stones", "surface": "asphalt", "osm_id": 914376615, "tile_500": "NO_E566500_N5951000_500", "tile_250": "NO_E566500_N5951250_250", "LaneCount": 1, "DirectionMode": "two-way", "OSMWidthMeters": 12.0, "ScaledOSMWidthStuds": 42.857136, "GameplayMinimumStuds": 14.0, "FinalWidthStuds": 42.857136}}, {"type": "Feature", "geometry": {"type": "LineString", "coordinates": [[566703.9174890263, 5950800.963943346], [566746.9328785612, 5950771.832504993]]}, "properties": {"highway": "tertiary", "lanes": "2", "lit": "yes", "maxspeed": "30", "name": "Am Exerzierplatz", "surface": "asphalt", "osm_id": 914604617, "tile_500": "NO_E566500_N5950500_500", "tile_250": "NO_E566500_N5950750_250", "LaneCount": 2, "DirectionMode": "two-way", "OSMWidthMeters": 12.0, "ScaledOSMWidthStuds": 42.857136, "GameplayMinimumStuds": 28.0, "FinalWidthStuds": 42.857136}}, {"type": "Feature", "geometry": {"type": "LineString", "coordinates": [[566000.9950239421, 5952251.536702954], [565987.7203543272, 5952251.116258437]]}, "properties": {"highway": "service", "osm_id": 915091539, "tile_500": "NO_E565500_N5952000_500", "tile_250": "NO_E565750_N5952250_250", "LaneCount": 2, "DirectionMode": "two-way", "OSMWidthMeters": 4.0, "ScaledOSMWidthStuds": 14.285712, "GameplayMinimumStuds": 28.0, "FinalWidthStuds": 28.0}}, {"type": "Feature", "geometry": {"type": "LineString", "coordinates": [[565960.4758913207, 5951747.649817406], [565972.0014588905, 5951741.580651788], [565966.8416442511, 5951702.907831869]]}, "properties": {"highway": "service", "layer": "-1", "surface": "paving_stones", "osm_id": 915091550, "tile_500": "NO_E565500_N5951500_500", "tile_250": "NO_E565750_N5951500_250", "LaneCount": 2, "DirectionMode": "two-way", "OSMWidthMeters": 4.0, "ScaledOSMWidthStuds": 14.285712, "GameplayMinimumStuds": 28.0, "FinalWidthStuds": 28.0}}, {"type": "Feature", "geometry": {"type": "LineString", "coordinates": [[565981.3252498658, 5951678.030802972], [565966.8416442511, 5951702.907831869]]}, "properties": {"highway": "service", "surface": "paving_stones", "osm_id": 915091551, "tile_500": "NO_E565500_N5951500_500", "tile_250": "NO_E565750_N5951500_250", "LaneCount": 2, "DirectionMode": "two-way", "OSMWidthMeters": 4.0, "ScaledOSMWidthStuds": 14.285712, "GameplayMinimumStuds": 28.0, "FinalWidthStuds": 28.0}}, {"type": "Feature", "geometry": {"type": "LineString", "coordinates": [[565971.6194452624, 5951739.171804021], [565991.7671754858, 5951736.339561399], [565986.2079285654, 5951742.971066226]]}, "properties": {"access": "customers", "highway": "service", "service": "parking_aisle", "surface": "paving_stones", "osm_id": 915443016, "tile_500": "NO_E565500_N5951500_500", "tile_250": "NO_E565750_N5951500_250", "LaneCount": 2, "DirectionMode": "two-way", "OSMWidthMeters": 4.0, "ScaledOSMWidthStuds": 14.285712, "GameplayMinimumStuds": 28.0, "FinalWidthStuds": 28.0}}, {"type": "Feature", "geometry": {"type": "LineString", "coordinates": [[566974.4587252366, 5951226.128040694], [566966.2607697968, 5951275.950103745]]}, "properties": {"highway": "footway", "lit": "yes", "osm_id": 918372223, "tile_500": "NO_E566500_N5951000_500", "tile_250": "NO_E566750_N5951250_250", "LaneCount": 2, "DirectionMode": "two-way", "OSMWidthMeters": 2.0, "ScaledOSMWidthStuds": 7.142856, "GameplayMinimumStuds": 7.0, "FinalWidthStuds": 7.142856}}, {"type": "Feature", "geometry": {"type": "LineString", "coordinates": [[566945.1162320559, 5951381.768899934], [566952.6416829866, 5951458.620904277]]}, "properties": {"highway": "footway", "lit": "yes", "surface": "paving_stones", "osm_id": 918372224, "tile_500": "NO_E566500_N5951000_500", "tile_250": "NO_E566750_N5951250_250", "LaneCount": 2, "DirectionMode": "two-way", "OSMWidthMeters": 2.0, "ScaledOSMWidthStuds": 7.142856, "GameplayMinimumStuds": 7.0, "FinalWidthStuds": 7.142856}}, {"type": "Feature", "geometry": {"type": "LineString", "coordinates": [[565838.8057810755, 5951798.438782251], [565823.737470713, 5951836.838697341], [565830.8879169063, 5951883.3171913745]]}, "properties": {"highway": "path", "osm_id": 928859284, "tile_500": "NO_E565500_N5951500_500", "tile_250": "NO_E565750_N5951750_250", "LaneCount": 2, "DirectionMode": "two-way", "OSMWidthMeters": 1.5, "ScaledOSMWidthStuds": 5.357142, "GameplayMinimumStuds": 6.0, "FinalWidthStuds": 6.0}}, {"type": "Feature", "geometry": {"type": "LineString", "coordinates": [[565962.0125908457, 5951759.488512329], [565944.8387071306, 5951765.856623997], [565944.3197397288, 5951787.747660739]]}, "properties": {"highway": "service", "osm_id": 938289740, "tile_500": "NO_E565500_N5951500_500", "tile_250": "NO_E565750_N5951750_250", "LaneCount": 2, "DirectionMode": "two-way", "OSMWidthMeters": 4.0, "ScaledOSMWidthStuds": 14.285712, "GameplayMinimumStuds": 28.0, "FinalWidthStuds": 28.0}}, {"type": "Feature", "geometry": {"type": "LineString", "coordinates": [[565357.2685175827, 5951040.054181186], [565354.3445695129, 5951024.346417192]]}, "properties": {"highway": "service", "service": "driveway", "osm_id": 938317926, "tile_500": "NO_E565000_N5951000_500", "tile_250": "NO_E565250_N5951000_250", "LaneCount": 2, "DirectionMode": "two-way", "OSMWidthMeters": 4.0, "ScaledOSMWidthStuds": 14.285712, "GameplayMinimumStuds": 28.0, "FinalWidthStuds": 28.0}}, {"type": "Feature", "geometry": {"type": "LineString", "coordinates": [[565738.413742415, 5950830.067601085], [565775.7299312031, 5950822.211740398]]}, "properties": {"highway": "service", "surface": "paving_stones", "osm_id": 939210934, "tile_500": "NO_E565500_N5950500_500", "tile_250": "NO_E565750_N5950750_250", "LaneCount": 2, "DirectionMode": "two-way", "OSMWidthMeters": 4.0, "ScaledOSMWidthStuds": 14.285712, "GameplayMinimumStuds": 28.0, "FinalWidthStuds": 28.0}}, {"type": "Feature", "geometry": {"type": "LineString", "coordinates": [[565311.0596388213, 5951970.899083311], [565342.9845284718, 5951961.262460576]]}, "properties": {"highway": "service", "service": "parking_aisle", "osm_id": 942403903, "tile_500": "NO_E565000_N5951500_500", "tile_250": "NO_E565250_N5951750_250", "LaneCount": 2, "DirectionMode": "two-way", "OSMWidthMeters": 4.0, "ScaledOSMWidthStuds": 14.285712, "GameplayMinimumStuds": 28.0, "FinalWidthStuds": 28.0}}, {"type": "Feature", "geometry": {"type": "LineString", "coordinates": [[565303.7230472246, 5951272.522775697], [565292.6396486819, 5951252.495422073]]}, "properties": {"bicycle": "designated", "check_date:surface": "2026-05-17", "foot": "designated", "highway": "path", "lit": "yes", "segregated": "no", "surface": "paving_stones", "osm_id": 951576584, "tile_500": "NO_E565000_N5951000_500", "tile_250": "NO_E565250_N5951250_250", "LaneCount": 2, "DirectionMode": "two-way", "OSMWidthMeters": 1.5, "ScaledOSMWidthStuds": 5.357142, "GameplayMinimumStuds": 6.0, "FinalWidthStuds": 6.0}}, {"type": "Feature", "geometry": {"type": "LineString", "coordinates": [[565213.008381123, 5951741.494820076], [565266.9601847098, 5951704.568530323]]}, "properties": {"highway": "service", "osm_id": 954248915, "tile_500": "NO_E565000_N5951500_500", "tile_250": "NO_E565000_N5951500_250", "LaneCount": 2, "DirectionMode": "two-way", "OSMWidthMeters": 4.0, "ScaledOSMWidthStuds": 14.285712, "GameplayMinimumStuds": 28.0, "FinalWidthStuds": 28.0}}, {"type": "Feature", "geometry": {"type": "LineString", "coordinates": [[565667.6137958607, 5951140.4702556515], [565700.3009738877, 5951181.998244347], [565697.8928064579, 5951216.302997901]]}, "properties": {"access": "private", "highway": "service", "service": "driveway", "osm_id": 974365315, "tile_500": "NO_E565500_N5951000_500", "tile_250": "NO_E565500_N5951000_250", "LaneCount": 2, "DirectionMode": "two-way", "OSMWidthMeters": 4.0, "ScaledOSMWidthStuds": 14.285712, "GameplayMinimumStuds": 28.0, "FinalWidthStuds": 28.0}}, {"type": "Feature", "geometry": {"type": "LineString", "coordinates": [[565221.176118084, 5951752.757784998], [565259.5043066265, 5951727.5536756525]]}, "properties": {"access": "private", "highway": "service", "service": "driveway", "osm_id": 974383098, "tile_500": "NO_E565000_N5951500_500", "tile_250": "NO_E565000_N5951500_250", "LaneCount": 2, "DirectionMode": "two-way", "OSMWidthMeters": 4.0, "ScaledOSMWidthStuds": 14.285712, "GameplayMinimumStuds": 28.0, "FinalWidthStuds": 28.0}}, {"type": "Feature", "geometry": {"type": "LineString", "coordinates": [[565213.6391743846, 5951539.3961569965], [565248.061231837, 5951525.08042696]]}, "properties": {"access": "private", "highway": "service", "service": "driveway", "osm_id": 974383099, "tile_500": "NO_E565000_N5951500_500", "tile_250": "NO_E565000_N5951500_250", "LaneCount": 2, "DirectionMode": "two-way", "OSMWidthMeters": 4.0, "ScaledOSMWidthStuds": 14.285712, "GameplayMinimumStuds": 28.0, "FinalWidthStuds": 28.0}}, {"type": "Feature", "geometry": {"type": "LineString", "coordinates": [[565695.7716965687, 5951918.409787616], [565649.8540135121, 5951915.118678157]]}, "properties": {"access": "private", "highway": "service", "service": "driveway", "osm_id": 974585147, "tile_500": "NO_E565500_N5951500_500", "tile_250": "NO_E565500_N5951750_250", "LaneCount": 2, "DirectionMode": "two-way", "OSMWidthMeters": 4.0, "ScaledOSMWidthStuds": 14.285712, "GameplayMinimumStuds": 28.0, "FinalWidthStuds": 28.0}}, {"type": "Feature", "geometry": {"type": "LineString", "coordinates": [[566456.2660232292, 5952281.28774481], [566456.6996092283, 5952283.95329757]]}, "properties": {"access": "private", "highway": "service", "service": "driveway", "osm_id": 974667054, "tile_500": "NO_E566000_N5952000_500", "tile_250": "NO_E566250_N5952250_250", "LaneCount": 2, "DirectionMode": "two-way", "OSMWidthMeters": 4.0, "ScaledOSMWidthStuds": 14.285712, "GameplayMinimumStuds": 28.0, "FinalWidthStuds": 28.0}}, {"type": "Feature", "geometry": {"type": "LineString", "coordinates": [[566002.0540670719, 5951210.612862598], [566065.9442221691, 5951349.789720561]]}, "properties": {"highway": "residential", "lit": "yes", "maxspeed": "30", "name": "Spreenweg", "sidewalk": "both", "surface": "asphalt", "osm_id": 981182198, "tile_500": "NO_E566000_N5951000_500", "tile_250": "NO_E566000_N5951250_250", "LaneCount": 2, "DirectionMode": "two-way", "OSMWidthMeters": 6.0, "ScaledOSMWidthStuds": 21.428568, "GameplayMinimumStuds": 28.0, "FinalWidthStuds": 28.0}}, {"type": "Feature", "geometry": {"type": "LineString", "coordinates": [[566135.6284395407, 5952256.281670986], [566136.8054528836, 5952241.621464811]]}, "properties": {"direction": "both", "highway": "residential", "lit": "yes", "maxspeed": "30", "name": "Cordt-Buck-Weg", "sidewalk": "both", "surface": "paving_stones", "traffic_calming": "table", "osm_id": 997796584, "tile_500": "NO_E566000_N5952000_500", "tile_250": "NO_E566000_N5952000_250", "LaneCount": 2, "DirectionMode": "two-way", "OSMWidthMeters": 6.0, "ScaledOSMWidthStuds": 21.428568, "GameplayMinimumStuds": 28.0, "FinalWidthStuds": 28.0}}, {"type": "Feature", "geometry": {"type": "LineString", "coordinates": [[566128.7133964283, 5952243.933105815], [566124.0105755609, 5952227.2983773]]}, "properties": {"direction": "both", "highway": "residential", "lit": "yes", "maxspeed": "30", "name": "Hans-Scharoun-Weg", "sidewalk": "both", "surface": "paving_stones", "traffic_calming": "table", "osm_id": 997796585, "tile_500": "NO_E566000_N5952000_500", "tile_250": "NO_E566000_N5952000_250", "LaneCount": 2, "DirectionMode": "two-way", "OSMWidthMeters": 6.0, "ScaledOSMWidthStuds": 21.428568, "GameplayMinimumStuds": 28.0, "FinalWidthStuds": 28.0}}, {"type": "Feature", "geometry": {"type": "LineString", "coordinates": [[566116.5522293238, 5952247.400267811], [566009.6461279019, 5952277.640485676]]}, "properties": {"cycleway:both": "no", "highway": "residential", "lit": "yes", "maxspeed": "30", "name": "Glash\u00fctter Weg", "sidewalk": "both", "surface": "asphalt", "osm_id": 997796586, "tile_500": "NO_E566000_N5952000_500", "tile_250": "NO_E566000_N5952250_250", "LaneCount": 2, "DirectionMode": "two-way", "OSMWidthMeters": 6.0, "ScaledOSMWidthStuds": 21.428568, "GameplayMinimumStuds": 28.0, "FinalWidthStuds": 28.0}}, {"type": "Feature", "geometry": {"type": "LineString", "coordinates": [[566145.8710809553, 5952239.078768101], [566116.5522293238, 5952247.400267811]]}, "properties": {"direction": "both", "highway": "residential", "lit": "yes", "maxspeed": "30", "name": "Glash\u00fctter Weg", "sidewalk": "both", "surface": "paving_stones", "traffic_calming": "table", "osm_id": 997796587, "tile_500": "NO_E566000_N5952000_500", "tile_250": "NO_E566000_N5952000_250", "LaneCount": 2, "DirectionMode": "two-way", "OSMWidthMeters": 6.0, "ScaledOSMWidthStuds": 21.428568, "GameplayMinimumStuds": 28.0, "FinalWidthStuds": 28.0}}, {"type": "Feature", "geometry": {"type": "LineString", "coordinates": [[566176.8851402625, 5952230.380786361], [566145.8710809553, 5952239.078768101]]}, "properties": {"highway": "residential", "maxspeed": "30", "name": "Glash\u00fctter Weg", "sidewalk": "both", "surface": "asphalt", "osm_id": 997796588, "tile_500": "NO_E566000_N5952000_500", "tile_250": "NO_E566000_N5952000_250", "LaneCount": 2, "DirectionMode": "two-way", "OSMWidthMeters": 6.0, "ScaledOSMWidthStuds": 21.428568, "GameplayMinimumStuds": 28.0, "FinalWidthStuds": 28.0}}, {"type": "Feature", "geometry": {"type": "LineString", "coordinates": [[566186.5006056196, 5952227.701270888], [566176.8851402625, 5952230.380786361]]}, "properties": {"direction": "both", "highway": "residential", "maxspeed": "30", "name": "Glash\u00fctter Weg", "surface": "paving_stones", "traffic_calming": "table", "osm_id": 997796589, "tile_500": "NO_E566000_N5952000_500", "tile_250": "NO_E566000_N5952000_250", "LaneCount": 2, "DirectionMode": "two-way", "OSMWidthMeters": 6.0, "ScaledOSMWidthStuds": 21.428568, "GameplayMinimumStuds": 28.0, "FinalWidthStuds": 28.0}}, {"type": "Feature", "geometry": {"type": "LineString", "coordinates": [[566367.7462790206, 5952177.129758443], [566186.5006056196, 5952227.701270888]]}, "properties": {"highway": "residential", "maxspeed": "30", "name": "Glash\u00fctter Weg", "surface": "paving_stones", "osm_id": 997796590, "tile_500": "NO_E566000_N5952000_500", "tile_250": "NO_E566250_N5952000_250", "LaneCount": 2, "DirectionMode": "two-way", "OSMWidthMeters": 6.0, "ScaledOSMWidthStuds": 21.428568, "GameplayMinimumStuds": 28.0, "FinalWidthStuds": 28.0}}, {"type": "Feature", "geometry": {"type": "LineString", "coordinates": [[566372.5718024162, 5952175.706989093], [566367.7462790206, 5952177.129758443]]}, "properties": {"direction": "both", "highway": "residential", "maxspeed": "30", "name": "Glash\u00fctter Weg", "surface": "paving_stones", "traffic_calming": "table", "osm_id": 997796591, "tile_500": "NO_E566000_N5952000_500", "tile_250": "NO_E566250_N5952000_250", "LaneCount": 2, "DirectionMode": "two-way", "OSMWidthMeters": 6.0, "ScaledOSMWidthStuds": 21.428568, "GameplayMinimumStuds": 28.0, "FinalWidthStuds": 28.0}}, {"type": "Feature", "geometry": {"type": "LineString", "coordinates": [[566438.237256566, 5952156.095752909], [566372.5718024162, 5952175.706989093]]}, "properties": {"highway": "residential", "maxspeed": "30", "name": "Glash\u00fctter Weg", "surface": "asphalt", "osm_id": 997796592, "tile_500": "NO_E566000_N5952000_500", "tile_250": "NO_E566250_N5952000_250", "LaneCount": 2, "DirectionMode": "two-way", "OSMWidthMeters": 6.0, "ScaledOSMWidthStuds": 21.428568, "GameplayMinimumStuds": 28.0, "FinalWidthStuds": 28.0}}, {"type": "Feature", "geometry": {"type": "LineString", "coordinates": [[566445.8737870561, 5952153.811568264], [566438.237256566, 5952156.095752909]]}, "properties": {"direction": "both", "highway": "residential", "maxspeed": "30", "name": "Glash\u00fctter Weg", "surface": "paving_stones", "traffic_calming": "table", "osm_id": 997796593, "tile_500": "NO_E566000_N5952000_500", "tile_250": "NO_E566250_N5952000_250", "LaneCount": 2, "DirectionMode": "two-way", "OSMWidthMeters": 6.0, "ScaledOSMWidthStuds": 21.428568, "GameplayMinimumStuds": 28.0, "FinalWidthStuds": 28.0}}, {"type": "Feature", "geometry": {"type": "LineString", "coordinates": [[566478.5516588216, 5952144.237820529], [566445.8737870561, 5952153.811568264]]}, "properties": {"highway": "residential", "maxspeed": "30", "name": "Glash\u00fctter Weg", "surface": "asphalt", "osm_id": 997796594, "tile_500": "NO_E566000_N5952000_500", "tile_250": "NO_E566250_N5952000_250", "LaneCount": 2, "DirectionMode": "two-way", "OSMWidthMeters": 6.0, "ScaledOSMWidthStuds": 21.428568, "GameplayMinimumStuds": 28.0, "FinalWidthStuds": 28.0}}, {"type": "Feature", "geometry": {"type": "LineString", "coordinates": [[566483.8209977631, 5952142.7101818845], [566478.5516588216, 5952144.237820529]]}, "properties": {"direction": "both", "highway": "residential", "maxspeed": "30", "name": "Glash\u00fctter Weg", "surface": "paving_stones", "traffic_calming": "table", "osm_id": 997796595, "tile_500": "NO_E566000_N5952000_500", "tile_250": "NO_E566250_N5952000_250", "LaneCount": 2, "DirectionMode": "two-way", "OSMWidthMeters": 6.0, "ScaledOSMWidthStuds": 21.428568, "GameplayMinimumStuds": 28.0, "FinalWidthStuds": 28.0}}, {"type": "Feature", "geometry": {"type": "LineString", "coordinates": [[566573.9958425987, 5952116.638407055], [566546.0803640989, 5952124.565464712]]}, "properties": {"highway": "residential", "maxspeed": "30", "name": "Glash\u00fctter Weg", "surface": "asphalt", "osm_id": 997796596, "tile_500": "NO_E566500_N5952000_500", "tile_250": "NO_E566500_N5952000_250", "LaneCount": 2, "DirectionMode": "two-way", "OSMWidthMeters": 6.0, "ScaledOSMWidthStuds": 21.428568, "GameplayMinimumStuds": 28.0, "FinalWidthStuds": 28.0}}, {"type": "Feature", "geometry": {"type": "LineString", "coordinates": [[566546.0803640989, 5952124.565464712], [566540.1214722275, 5952126.305797235]]}, "properties": {"direction": "both", "highway": "residential", "maxspeed": "30", "name": "Glash\u00fctter Weg", "surface": "asphalt", "traffic_calming": "table", "osm_id": 997796597, "tile_500": "NO_E566500_N5952000_500", "tile_250": "NO_E566500_N5952000_250", "LaneCount": 2, "DirectionMode": "two-way", "OSMWidthMeters": 6.0, "ScaledOSMWidthStuds": 21.428568, "GameplayMinimumStuds": 28.0, "FinalWidthStuds": 28.0}}, {"type": "Feature", "geometry": {"type": "LineString", "coordinates": [[566606.943684828, 5952240.095554275], [566595.7780397388, 5952243.152783825]]}, "properties": {"direction": "both", "highway": "residential", "lit": "yes", "maxspeed": "30", "maxspeed:type": "DE:zone30", "name": "Grootkoppelstra\u00dfe", "sidewalk": "both", "surface": "asphalt", "traffic_calming": "table", "osm_id": 997796598, "tile_500": "NO_E566500_N5952000_500", "tile_250": "NO_E566500_N5952000_250", "LaneCount": 2, "DirectionMode": "two-way", "OSMWidthMeters": 6.0, "ScaledOSMWidthStuds": 21.428568, "GameplayMinimumStuds": 28.0, "FinalWidthStuds": 28.0}}, {"type": "Feature", "geometry": {"type": "LineString", "coordinates": [[566347.4472016795, 5951478.520344461], [566378.0652602537, 5951491.660715042]]}, "properties": {"highway": "footway", "indoor": "yes", "layer": "1", "osm_id": 997796606, "tile_500": "NO_E566000_N5951000_500", "tile_250": "NO_E566250_N5951250_250", "LaneCount": 2, "DirectionMode": "two-way", "OSMWidthMeters": 2.0, "ScaledOSMWidthStuds": 7.142856, "GameplayMinimumStuds": 7.0, "FinalWidthStuds": 7.142856}}, {"type": "Feature", "geometry": {"type": "LineString", "coordinates": [[565384.3099804337, 5951529.102570259], [565406.7471811011, 5951553.861712358]]}, "properties": {"highway": "service", "osm_id": 1010347032, "tile_500": "NO_E565000_N5951500_500", "tile_250": "NO_E565250_N5951500_250", "LaneCount": 2, "DirectionMode": "two-way", "OSMWidthMeters": 4.0, "ScaledOSMWidthStuds": 14.285712, "GameplayMinimumStuds": 28.0, "FinalWidthStuds": 28.0}}, {"type": "Feature", "geometry": {"type": "LineString", "coordinates": [[566551.2757634581, 5951197.996816436], [566552.4030170153, 5951191.136181896]]}, "properties": {"highway": "footway", "surface": "paving_stones", "osm_id": 1010348971, "tile_500": "NO_E566500_N5951000_500", "tile_250": "NO_E566500_N5951000_250", "LaneCount": 2, "DirectionMode": "two-way", "OSMWidthMeters": 2.0, "ScaledOSMWidthStuds": 7.142856, "GameplayMinimumStuds": 7.0, "FinalWidthStuds": 7.142856}}, {"type": "Feature", "geometry": {"type": "LineString", "coordinates": [[566533.6301149764, 5951190.869946276], [566587.6735686568, 5951201.261637663]]}, "properties": {"highway": "footway", "osm_id": 1010348972, "tile_500": "NO_E566500_N5951000_500", "tile_250": "NO_E566500_N5951000_250", "LaneCount": 2, "DirectionMode": "two-way", "OSMWidthMeters": 2.0, "ScaledOSMWidthStuds": 7.142856, "GameplayMinimumStuds": 7.0, "FinalWidthStuds": 7.142856}}, {"type": "Feature", "geometry": {"type": "LineString", "coordinates": [[565766.4835018663, 5951432.408006921], [565812.91847874, 5951430.68904957]]}, "properties": {"access": "no", "bicycle": "permissive", "foot": "yes", "footway": "sidewalk", "highway": "footway", "horse": "no", "incline": "0%", "motor_vehicle": "no", "name": "Dornbusch", "stroller": "yes", "surface": "paving_stones", "width": "2", "osm_id": 1025599433, "tile_500": "NO_E565500_N5951000_500", "tile_250": "NO_E565750_N5951250_250", "LaneCount": 2, "DirectionMode": "two-way", "OSMWidthMeters": 2.0, "ScaledOSMWidthStuds": 7.142856, "GameplayMinimumStuds": 7.0, "FinalWidthStuds": 7.142856}}, {"type": "Feature", "geometry": {"type": "LineString", "coordinates": [[565264.6006559766, 5951104.881920257], [565258.2664872427, 5951148.267616284], [565241.1874689119, 5951173.845112444]]}, "properties": {"bicycle": "designated", "foot": "designated", "highway": "path", "lit": "no", "segregated": "no", "surface": "compacted", "osm_id": 1026091444, "tile_500": "NO_E565000_N5951000_500", "tile_250": "NO_E565250_N5951000_250", "LaneCount": 2, "DirectionMode": "two-way", "OSMWidthMeters": 1.5, "ScaledOSMWidthStuds": 5.357142, "GameplayMinimumStuds": 6.0, "FinalWidthStuds": 6.0}}, {"type": "Feature", "geometry": {"type": "LineString", "coordinates": [[566784.2583333948, 5950725.451162438], [566765.0554997227, 5950698.650619727], [566777.9020001385, 5950689.564425094], [566797.0046689659, 5950716.4414856145], [566784.2583333948, 5950725.451162438]]}, "properties": {"highway": "service", "oneway": "yes", "service": "parking_aisle", "surface": "paving_stones", "osm_id": 1032489816, "tile_500": "NO_E566500_N5950500_500", "tile_250": "NO_E566750_N5950500_250", "LaneCount": 1, "DirectionMode": "one-way", "OSMWidthMeters": 4.0, "ScaledOSMWidthStuds": 14.285712, "GameplayMinimumStuds": 14.0, "FinalWidthStuds": 14.285712}}, {"type": "Feature", "geometry": {"type": "LineString", "coordinates": [[566347.3601388015, 5951617.253264933], [566339.7004794457, 5951598.239802629]]}, "properties": {"highway": "service", "service": "driveway", "osm_id": 1034765216, "tile_500": "NO_E566000_N5951500_500", "tile_250": "NO_E566250_N5951500_250", "LaneCount": 2, "DirectionMode": "two-way", "OSMWidthMeters": 4.0, "ScaledOSMWidthStuds": 14.285712, "GameplayMinimumStuds": 28.0, "FinalWidthStuds": 28.0}}, {"type": "Feature", "geometry": {"type": "LineString", "coordinates": [[565507.6826842404, 5951417.949530546], [565507.7768046298, 5951415.9368264405]]}, "properties": {"cycleway:surface": "paving_stones", "foot": "yes", "footway:surface": "paving_stones", "highway": "cycleway", "lit": "yes", "segregated": "yes", "surface": "paving_stones", "osm_id": 1053664382, "tile_500": "NO_E565500_N5951000_500", "tile_250": "NO_E565500_N5951250_250", "LaneCount": 2, "DirectionMode": "two-way", "OSMWidthMeters": 2.5, "ScaledOSMWidthStuds": 8.92857, "GameplayMinimumStuds": 9.0, "FinalWidthStuds": 9.0}}, {"type": "Feature", "geometry": {"type": "LineString", "coordinates": [[565508.0736885533, 5951409.331431137], [565508.235759509, 5951405.761871667]]}, "properties": {"cycleway:surface": "paving_stones", "foot": "yes", "footway:surface": "paving_stones", "highway": "cycleway", "lit": "yes", "segregated": "yes", "surface": "paving_stones", "osm_id": 1053664383, "tile_500": "NO_E565500_N5951000_500", "tile_250": "NO_E565500_N5951250_250", "LaneCount": 2, "DirectionMode": "two-way", "OSMWidthMeters": 2.5, "ScaledOSMWidthStuds": 8.92857, "GameplayMinimumStuds": 9.0, "FinalWidthStuds": 9.0}}, {"type": "Feature", "geometry": {"type": "LineString", "coordinates": [[565508.235759509, 5951405.761871667], [565508.5387787935, 5951399.1899436535]]}, "properties": {"check_date:surface": "2023-05-07", "cycleway:surface": "asphalt", "foot": "yes", "footway:surface": "asphalt", "highway": "cycleway", "lit": "yes", "segregated": "yes", "surface": "asphalt", "osm_id": 1053664384, "tile_500": "NO_E565500_N5951000_500", "tile_250": "NO_E565500_N5951250_250", "LaneCount": 2, "DirectionMode": "two-way", "OSMWidthMeters": 2.5, "ScaledOSMWidthStuds": 8.92857, "GameplayMinimumStuds": 9.0, "FinalWidthStuds": 9.0}}, {"type": "Feature", "geometry": {"type": "LineString", "coordinates": [[565508.5387787935, 5951399.1899436535], [565508.7384364136, 5951394.819752635]]}, "properties": {"cycleway:surface": "paving_stones", "foot": "yes", "footway:surface": "paving_stones", "highway": "cycleway", "lit": "yes", "segregated": "yes", "surface": "paving_stones", "osm_id": 1053664385, "tile_500": "NO_E565500_N5951000_500", "tile_250": "NO_E565500_N5951250_250", "LaneCount": 2, "DirectionMode": "two-way", "OSMWidthMeters": 2.5, "ScaledOSMWidthStuds": 8.92857, "GameplayMinimumStuds": 9.0, "FinalWidthStuds": 9.0}}, {"type": "Feature", "geometry": {"type": "LineString", "coordinates": [[565299.2276025537, 5951128.741833303], [565253.6396968164, 5951158.1398190465]]}, "properties": {"bicycle": "designated", "foot": "designated", "highway": "path", "lit": "no", "segregated": "no", "surface": "compacted", "osm_id": 1059945227, "tile_500": "NO_E565000_N5951000_500", "tile_250": "NO_E565250_N5951000_250", "LaneCount": 2, "DirectionMode": "two-way", "OSMWidthMeters": 1.5, "ScaledOSMWidthStuds": 5.357142, "GameplayMinimumStuds": 6.0, "FinalWidthStuds": 6.0}}, {"type": "Feature", "geometry": {"type": "LineString", "coordinates": [[566908.7109457677, 5950676.250066734], [566915.4196282591, 5950668.834838661]]}, "properties": {"bicycle": "designated", "foot": "designated", "highway": "path", "surface": "paved", "osm_id": 1065347884, "tile_500": "NO_E566500_N5950500_500", "tile_250": "NO_E566750_N5950500_250", "LaneCount": 2, "DirectionMode": "two-way", "OSMWidthMeters": 1.5, "ScaledOSMWidthStuds": 5.357142, "GameplayMinimumStuds": 6.0, "FinalWidthStuds": 6.0}}, {"type": "Feature", "geometry": {"type": "LineString", "coordinates": [[566746.9328785612, 5950771.832504993], [566749.3770987219, 5950774.070461317]]}, "properties": {"highway": "residential", "lit": "yes", "maxspeed": "30", "name": "Trakehner Weg", "osm_id": 1065347885, "tile_500": "NO_E566500_N5950500_500", "tile_250": "NO_E566500_N5950750_250", "LaneCount": 2, "DirectionMode": "two-way", "OSMWidthMeters": 6.0, "ScaledOSMWidthStuds": 21.428568, "GameplayMinimumStuds": 28.0, "FinalWidthStuds": 28.0}}, {"type": "Feature", "geometry": {"type": "LineString", "coordinates": [[566639.4336069392, 5950845.691645188], [566703.9174890263, 5950800.963943346]]}, "properties": {"highway": "tertiary", "lanes": "2", "lit": "yes", "maxspeed": "30", "name": "Am Exerzierplatz", "surface": "asphalt", "osm_id": 1065347886, "tile_500": "NO_E566500_N5950500_500", "tile_250": "NO_E566500_N5950750_250", "LaneCount": 2, "DirectionMode": "two-way", "OSMWidthMeters": 12.0, "ScaledOSMWidthStuds": 42.857136, "GameplayMinimumStuds": 28.0, "FinalWidthStuds": 42.857136}}, {"type": "Feature", "geometry": {"type": "LineString", "coordinates": [[566646.547078364, 5950853.893284788], [566639.4336069392, 5950845.691645188]]}, "properties": {"highway": "residential", "lit": "yes", "maxspeed": "30", "name": "Greifswalder Kehre", "surface": "asphalt", "osm_id": 1065347887, "tile_500": "NO_E566500_N5950500_500", "tile_250": "NO_E566500_N5950750_250", "LaneCount": 2, "DirectionMode": "two-way", "OSMWidthMeters": 6.0, "ScaledOSMWidthStuds": 21.428568, "GameplayMinimumStuds": 28.0, "FinalWidthStuds": 28.0}}, {"type": "Feature", "geometry": {"type": "LineString", "coordinates": [[566895.3824011866, 5950664.009263969], [566908.7109457677, 5950676.250066734]]}, "properties": {"bicycle": "designated", "foot": "designated", "highway": "path", "surface": "asphalt", "width": "2", "osm_id": 1065347888, "tile_500": "NO_E566500_N5950500_500", "tile_250": "NO_E566750_N5950500_250", "LaneCount": 2, "DirectionMode": "two-way", "OSMWidthMeters": 2.0, "ScaledOSMWidthStuds": 7.142856, "GameplayMinimumStuds": 6.0, "FinalWidthStuds": 7.142856}}, {"type": "Feature", "geometry": {"type": "LineString", "coordinates": [[566895.3824011866, 5950664.009263969], [566902.9735768432, 5950657.218595614]]}, "properties": {"highway": "tertiary", "lanes": "2", "maxspeed": "50", "name": "Am Exerzierplatz", "surface": "asphalt", "osm_id": 1065347889, "tile_500": "NO_E566500_N5950500_500", "tile_250": "NO_E566750_N5950500_250", "LaneCount": 2, "DirectionMode": "two-way", "OSMWidthMeters": 12.0, "ScaledOSMWidthStuds": 42.857136, "GameplayMinimumStuds": 28.0, "FinalWidthStuds": 42.857136}}, {"type": "Feature", "geometry": {"type": "LineString", "coordinates": [[566746.9328785612, 5950771.832504993], [566741.7750097867, 5950765.872843593]]}, "properties": {"highway": "residential", "lit": "yes", "maxspeed": "30", "name": "Am Exerzierplatz", "surface": "asphalt", "osm_id": 1065347890, "tile_500": "NO_E566500_N5950500_500", "tile_250": "NO_E566500_N5950750_250", "LaneCount": 2, "DirectionMode": "two-way", "OSMWidthMeters": 6.0, "ScaledOSMWidthStuds": 21.428568, "GameplayMinimumStuds": 28.0, "FinalWidthStuds": 28.0}}, {"type": "Feature", "geometry": {"type": "LineString", "coordinates": [[565793.7879586441, 5951091.58684322], [565790.4334812575, 5951085.03040763]]}, "properties": {"highway": "residential", "maxspeed": "30", "name": "Kiebitzreihe", "surface": "asphalt", "osm_id": 1065347891, "tile_500": "NO_E565500_N5951000_500", "tile_250": "NO_E565750_N5951000_250", "LaneCount": 2, "DirectionMode": "two-way", "OSMWidthMeters": 6.0, "ScaledOSMWidthStuds": 21.428568, "GameplayMinimumStuds": 28.0, "FinalWidthStuds": 28.0}}, {"type": "Feature", "geometry": {"type": "LineString", "coordinates": [[565886.692378886, 5951267.197845356], [565882.7885814431, 5951260.756021815]]}, "properties": {"highway": "residential", "lit": "yes", "maxspeed": "30", "name": "Kiebitzreihe", "sidewalk": "both", "sidewalk:both:surface": "paving_stones", "surface": "asphalt", "osm_id": 1065347892, "tile_500": "NO_E565500_N5951000_500", "tile_250": "NO_E565750_N5951250_250", "LaneCount": 2, "DirectionMode": "two-way", "OSMWidthMeters": 6.0, "ScaledOSMWidthStuds": 21.428568, "GameplayMinimumStuds": 28.0, "FinalWidthStuds": 28.0}}, {"type": "Feature", "geometry": {"type": "LineString", "coordinates": [[565886.692378886, 5951267.197845356], [565837.2714795616, 5951312.681944697]]}, "properties": {"bicycle": "designated", "check_date:surface": "2024-06-16", "cycleway:surface": "paving_stones", "foot": "designated", "footway:surface": "paving_stones", "highway": "path", "lit": "yes", "segregated": "yes", "surface": "paving_stones", "osm_id": 1065347893, "tile_500": "NO_E565500_N5951000_500", "tile_250": "NO_E565750_N5951250_250", "LaneCount": 2, "DirectionMode": "two-way", "OSMWidthMeters": 1.5, "ScaledOSMWidthStuds": 5.357142, "GameplayMinimumStuds": 6.0, "FinalWidthStuds": 6.0}}, {"type": "Feature", "geometry": {"type": "LineString", "coordinates": [[565837.2714795616, 5951312.681944697], [565831.1240663563, 5951317.925610504]]}, "properties": {"bicycle": "designated", "cycleway:surface": "paving_stones", "foot": "designated", "footway:surface": "paving_stones", "highway": "path", "lit": "yes", "oneway:bicycle": "yes", "segregated": "yes", "surface": "paving_stones", "osm_id": 1065347894, "tile_500": "NO_E565500_N5951000_500", "tile_250": "NO_E565750_N5951250_250", "LaneCount": 2, "DirectionMode": "two-way", "OSMWidthMeters": 1.5, "ScaledOSMWidthStuds": 5.357142, "GameplayMinimumStuds": 6.0, "FinalWidthStuds": 6.0}}, {"type": "Feature", "geometry": {"type": "LineString", "coordinates": [[565818.9052658045, 5951295.700103369], [565826.4356600503, 5951291.644178555]]}, "properties": {"cycleway:left": "no", "cycleway:right": "separate", "highway": "secondary", "lane_markings": "no", "lit": "yes", "maxspeed": "50", "name": "Alter Kirchenweg", "oneway": "yes", "sidewalk:left": "no", "sidewalk:right": "separate", "surface": "asphalt", "osm_id": 1065347895, "tile_500": "NO_E565500_N5951000_500", "tile_250": "NO_E565750_N5951250_250", "LaneCount": 1, "DirectionMode": "one-way", "OSMWidthMeters": 14.0, "ScaledOSMWidthStuds": 49.999992, "GameplayMinimumStuds": 14.0, "FinalWidthStuds": 49.999992}}, {"type": "Feature", "geometry": {"type": "LineString", "coordinates": [[565820.1869872996, 5951280.573983128], [565826.4356600503, 5951291.644178555]]}, "properties": {"bicycle": "designated", "cycleway": "sidepath", "cycleway:surface": "paving_stones", "foot": "designated", "footway:surface": "paving_stones", "highway": "path", "lit": "yes", "oneway:bicycle": "yes", "segregated": "yes", "surface": "asphalt", "osm_id": 1065347896, "tile_500": "NO_E565500_N5951000_500", "tile_250": "NO_E565750_N5951250_250", "LaneCount": 2, "DirectionMode": "two-way", "OSMWidthMeters": 1.5, "ScaledOSMWidthStuds": 5.357142, "GameplayMinimumStuds": 6.0, "FinalWidthStuds": 6.0}}, {"type": "Feature", "geometry": {"type": "LineString", "coordinates": [[566506.9410101855, 5950990.780264219], [566503.2410572189, 5951098.572812485], [566513.0646712317, 5951110.729448952]]}, "properties": {"bicycle": "designated", "cycleway:surface": "paving_stones", "foot": "designated", "footway:surface": "paving_stones", "highway": "path", "segregated": "yes", "surface": "paving_stones", "osm_id": 1065347897, "tile_500": "NO_E566500_N5951000_500", "tile_250": "NO_E566500_N5951000_250", "LaneCount": 2, "DirectionMode": "two-way", "OSMWidthMeters": 1.5, "ScaledOSMWidthStuds": 5.357142, "GameplayMinimumStuds": 6.0, "FinalWidthStuds": 6.0}}, {"type": "Feature", "geometry": {"type": "LineString", "coordinates": [[566646.547078364, 5950853.893284788], [566515.6610784121, 5950945.727366136], [566506.9410101855, 5950990.780264219]]}, "properties": {"bicycle": "designated", "cycleway:surface": "paving_stones", "foot": "designated", "footway:surface": "paving_stones", "highway": "path", "segregated": "yes", "surface": "paving_stones", "osm_id": 1065347898, "tile_500": "NO_E566500_N5950500_500", "tile_250": "NO_E566500_N5950750_250", "LaneCount": 2, "DirectionMode": "two-way", "OSMWidthMeters": 1.5, "ScaledOSMWidthStuds": 5.357142, "GameplayMinimumStuds": 6.0, "FinalWidthStuds": 6.0}}, {"type": "Feature", "geometry": {"type": "LineString", "coordinates": [[566488.7772750362, 5950990.801039865], [566489.5119947903, 5951110.885242831], [566513.0646712317, 5951110.729448952]]}, "properties": {"bicycle": "designated", "foot": "designated", "highway": "path", "lit": "yes", "segregated": "yes", "osm_id": 1065347899, "tile_500": "NO_E566000_N5951000_500", "tile_250": "NO_E566250_N5951000_250", "LaneCount": 2, "DirectionMode": "two-way", "OSMWidthMeters": 1.5, "ScaledOSMWidthStuds": 5.357142, "GameplayMinimumStuds": 6.0, "FinalWidthStuds": 6.0}}, {"type": "Feature", "geometry": {"type": "LineString", "coordinates": [[566488.6623696359, 5950979.805723081], [566488.7772750362, 5950990.801039865]]}, "properties": {"bicycle": "designated", "foot": "designated", "highway": "path", "lit": "yes", "osm_id": 1065347900, "tile_500": "NO_E566000_N5950500_500", "tile_250": "NO_E566250_N5950750_250", "LaneCount": 2, "DirectionMode": "two-way", "OSMWidthMeters": 1.5, "ScaledOSMWidthStuds": 5.357142, "GameplayMinimumStuds": 6.0, "FinalWidthStuds": 6.0}}, {"type": "Feature", "geometry": {"type": "LineString", "coordinates": [[566495.2528257448, 5950980.655760807], [566488.6623696359, 5950979.805723081]]}, "properties": {"cycleway": "track", "highway": "residential", "lit": "yes", "maxspeed": "30", "name": "Fadens Tannen", "oneway": "no", "surface": "asphalt", "osm_id": 1065347901, "tile_500": "NO_E566000_N5950500_500", "tile_250": "NO_E566250_N5950750_250", "LaneCount": 2, "DirectionMode": "two-way", "OSMWidthMeters": 6.0, "ScaledOSMWidthStuds": 21.428568, "GameplayMinimumStuds": 28.0, "FinalWidthStuds": 28.0}}, {"type": "Feature", "geometry": {"type": "LineString", "coordinates": [[565523.6050684066, 5951418.984154527], [565507.6826842404, 5951417.949530546]]}, "properties": {"bicycle": "designated", "cycleway:surface": "paving_stones", "foot": "designated", "footway:surface": "paving_stones", "highway": "path", "lit": "yes", "segregated": "yes", "surface": "paving_stones", "osm_id": 1065347910, "tile_500": "NO_E565500_N5951000_500", "tile_250": "NO_E565500_N5951250_250", "LaneCount": 2, "DirectionMode": "two-way", "OSMWidthMeters": 1.5, "ScaledOSMWidthStuds": 5.357142, "GameplayMinimumStuds": 6.0, "FinalWidthStuds": 6.0}}, {"type": "Feature", "geometry": {"type": "LineString", "coordinates": [[565455.115702116, 5951386.471498651], [565485.567043151, 5951390.479372133]]}, "properties": {"bicycle": "designated", "check_date:surface": "2023-05-21", "cycleway:surface": "paving_stones", "cycleway:width": "2", "direction": "forward", "foot": "designated", "footway:surface": "paving_stones", "highway": "footway", "lit": "yes", "segregated": "yes", "source:cycleway:width": "ARCore", "surface": "paving_stones", "osm_id": 1065347911, "tile_500": "NO_E565000_N5951000_500", "tile_250": "NO_E565250_N5951250_250", "LaneCount": 2, "DirectionMode": "two-way", "OSMWidthMeters": 2.0, "ScaledOSMWidthStuds": 7.142856, "GameplayMinimumStuds": 7.0, "FinalWidthStuds": 7.142856}}, {"type": "Feature", "geometry": {"type": "LineString", "coordinates": [[565512.3614416035, 5951277.18937487], [565493.179105779, 5951232.501918773]]}, "properties": {"bicycle": "designated", "foot": "designated", "highway": "path", "lit": "yes", "segregated": "no", "surface": "paving_stones", "osm_id": 1065347913, "tile_500": "NO_E565500_N5951000_500", "tile_250": "NO_E565500_N5951250_250", "LaneCount": 2, "DirectionMode": "two-way", "OSMWidthMeters": 1.5, "ScaledOSMWidthStuds": 5.357142, "GameplayMinimumStuds": 6.0, "FinalWidthStuds": 6.0}}, {"type": "Feature", "geometry": {"type": "LineString", "coordinates": [[565964.4181975429, 5951784.647559857], [565953.7653635878, 5951705.6393046575]]}, "properties": {"cycleway:both": "lane", "cycleway:both:lane": "exclusive", "highway": "secondary", "lanes": "3", "lanes:backward": "1", "lanes:forward": "2", "lit": "yes", "maxspeed": "50", "name": "Ulzburger Stra\u00dfe", "sidewalk": "separate", "smoothness": "good", "surface": "asphalt", "turn:lanes:forward": "left|through;right", "osm_id": 1071303430, "tile_500": "NO_E565500_N5951500_500", "tile_250": "NO_E565750_N5951500_250", "LaneCount": 3, "DirectionMode": "two-way", "OSMWidthMeters": 14.0, "ScaledOSMWidthStuds": 49.999992, "GameplayMinimumStuds": 42.0, "FinalWidthStuds": 49.999992}}, {"type": "Feature", "geometry": {"type": "LineString", "coordinates": [[565966.8416442511, 5951702.907831869], [565953.7653635878, 5951705.6393046575]]}, "properties": {"highway": "service", "layer": "-1", "surface": "paving_stones", "osm_id": 1071303431, "tile_500": "NO_E565500_N5951500_500", "tile_250": "NO_E565750_N5951500_250", "LaneCount": 2, "DirectionMode": "two-way", "OSMWidthMeters": 4.0, "ScaledOSMWidthStuds": 14.285712, "GameplayMinimumStuds": 28.0, "FinalWidthStuds": 28.0}}, {"type": "Feature", "geometry": {"type": "LineString", "coordinates": [[565953.7653635878, 5951705.6393046575], [565951.4781405904, 5951692.243382414]]}, "properties": {"cycleway:both": "lane", "cycleway:both:lane": "exclusive", "highway": "secondary", "lanes": "3", "lanes:backward": "1", "lanes:forward": "2", "lit": "yes", "maxspeed": "50", "name": "Ulzburger Stra\u00dfe", "sidewalk": "separate", "surface": "asphalt", "turn:lanes:forward": "left|through;right", "osm_id": 1071303433, "tile_500": "NO_E565500_N5951500_500", "tile_250": "NO_E565750_N5951500_250", "LaneCount": 3, "DirectionMode": "two-way", "OSMWidthMeters": 14.0, "ScaledOSMWidthStuds": 49.999992, "GameplayMinimumStuds": 42.0, "FinalWidthStuds": 49.999992}}, {"type": "Feature", "geometry": {"type": "LineString", "coordinates": [[566059.7572122756, 5951651.806146039], [566107.1022403198, 5951644.394700441]]}, "properties": {"cycleway:left": "no", "cycleway:right": "separate", "highway": "secondary", "lanes": "1", "lit": "yes", "maxspeed:type": "DE:urban", "name": "Langenharmer Weg", "oneway": "yes", "sidewalk:left": "no", "sidewalk:right": "separate", "surface": "asphalt", "osm_id": 1071303435, "tile_500": "NO_E566000_N5951500_500", "tile_250": "NO_E566000_N5951500_250", "LaneCount": 1, "DirectionMode": "one-way", "OSMWidthMeters": 14.0, "ScaledOSMWidthStuds": 49.999992, "GameplayMinimumStuds": 14.0, "FinalWidthStuds": 49.999992}}, {"type": "Feature", "geometry": {"type": "LineString", "coordinates": [[566015.0997980125, 5951663.395203722], [566059.7572122756, 5951651.806146039]]}, "properties": {"cycleway:both": "separate", "highway": "secondary", "lanes": "2", "lit": "yes", "maxspeed:type": "DE:urban", "name": "Langenharmer Weg", "sidewalk": "separate", "surface": "asphalt", "osm_id": 1071303436, "tile_500": "NO_E566000_N5951500_500", "tile_250": "NO_E566000_N5951500_250", "LaneCount": 2, "DirectionMode": "two-way", "OSMWidthMeters": 14.0, "ScaledOSMWidthStuds": 49.999992, "GameplayMinimumStuds": 28.0, "FinalWidthStuds": 49.999992}}, {"type": "Feature", "geometry": {"type": "LineString", "coordinates": [[566107.1022403198, 5951644.394700441], [566059.7572122756, 5951651.806146039]]}, "properties": {"cycleway:left": "no", "cycleway:right": "separate", "highway": "secondary", "lanes": "1", "lit": "yes", "maxspeed:type": "DE:urban", "name": "Langenharmer Weg", "oneway": "yes", "sidewalk:left": "no", "sidewalk:right": "separate", "surface": "asphalt", "osm_id": 1071303437, "tile_500": "NO_E566000_N5951500_500", "tile_250": "NO_E566000_N5951500_250", "LaneCount": 1, "DirectionMode": "one-way", "OSMWidthMeters": 14.0, "ScaledOSMWidthStuds": 49.999992, "GameplayMinimumStuds": 14.0, "FinalWidthStuds": 49.999992}}, {"type": "Feature", "geometry": {"type": "LineString", "coordinates": [[566088.440510522, 5951655.581668353], [566086.7019238324, 5951637.942809519]]}, "properties": {"highway": "footway", "lit": "yes", "surface": "asphalt", "osm_id": 1071303439, "tile_500": "NO_E566000_N5951500_500", "tile_250": "NO_E566000_N5951500_250", "LaneCount": 2, "DirectionMode": "two-way", "OSMWidthMeters": 2.0, "ScaledOSMWidthStuds": 7.142856, "GameplayMinimumStuds": 7.0, "FinalWidthStuds": 7.142856}}, {"type": "Feature", "geometry": {"type": "LineString", "coordinates": [[565963.5821930093, 5951691.990725136], [565995.1836829412, 5952022.312296492]]}, "properties": {"footway": "sidewalk", "highway": "footway", "lit": "yes", "surface": "paving_stones", "osm_id": 1071303440, "tile_500": "NO_E565500_N5951500_500", "tile_250": "NO_E565750_N5951750_250", "LaneCount": 2, "DirectionMode": "two-way", "OSMWidthMeters": 2.0, "ScaledOSMWidthStuds": 7.142856, "GameplayMinimumStuds": 7.0, "FinalWidthStuds": 7.142856}}, {"type": "Feature", "geometry": {"type": "LineString", "coordinates": [[565971.1558903295, 5951852.87417134], [565974.3248823967, 5951887.5799797475]]}, "properties": {"cycleway:left": "no", "cycleway:right": "lane", "cycleway:right:lane": "exclusive", "highway": "secondary", "lanes": "1", "lit": "yes", "maxspeed": "50", "name": "Ulzburger Stra\u00dfe", "oneway": "yes", "sidewalk:left": "no", "sidewalk:right": "separate", "surface": "asphalt", "osm_id": 1071303441, "tile_500": "NO_E565500_N5951500_500", "tile_250": "NO_E565750_N5951750_250", "LaneCount": 1, "DirectionMode": "one-way", "OSMWidthMeters": 14.0, "ScaledOSMWidthStuds": 49.999992, "GameplayMinimumStuds": 14.0, "FinalWidthStuds": 49.999992}}, {"type": "Feature", "geometry": {"type": "LineString", "coordinates": [[565974.3248823967, 5951887.5799797475], [565971.1558903295, 5951852.87417134]]}, "properties": {"cycleway:left": "no", "cycleway:right": "lane", "cycleway:right:lane": "exclusive", "highway": "secondary", "lanes": "1", "lit": "yes", "maxspeed": "50", "name": "Ulzburger Stra\u00dfe", "oneway": "yes", "sidewalk:left": "no", "sidewalk:right": "separate", "surface": "asphalt", "osm_id": 1071303442, "tile_500": "NO_E565500_N5951500_500", "tile_250": "NO_E565750_N5951750_250", "LaneCount": 1, "DirectionMode": "one-way", "OSMWidthMeters": 14.0, "ScaledOSMWidthStuds": 49.999992, "GameplayMinimumStuds": 14.0, "FinalWidthStuds": 49.999992}}, {"type": "Feature", "geometry": {"type": "LineString", "coordinates": [[565980.1679834096, 5951869.202127653], [565965.2928211467, 5951870.795537709]]}, "properties": {"highway": "footway", "lit": "yes", "surface": "asphalt", "osm_id": 1071303444, "tile_500": "NO_E565500_N5951500_500", "tile_250": "NO_E565750_N5951750_250", "LaneCount": 2, "DirectionMode": "two-way", "OSMWidthMeters": 2.0, "ScaledOSMWidthStuds": 7.142856, "GameplayMinimumStuds": 7.0, "FinalWidthStuds": 7.142856}}, {"type": "Feature", "geometry": {"type": "LineString", "coordinates": [[566430.4997618874, 5951599.602516848], [566492.3581426922, 5951579.960224246]]}, "properties": {"cycleway:both": "separate", "highway": "secondary", "lanes": "3", "lanes:backward": "1", "lanes:forward": "2", "lit": "yes", "maxspeed:type": "DE:urban", "name": "Langenharmer Weg", "sidewalk:both": "separate", "surface": "asphalt", "osm_id": 1071303445, "tile_500": "NO_E566000_N5951500_500", "tile_250": "NO_E566250_N5951500_250", "LaneCount": 3, "DirectionMode": "two-way", "OSMWidthMeters": 14.0, "ScaledOSMWidthStuds": 49.999992, "GameplayMinimumStuds": 42.0, "FinalWidthStuds": 49.999992}}, {"type": "Feature", "geometry": {"type": "LineString", "coordinates": [[566373.8591186532, 5951612.1089922], [566430.4997618874, 5951599.602516848]]}, "properties": {"cycleway:left": "no", "cycleway:right": "separate", "highway": "secondary", "lanes": "1", "lit": "yes", "maxspeed:type": "DE:urban", "name": "Langenharmer Weg", "oneway": "yes", "sidewalk:left": "no", "sidewalk:right": "separate", "surface": "asphalt", "osm_id": 1071303446, "tile_500": "NO_E566000_N5951500_500", "tile_250": "NO_E566250_N5951500_250", "LaneCount": 1, "DirectionMode": "one-way", "OSMWidthMeters": 14.0, "ScaledOSMWidthStuds": 49.999992, "GameplayMinimumStuds": 14.0, "FinalWidthStuds": 49.999992}}, {"type": "Feature", "geometry": {"type": "LineString", "coordinates": [[566430.4997618874, 5951599.602516848], [566373.8591186532, 5951612.1089922]]}, "properties": {"cycleway:left": "no", "cycleway:right": "separate", "highway": "secondary", "lanes": "1", "lit": "yes", "maxspeed:type": "DE:urban", "name": "Langenharmer Weg", "oneway": "yes", "sidewalk:left": "no", "sidewalk:right": "separate", "surface": "asphalt", "osm_id": 1071303447, "tile_500": "NO_E566000_N5951500_500", "tile_250": "NO_E566250_N5951500_250", "LaneCount": 1, "DirectionMode": "one-way", "OSMWidthMeters": 14.0, "ScaledOSMWidthStuds": 49.999992, "GameplayMinimumStuds": 14.0, "FinalWidthStuds": 49.999992}}, {"type": "Feature", "geometry": {"type": "LineString", "coordinates": [[566411.6593378227, 5951610.284964016], [566407.93629391, 5951594.409353065]]}, "properties": {"bicycle": "designated", "check_date:surface": "2025-02-01", "cycleway:surface": "asphalt", "footway:surface": "asphalt", "highway": "footway", "lit": "yes", "segregated": "yes", "surface": "asphalt", "osm_id": 1071303450, "tile_500": "NO_E566000_N5951500_500", "tile_250": "NO_E566250_N5951500_250", "LaneCount": 2, "DirectionMode": "two-way", "OSMWidthMeters": 2.0, "ScaledOSMWidthStuds": 7.142856, "GameplayMinimumStuds": 7.0, "FinalWidthStuds": 7.142856}}, {"type": "Feature", "geometry": {"type": "LineString", "coordinates": [[566516.9652971906, 5951576.970876018], [566492.3581426922, 5951579.960224246]]}, "properties": {"cycleway:left": "no", "cycleway:right": "separate", "highway": "secondary", "lanes": "2", "lit": "yes", "maxspeed:type": "DE:urban", "name": "Langenharmer Weg", "oneway": "yes", "sidewalk:left": "no", "sidewalk:right": "separate", "surface": "asphalt", "osm_id": 1071303452, "tile_500": "NO_E566500_N5951500_500", "tile_250": "NO_E566500_N5951500_250", "LaneCount": 2, "DirectionMode": "one-way", "OSMWidthMeters": 14.0, "ScaledOSMWidthStuds": 49.999992, "GameplayMinimumStuds": 28.0, "FinalWidthStuds": 49.999992}}, {"type": "Feature", "geometry": {"type": "LineString", "coordinates": [[566492.3581426922, 5951579.960224246], [566515.5516358569, 5951569.584608901]]}, "properties": {"cycleway:left": "no", "cycleway:right": "separate", "highway": "secondary", "lanes": "1", "lit": "yes", "maxspeed:type": "DE:urban", "name": "Langenharmer Weg", "oneway": "yes", "sidewalk:left": "no", "sidewalk:right": "separate", "surface": "asphalt", "osm_id": 1071303453, "tile_500": "NO_E566500_N5951500_500", "tile_250": "NO_E566500_N5951500_250", "LaneCount": 1, "DirectionMode": "one-way", "OSMWidthMeters": 14.0, "ScaledOSMWidthStuds": 49.999992, "GameplayMinimumStuds": 14.0, "FinalWidthStuds": 49.999992}}, {"type": "Feature", "geometry": {"type": "LineString", "coordinates": [[566550.4536158635, 5951559.887031369], [566584.4104138267, 5951555.862310481]]}, "properties": {"cycleway:left": "no", "cycleway:right": "separate", "highway": "secondary", "lanes": "1", "lit": "yes", "maxspeed": "50", "name": "Langenharmer Weg", "oneway": "yes", "sidewalk:left": "no", "sidewalk:right": "separate", "surface": "asphalt", "osm_id": 1071303456, "tile_500": "NO_E566500_N5951500_500", "tile_250": "NO_E566500_N5951500_250", "LaneCount": 1, "DirectionMode": "one-way", "OSMWidthMeters": 14.0, "ScaledOSMWidthStuds": 49.999992, "GameplayMinimumStuds": 14.0, "FinalWidthStuds": 49.999992}}, {"type": "Feature", "geometry": {"type": "LineString", "coordinates": [[566584.4104138267, 5951555.862310481], [566553.7392180699, 5951569.803491379]]}, "properties": {"cycleway:left": "no", "cycleway:right": "separate", "highway": "secondary", "lanes": "1", "lit": "yes", "maxspeed": "50", "name": "Langenharmer Weg", "oneway": "yes", "sidewalk:left": "no", "sidewalk:right": "separate", "surface": "asphalt", "osm_id": 1071303457, "tile_500": "NO_E566500_N5951500_500", "tile_250": "NO_E566500_N5951500_250", "LaneCount": 1, "DirectionMode": "one-way", "OSMWidthMeters": 14.0, "ScaledOSMWidthStuds": 49.999992, "GameplayMinimumStuds": 14.0, "FinalWidthStuds": 49.999992}}, {"type": "Feature", "geometry": {"type": "LineString", "coordinates": [[566538.7825054963, 5951528.1869256785], [566542.2750226437, 5951545.394644923]]}, "properties": {"cycleway:left": "no", "cycleway:right": "track", "highway": "tertiary", "lanes": "1", "lit": "yes", "maxspeed": "50", "name": "Falkenbergstra\u00dfe", "oneway": "yes", "sidewalk": "right", "sidewalk:right:surface": "paving_stones", "surface": "asphalt", "osm_id": 1071303459, "tile_500": "NO_E566500_N5951500_500", "tile_250": "NO_E566500_N5951500_250", "LaneCount": 1, "DirectionMode": "one-way", "OSMWidthMeters": 12.0, "ScaledOSMWidthStuds": 42.857136, "GameplayMinimumStuds": 14.0, "FinalWidthStuds": 42.857136}}, {"type": "Feature", "geometry": {"type": "LineString", "coordinates": [[566540.325507392, 5951612.096982616], [566537.1851729347, 5951592.86910136]]}, "properties": {"cycleway:left": "no", "cycleway:right": "track", "highway": "residential", "lanes": "1", "lit": "yes", "maxspeed:type": "DE:urban", "name": "Falkenbergstra\u00dfe", "oneway": "yes", "sidewalk": "right", "sidewalk:right:surface": "paving_stones", "surface": "asphalt", "osm_id": 1071303460, "tile_500": "NO_E566500_N5951500_500", "tile_250": "NO_E566500_N5951500_250", "LaneCount": 1, "DirectionMode": "one-way", "OSMWidthMeters": 6.0, "ScaledOSMWidthStuds": 21.428568, "GameplayMinimumStuds": 14.0, "FinalWidthStuds": 21.428568}}, {"type": "Feature", "geometry": {"type": "LineString", "coordinates": [[566545.1283718133, 5951581.598607868], [566543.2606179805, 5951592.732725958]]}, "properties": {"cycleway:left": "no", "cycleway:right": "separate", "highway": "residential", "lanes": "1", "lit": "yes", "maxspeed:type": "DE:urban", "name": "Falkenbergstra\u00dfe", "oneway": "yes", "sidewalk:left": "no", "sidewalk:right": "separate", "surface": "asphalt", "osm_id": 1071303461, "tile_500": "NO_E566500_N5951500_500", "tile_250": "NO_E566500_N5951500_250", "LaneCount": 1, "DirectionMode": "one-way", "OSMWidthMeters": 6.0, "ScaledOSMWidthStuds": 21.428568, "GameplayMinimumStuds": 14.0, "FinalWidthStuds": 21.428568}}, {"type": "Feature", "geometry": {"type": "LineString", "coordinates": [[566535.8025730902, 5951545.124812389], [566538.7825054963, 5951528.1869256785]]}, "properties": {"cycleway:left": "no", "cycleway:right": "track", "highway": "tertiary", "lanes": "1", "lit": "yes", "maxspeed": "50", "name": "Falkenbergstra\u00dfe", "oneway": "yes", "sidewalk": "right", "sidewalk:right:surface": "paving_stones", "surface": "asphalt", "osm_id": 1071303462, "tile_500": "NO_E566500_N5951500_500", "tile_250": "NO_E566500_N5951500_250", "LaneCount": 1, "DirectionMode": "one-way", "OSMWidthMeters": 12.0, "ScaledOSMWidthStuds": 42.857136, "GameplayMinimumStuds": 14.0, "FinalWidthStuds": 42.857136}}, {"type": "Feature", "geometry": {"type": "LineString", "coordinates": [[566534.1708655257, 5951556.373553199], [566542.9630796975, 5951555.530181378]]}, "properties": {"cycleway:right": "separate", "highway": "secondary", "junction": "roundabout", "lane_markings": "no", "lit": "yes", "maxspeed:type": "DE:urban", "name": "Langenharmer Weg", "sidewalk:left": "no", "sidewalk:right": "separate", "surface": "asphalt", "osm_id": 1071303464, "tile_500": "NO_E566500_N5951500_500", "tile_250": "NO_E566500_N5951500_250", "LaneCount": 2, "DirectionMode": "two-way", "OSMWidthMeters": 14.0, "ScaledOSMWidthStuds": 49.999992, "GameplayMinimumStuds": 28.0, "FinalWidthStuds": 49.999992}}, {"type": "Feature", "geometry": {"type": "LineString", "coordinates": [[566528.6933317655, 5951576.725465155], [566526.7260932756, 5951565.54808693]]}, "properties": {"cycleway:right": "separate", "highway": "secondary", "junction": "roundabout", "lane_markings": "no", "lit": "yes", "maxspeed:type": "DE:urban", "name": "Langenharmer Weg", "sidewalk:left": "no", "sidewalk:right": "separate", "surface": "asphalt", "osm_id": 1071303465, "tile_500": "NO_E566500_N5951500_500", "tile_250": "NO_E566500_N5951500_250", "LaneCount": 2, "DirectionMode": "two-way", "OSMWidthMeters": 14.0, "ScaledOSMWidthStuds": 49.999992, "GameplayMinimumStuds": 28.0, "FinalWidthStuds": 49.999992}}, {"type": "Feature", "geometry": {"type": "LineString", "coordinates": [[566526.7260932756, 5951565.54808693], [566534.1708655257, 5951556.373553199]]}, "properties": {"cycleway:right": "separate", "highway": "secondary", "junction": "roundabout", "lane_markings": "no", "lit": "yes", "maxspeed:type": "DE:urban", "name": "Langenharmer Weg", "sidewalk:left": "no", "sidewalk:right": "separate", "surface": "asphalt", "osm_id": 1071303466, "tile_500": "NO_E566500_N5951500_500", "tile_250": "NO_E566500_N5951500_250", "LaneCount": 2, "DirectionMode": "two-way", "OSMWidthMeters": 14.0, "ScaledOSMWidthStuds": 49.999992, "GameplayMinimumStuds": 28.0, "FinalWidthStuds": 49.999992}}, {"type": "Feature", "geometry": {"type": "LineString", "coordinates": [[566542.9630796975, 5951555.530181378], [566550.4536158635, 5951559.887031369]]}, "properties": {"cycleway:right": "separate", "highway": "secondary", "junction": "roundabout", "lane_markings": "no", "lit": "yes", "maxspeed:type": "DE:urban", "name": "Langenharmer Weg", "sidewalk:left": "no", "sidewalk:right": "separate", "surface": "asphalt", "osm_id": 1071303467, "tile_500": "NO_E566500_N5951500_500", "tile_250": "NO_E566500_N5951500_250", "LaneCount": 2, "DirectionMode": "two-way", "OSMWidthMeters": 14.0, "ScaledOSMWidthStuds": 49.999992, "GameplayMinimumStuds": 28.0, "FinalWidthStuds": 49.999992}}, {"type": "Feature", "geometry": {"type": "LineString", "coordinates": [[566550.4536158635, 5951559.887031369], [566553.7392180699, 5951569.803491379]]}, "properties": {"cycleway:right": "separate", "highway": "secondary", "junction": "roundabout", "lane_markings": "no", "lit": "yes", "maxspeed:type": "DE:urban", "name": "Langenharmer Weg", "sidewalk:left": "no", "sidewalk:right": "separate", "surface": "asphalt", "osm_id": 1071303468, "tile_500": "NO_E566500_N5951500_500", "tile_250": "NO_E566500_N5951500_250", "LaneCount": 2, "DirectionMode": "two-way", "OSMWidthMeters": 14.0, "ScaledOSMWidthStuds": 49.999992, "GameplayMinimumStuds": 28.0, "FinalWidthStuds": 49.999992}}, {"type": "Feature", "geometry": {"type": "LineString", "coordinates": [[566553.7392180699, 5951569.803491379], [566545.1283718133, 5951581.598607868]]}, "properties": {"cycleway:right": "separate", "highway": "secondary", "junction": "roundabout", "lane_markings": "no", "lit": "yes", "maxspeed:type": "DE:urban", "name": "Langenharmer Weg", "sidewalk:left": "no", "sidewalk:right": "separate", "surface": "asphalt", "osm_id": 1071303469, "tile_500": "NO_E566500_N5951500_500", "tile_250": "NO_E566500_N5951500_250", "LaneCount": 2, "DirectionMode": "two-way", "OSMWidthMeters": 14.0, "ScaledOSMWidthStuds": 49.999992, "GameplayMinimumStuds": 28.0, "FinalWidthStuds": 49.999992}}, {"type": "Feature", "geometry": {"type": "LineString", "coordinates": [[566545.1283718133, 5951581.598607868], [566536.0583872199, 5951582.015200526]]}, "properties": {"cycleway:right": "separate", "highway": "secondary", "junction": "roundabout", "lane_markings": "no", "lit": "yes", "maxspeed:type": "DE:urban", "name": "Langenharmer Weg", "sidewalk:left": "no", "sidewalk:right": "separate", "surface": "asphalt", "osm_id": 1071303470, "tile_500": "NO_E566500_N5951500_500", "tile_250": "NO_E566500_N5951500_250", "LaneCount": 2, "DirectionMode": "two-way", "OSMWidthMeters": 14.0, "ScaledOSMWidthStuds": 49.999992, "GameplayMinimumStuds": 28.0, "FinalWidthStuds": 49.999992}}, {"type": "Feature", "geometry": {"type": "LineString", "coordinates": [[565562.0808887915, 5951593.283649671], [565570.0372919039, 5951541.219505252]]}, "properties": {"highway": "path", "surface": "paving_stones", "osm_id": 1076029069, "tile_500": "NO_E565500_N5951500_500", "tile_250": "NO_E565500_N5951500_250", "LaneCount": 2, "DirectionMode": "two-way", "OSMWidthMeters": 1.5, "ScaledOSMWidthStuds": 5.357142, "GameplayMinimumStuds": 6.0, "FinalWidthStuds": 6.0}}, {"type": "Feature", "geometry": {"type": "LineString", "coordinates": [[565558.919001908, 5951568.225567947], [565564.3542582178, 5951573.742713075]]}, "properties": {"highway": "path", "surface": "paving_stones", "osm_id": 1076029070, "tile_500": "NO_E565500_N5951500_500", "tile_250": "NO_E565500_N5951500_250", "LaneCount": 2, "DirectionMode": "two-way", "OSMWidthMeters": 1.5, "ScaledOSMWidthStuds": 5.357142, "GameplayMinimumStuds": 6.0, "FinalWidthStuds": 6.0}}, {"type": "Feature", "geometry": {"type": "LineString", "coordinates": [[565570.0372919039, 5951541.219505252], [565560.3665163387, 5951550.620346007]]}, "properties": {"highway": "path", "surface": "paving_stones", "osm_id": 1076029071, "tile_500": "NO_E565500_N5951500_500", "tile_250": "NO_E565500_N5951500_250", "LaneCount": 2, "DirectionMode": "two-way", "OSMWidthMeters": 1.5, "ScaledOSMWidthStuds": 5.357142, "GameplayMinimumStuds": 6.0, "FinalWidthStuds": 6.0}}, {"type": "Feature", "geometry": {"type": "LineString", "coordinates": [[566249.4383536631, 5950991.199100351], [566250.3696487814, 5950946.747946933], [566236.5175727172, 5950930.373447166], [566251.1412667367, 5950919.686358315], [566252.8442277289, 5950868.280476475]]}, "properties": {"highway": "footway", "osm_id": 1084268100, "tile_500": "NO_E566000_N5950500_500", "tile_250": "NO_E566000_N5950750_250", "LaneCount": 2, "DirectionMode": "two-way", "OSMWidthMeters": 2.0, "ScaledOSMWidthStuds": 7.142856, "GameplayMinimumStuds": 7.0, "FinalWidthStuds": 7.142856}}, {"type": "Feature", "geometry": {"type": "LineString", "coordinates": [[566236.5175727172, 5950930.373447166], [566235.4223944808, 5950930.313479625]]}, "properties": {"highway": "footway", "osm_id": 1086578171, "tile_500": "NO_E566000_N5950500_500", "tile_250": "NO_E566000_N5950750_250", "LaneCount": 2, "DirectionMode": "two-way", "OSMWidthMeters": 2.0, "ScaledOSMWidthStuds": 7.142856, "GameplayMinimumStuds": 7.0, "FinalWidthStuds": 7.142856}}, {"type": "Feature", "geometry": {"type": "LineString", "coordinates": [[566251.1412667367, 5950919.686358315], [566250.3696487814, 5950946.747946933]]}, "properties": {"highway": "footway", "osm_id": 1086578172, "tile_500": "NO_E566000_N5950500_500", "tile_250": "NO_E566250_N5950750_250", "LaneCount": 2, "DirectionMode": "two-way", "OSMWidthMeters": 2.0, "ScaledOSMWidthStuds": 7.142856, "GameplayMinimumStuds": 7.0, "FinalWidthStuds": 7.142856}}, {"type": "Feature", "geometry": {"type": "LineString", "coordinates": [[566250.0645585406, 5950961.342529111], [566243.6181703872, 5950961.040103913]]}, "properties": {"highway": "footway", "osm_id": 1086578173, "tile_500": "NO_E566000_N5950500_500", "tile_250": "NO_E566000_N5950750_250", "LaneCount": 2, "DirectionMode": "two-way", "OSMWidthMeters": 2.0, "ScaledOSMWidthStuds": 7.142856, "GameplayMinimumStuds": 7.0, "FinalWidthStuds": 7.142856}}, {"type": "Feature", "geometry": {"type": "LineString", "coordinates": [[566251.8316882332, 5950898.843730038], [566247.8918189087, 5950898.710216231]]}, "properties": {"highway": "footway", "osm_id": 1086578174, "tile_500": "NO_E566000_N5950500_500", "tile_250": "NO_E566000_N5950750_250", "LaneCount": 2, "DirectionMode": "two-way", "OSMWidthMeters": 2.0, "ScaledOSMWidthStuds": 7.142856, "GameplayMinimumStuds": 7.0, "FinalWidthStuds": 7.142856}}, {"type": "Feature", "geometry": {"type": "LineString", "coordinates": [[565507.710339694, 5951259.454489417], [565508.5012322138, 5951214.155697379]]}, "properties": {"access": "no", "bicycle": "yes", "foot": "yes", "highway": "path", "osm_id": 1100818170, "tile_500": "NO_E565500_N5951000_500", "tile_250": "NO_E565500_N5951000_250", "LaneCount": 2, "DirectionMode": "two-way", "OSMWidthMeters": 1.5, "ScaledOSMWidthStuds": 5.357142, "GameplayMinimumStuds": 6.0, "FinalWidthStuds": 6.0}}, {"type": "Feature", "geometry": {"type": "LineString", "coordinates": [[565742.6247554639, 5951985.89611149], [565736.0092609453, 5952273.797505295]]}, "properties": {"cycleway:left": "track", "cycleway:right": "no", "highway": "residential", "lit": "yes", "maxspeed": "30", "name": "Moorbekstra\u00dfe", "sidewalk": "both", "surface": "asphalt", "osm_id": 1102634651, "tile_500": "NO_E565500_N5952000_500", "tile_250": "NO_E565500_N5952000_250", "LaneCount": 2, "DirectionMode": "two-way", "OSMWidthMeters": 6.0, "ScaledOSMWidthStuds": 21.428568, "GameplayMinimumStuds": 28.0, "FinalWidthStuds": 28.0}}, {"type": "Feature", "geometry": {"type": "LineString", "coordinates": [[565938.3665963666, 5951678.695310222], [565948.9166031585, 5951677.697504084]]}, "properties": {"cycleway:both": "lane", "cycleway:both:lane": "exclusive", "highway": "residential", "lanes": "2", "lit": "yes", "maxspeed": "30", "name": "Langenharmer Weg", "sidewalk": "separate", "smoothness": "good", "surface": "asphalt", "osm_id": 1108043544, "tile_500": "NO_E565500_N5951500_500", "tile_250": "NO_E565750_N5951500_250", "LaneCount": 2, "DirectionMode": "two-way", "OSMWidthMeters": 6.0, "ScaledOSMWidthStuds": 21.428568, "GameplayMinimumStuds": 28.0, "FinalWidthStuds": 28.0}}, {"type": "Feature", "geometry": {"type": "LineString", "coordinates": [[565631.9396031486, 5951391.256148563], [565676.0031108087, 5951371.265207082]]}, "properties": {"cycleway:left": "no", "cycleway:right": "separate", "highway": "secondary", "lanes": "2", "lit": "yes", "maxspeed": "50", "name": "Rathausallee", "oneway": "yes", "sidewalk:left": "no", "sidewalk:right": "separate", "surface": "asphalt", "osm_id": 1108043911, "tile_500": "NO_E565500_N5951000_500", "tile_250": "NO_E565500_N5951250_250", "LaneCount": 2, "DirectionMode": "one-way", "OSMWidthMeters": 14.0, "ScaledOSMWidthStuds": 49.999992, "GameplayMinimumStuds": 28.0, "FinalWidthStuds": 49.999992}}, {"type": "Feature", "geometry": {"type": "LineString", "coordinates": [[565676.0031108087, 5951371.265207082], [565758.7848276866, 5951327.904849538]]}, "properties": {"cycleway:left": "no", "cycleway:right": "separate", "highway": "secondary", "lane_markings": "no", "lit": "yes", "maxspeed": "50", "name": "Rathausallee", "oneway": "yes", "sidewalk:left": "no", "sidewalk:right": "separate", "surface": "asphalt", "osm_id": 1108043912, "tile_500": "NO_E565500_N5951000_500", "tile_250": "NO_E565500_N5951250_250", "LaneCount": 1, "DirectionMode": "one-way", "OSMWidthMeters": 14.0, "ScaledOSMWidthStuds": 49.999992, "GameplayMinimumStuds": 14.0, "FinalWidthStuds": 49.999992}}, {"type": "Feature", "geometry": {"type": "LineString", "coordinates": [[566313.8772134925, 5951131.444211033], [566330.5517197673, 5951113.431274605], [566372.8185781585, 5951125.17842688]]}, "properties": {"highway": "service", "oneway": "yes", "surface": "grass_paver", "osm_id": 1109807828, "tile_500": "NO_E566000_N5951000_500", "tile_250": "NO_E566250_N5951000_250", "LaneCount": 1, "DirectionMode": "one-way", "OSMWidthMeters": 4.0, "ScaledOSMWidthStuds": 14.285712, "GameplayMinimumStuds": 14.0, "FinalWidthStuds": 14.285712}}, {"type": "Feature", "geometry": {"type": "LineString", "coordinates": [[565243.8544300455, 5951170.544049208], [565325.6535557763, 5951252.710153165]]}, "properties": {"highway": "path", "surface": "ground", "trail_visibility": "good", "osm_id": 1112488817, "tile_500": "NO_E565000_N5951000_500", "tile_250": "NO_E565250_N5951000_250", "LaneCount": 2, "DirectionMode": "two-way", "OSMWidthMeters": 1.5, "ScaledOSMWidthStuds": 5.357142, "GameplayMinimumStuds": 6.0, "FinalWidthStuds": 6.0}}, {"type": "Feature", "geometry": {"type": "LineString", "coordinates": [[565982.5287631984, 5951963.237965376], [565983.5378523145, 5951973.155373165]]}, "properties": {"cycleway:both": "lane", "cycleway:both:lane": "advisory", "highway": "secondary", "lanes": "3", "lanes:backward": "1", "lanes:forward": "2", "lit": "yes", "maxspeed": "30", "name": "Ulzburger Stra\u00dfe", "sidewalk:left": "separate", "sidewalk:right": "separate", "smoothness": "good", "surface": "asphalt", "turn:lanes:forward": "left|through", "osm_id": 1117672093, "tile_500": "NO_E565500_N5951500_500", "tile_250": "NO_E565750_N5951750_250", "LaneCount": 3, "DirectionMode": "two-way", "OSMWidthMeters": 14.0, "ScaledOSMWidthStuds": 49.999992, "GameplayMinimumStuds": 42.0, "FinalWidthStuds": 49.999992}}, {"type": "Feature", "geometry": {"type": "LineString", "coordinates": [[565228.2688695608, 5951258.7214772785], [565217.7272484509, 5951245.289319919]]}, "properties": {"access": "private", "highway": "path", "osm_id": 1117922439, "tile_500": "NO_E565000_N5951000_500", "tile_250": "NO_E565000_N5951250_250", "LaneCount": 2, "DirectionMode": "two-way", "OSMWidthMeters": 1.5, "ScaledOSMWidthStuds": 5.357142, "GameplayMinimumStuds": 6.0, "FinalWidthStuds": 6.0}}, {"type": "Feature", "geometry": {"type": "LineString", "coordinates": [[565223.4350257972, 5951265.45297152], [565217.3294592078, 5951273.907765543]]}, "properties": {"foot": "yes", "highway": "path", "surface": "paving_stones", "osm_id": 1117922440, "tile_500": "NO_E565000_N5951000_500", "tile_250": "NO_E565000_N5951250_250", "LaneCount": 2, "DirectionMode": "two-way", "OSMWidthMeters": 1.5, "ScaledOSMWidthStuds": 5.357142, "GameplayMinimumStuds": 6.0, "FinalWidthStuds": 6.0}}, {"type": "Feature", "geometry": {"type": "LineString", "coordinates": [[565248.1828798542, 5951231.024693478], [565223.4350257972, 5951265.45297152]]}, "properties": {"foot": "yes", "highway": "path", "surface": "compacted", "osm_id": 1117922441, "tile_500": "NO_E565000_N5951000_500", "tile_250": "NO_E565000_N5951000_250", "LaneCount": 2, "DirectionMode": "two-way", "OSMWidthMeters": 1.5, "ScaledOSMWidthStuds": 5.357142, "GameplayMinimumStuds": 6.0, "FinalWidthStuds": 6.0}}, {"type": "Feature", "geometry": {"type": "LineString", "coordinates": [[565353.9098014559, 5951300.149285713], [565361.5061513035, 5951295.592820077]]}, "properties": {"highway": "path", "surface": "asphalt", "osm_id": 1117922443, "tile_500": "NO_E565000_N5951000_500", "tile_250": "NO_E565250_N5951250_250", "LaneCount": 2, "DirectionMode": "two-way", "OSMWidthMeters": 1.5, "ScaledOSMWidthStuds": 5.357142, "GameplayMinimumStuds": 6.0, "FinalWidthStuds": 6.0}}, {"type": "Feature", "geometry": {"type": "LineString", "coordinates": [[565357.0021176704, 5951305.17732862], [565354.1457923148, 5951317.332912412]]}, "properties": {"bicycle": "designated", "foot": "designated", "highway": "path", "lit": "yes", "segregated": "no", "surface": "paving_stones", "osm_id": 1117922444, "tile_500": "NO_E565000_N5951000_500", "tile_250": "NO_E565250_N5951250_250", "LaneCount": 2, "DirectionMode": "two-way", "OSMWidthMeters": 1.5, "ScaledOSMWidthStuds": 5.357142, "GameplayMinimumStuds": 6.0, "FinalWidthStuds": 6.0}}, {"type": "Feature", "geometry": {"type": "LineString", "coordinates": [[565986.2079285654, 5951742.971066226], [565974.9352347727, 5951744.67076309]]}, "properties": {"access": "customers", "highway": "service", "service": "parking_aisle", "tunnel": "yes", "osm_id": 1118127369, "tile_500": "NO_E565500_N5951500_500", "tile_250": "NO_E565750_N5951500_250", "LaneCount": 2, "DirectionMode": "two-way", "OSMWidthMeters": 4.0, "ScaledOSMWidthStuds": 14.285712, "GameplayMinimumStuds": 28.0, "FinalWidthStuds": 28.0}}, {"type": "Feature", "geometry": {"type": "LineString", "coordinates": [[565974.9352347727, 5951744.67076309], [565972.0014588905, 5951741.580651788]]}, "properties": {"access": "customers", "highway": "service", "service": "parking_aisle", "surface": "paving_stones", "osm_id": 1118127370, "tile_500": "NO_E565500_N5951500_500", "tile_250": "NO_E565750_N5951500_250", "LaneCount": 2, "DirectionMode": "two-way", "OSMWidthMeters": 4.0, "ScaledOSMWidthStuds": 14.285712, "GameplayMinimumStuds": 28.0, "FinalWidthStuds": 28.0}}, {"type": "Feature", "geometry": {"type": "LineString", "coordinates": [[565479.297920729, 5950601.131019524], [565519.9657763678, 5950796.869013109]]}, "properties": {"access": "no", "bicycle": "permissive", "foot": "designated", "highway": "footway", "surface": "concrete", "width": "2", "osm_id": 1123617817, "tile_500": "NO_E565000_N5950500_500", "tile_250": "NO_E565250_N5950500_250", "LaneCount": 2, "DirectionMode": "two-way", "OSMWidthMeters": 2.0, "ScaledOSMWidthStuds": 7.142856, "GameplayMinimumStuds": 7.0, "FinalWidthStuds": 7.142856}}, {"type": "Feature", "geometry": {"type": "LineString", "coordinates": [[566641.4809230266, 5950844.263053355], [566632.1718696348, 5950831.189905238], [566611.3892328284, 5950845.883217733]]}, "properties": {"highway": "service", "service": "parking_aisle", "osm_id": 1124259321, "tile_500": "NO_E566500_N5950500_500", "tile_250": "NO_E566500_N5950750_250", "LaneCount": 2, "DirectionMode": "two-way", "OSMWidthMeters": 4.0, "ScaledOSMWidthStuds": 14.285712, "GameplayMinimumStuds": 28.0, "FinalWidthStuds": 28.0}}, {"type": "Feature", "geometry": {"type": "LineString", "coordinates": [[566590.2156417274, 5950873.712316834], [566575.9672798184, 5950852.757886429]]}, "properties": {"highway": "pedestrian", "noname": "yes", "osm_id": 1124259323, "tile_500": "NO_E566500_N5950500_500", "tile_250": "NO_E566500_N5950750_250", "LaneCount": 2, "DirectionMode": "two-way", "OSMWidthMeters": 5.0, "ScaledOSMWidthStuds": 17.85714, "GameplayMinimumStuds": 28.0, "FinalWidthStuds": 28.0}}, {"type": "Feature", "geometry": {"type": "LineString", "coordinates": [[565748.3401760721, 5951385.875756057], [565745.0783685063, 5951377.429024025]]}, "properties": {"foot": "yes", "highway": "path", "surface": "paving_stones", "osm_id": 1124887523, "tile_500": "NO_E565500_N5951000_500", "tile_250": "NO_E565500_N5951250_250", "LaneCount": 2, "DirectionMode": "two-way", "OSMWidthMeters": 1.5, "ScaledOSMWidthStuds": 5.357142, "GameplayMinimumStuds": 6.0, "FinalWidthStuds": 6.0}}, {"type": "Feature", "geometry": {"type": "LineString", "coordinates": [[565672.1761562028, 5951362.621456007], [565685.1928580033, 5951356.182997867]]}, "properties": {"bicycle": "designated", "check_date:surface": "2023-08-29", "cycleway:surface": "paving_stones", "foot": "designated", "footway:surface": "paving_stones", "highway": "path", "lit": "yes", "oneway": "yes", "segregated": "yes", "surface": "paving_stones", "osm_id": 1124887524, "tile_500": "NO_E565500_N5951000_500", "tile_250": "NO_E565500_N5951250_250", "LaneCount": 1, "DirectionMode": "one-way", "OSMWidthMeters": 1.5, "ScaledOSMWidthStuds": 5.357142, "GameplayMinimumStuds": 6.0, "FinalWidthStuds": 6.0}}, {"type": "Feature", "geometry": {"type": "LineString", "coordinates": [[565685.1928580033, 5951356.182997867], [565695.1115747096, 5951351.2812559875]]}, "properties": {"bicycle": "designated", "check_date:surface": "2023-08-29", "cycleway:surface": "paving_stones", "foot": "designated", "footway:surface": "paving_stones", "highway": "path", "lit": "yes", "oneway": "yes", "segregated": "yes", "surface": "paving_stones", "tunnel": "yes", "osm_id": 1124887525, "tile_500": "NO_E565500_N5951000_500", "tile_250": "NO_E565500_N5951250_250", "LaneCount": 1, "DirectionMode": "one-way", "OSMWidthMeters": 1.5, "ScaledOSMWidthStuds": 5.357142, "GameplayMinimumStuds": 6.0, "FinalWidthStuds": 6.0}}, {"type": "Feature", "geometry": {"type": "LineString", "coordinates": [[565514.3576175397, 5951294.987338779], [565514.5731188139, 5951292.319826873]]}, "properties": {"bicycle": "designated", "foot": "designated", "highway": "path", "lit": "yes", "segregated": "no", "surface": "paving_stones", "osm_id": 1124887526, "tile_500": "NO_E565500_N5951000_500", "tile_250": "NO_E565500_N5951250_250", "LaneCount": 2, "DirectionMode": "two-way", "OSMWidthMeters": 1.5, "ScaledOSMWidthStuds": 5.357142, "GameplayMinimumStuds": 6.0, "FinalWidthStuds": 6.0}}, {"type": "Feature", "geometry": {"type": "LineString", "coordinates": [[565514.5731188139, 5951292.319826873], [565512.3614416035, 5951277.18937487]]}, "properties": {"bicycle": "designated", "foot": "designated", "highway": "path", "lit": "yes", "segregated": "no", "surface": "paving_stones", "tunnel": "building_passage", "osm_id": 1124887527, "tile_500": "NO_E565500_N5951000_500", "tile_250": "NO_E565500_N5951250_250", "LaneCount": 2, "DirectionMode": "two-way", "OSMWidthMeters": 1.5, "ScaledOSMWidthStuds": 5.357142, "GameplayMinimumStuds": 6.0, "FinalWidthStuds": 6.0}}, {"type": "Feature", "geometry": {"type": "LineString", "coordinates": [[565508.0239140204, 5951260.638347433], [565504.4792168086, 5951278.091897109]]}, "properties": {"highway": "path", "surface": "paving_stones", "osm_id": 1124887528, "tile_500": "NO_E565500_N5951000_500", "tile_250": "NO_E565500_N5951250_250", "LaneCount": 2, "DirectionMode": "two-way", "OSMWidthMeters": 1.5, "ScaledOSMWidthStuds": 5.357142, "GameplayMinimumStuds": 6.0, "FinalWidthStuds": 6.0}}, {"type": "Feature", "geometry": {"type": "LineString", "coordinates": [[565502.9793699301, 5951293.782522162], [565502.343525794, 5951297.71266361]]}, "properties": {"highway": "path", "surface": "paving_stones", "osm_id": 1124887529, "tile_500": "NO_E565500_N5951000_500", "tile_250": "NO_E565500_N5951250_250", "LaneCount": 2, "DirectionMode": "two-way", "OSMWidthMeters": 1.5, "ScaledOSMWidthStuds": 5.357142, "GameplayMinimumStuds": 6.0, "FinalWidthStuds": 6.0}}, {"type": "Feature", "geometry": {"type": "LineString", "coordinates": [[565503.8270671171, 5951251.032642828], [565490.0750590554, 5951246.768131209]]}, "properties": {"highway": "path", "surface": "compacted", "osm_id": 1128227168, "tile_500": "NO_E565000_N5951000_500", "tile_250": "NO_E565250_N5951000_250", "LaneCount": 2, "DirectionMode": "two-way", "OSMWidthMeters": 1.5, "ScaledOSMWidthStuds": 5.357142, "GameplayMinimumStuds": 6.0, "FinalWidthStuds": 6.0}}, {"type": "Feature", "geometry": {"type": "LineString", "coordinates": [[566834.1292687169, 5951881.880663899], [566839.7199840354, 5951880.992248492]]}, "properties": {"highway": "path", "surface": "compacted", "osm_id": 1128908497, "tile_500": "NO_E566500_N5951500_500", "tile_250": "NO_E566750_N5951750_250", "LaneCount": 2, "DirectionMode": "two-way", "OSMWidthMeters": 1.5, "ScaledOSMWidthStuds": 5.357142, "GameplayMinimumStuds": 6.0, "FinalWidthStuds": 6.0}}, {"type": "Feature", "geometry": {"type": "LineString", "coordinates": [[566829.0655409166, 5951883.310701339], [566834.1292687169, 5951881.880663899]]}, "properties": {"bridge": "yes", "highway": "path", "surface": "wood", "osm_id": 1128908498, "tile_500": "NO_E566500_N5951500_500", "tile_250": "NO_E566750_N5951750_250", "LaneCount": 2, "DirectionMode": "two-way", "OSMWidthMeters": 1.5, "ScaledOSMWidthStuds": 5.357142, "GameplayMinimumStuds": 6.0, "FinalWidthStuds": 6.0}}, {"type": "Feature", "geometry": {"type": "LineString", "coordinates": [[566822.7617419658, 5951889.307505784], [566829.0655409166, 5951883.310701339]]}, "properties": {"highway": "path", "surface": "compacted", "osm_id": 1128908499, "tile_500": "NO_E566500_N5951500_500", "tile_250": "NO_E566750_N5951750_250", "LaneCount": 2, "DirectionMode": "two-way", "OSMWidthMeters": 1.5, "ScaledOSMWidthStuds": 5.357142, "GameplayMinimumStuds": 6.0, "FinalWidthStuds": 6.0}}, {"type": "Feature", "geometry": {"type": "LineString", "coordinates": [[565967.4473310722, 5950889.729889441], [565959.9264203865, 5950889.768820977]]}, "properties": {"bicycle": "yes", "foot": "yes", "highway": "footway", "lit": "yes", "maxspeed": "30", "name": "Finkenried", "surface": "asphalt", "osm_id": 1132556622, "tile_500": "NO_E565500_N5950500_500", "tile_250": "NO_E565750_N5950750_250", "LaneCount": 2, "DirectionMode": "two-way", "OSMWidthMeters": 2.0, "ScaledOSMWidthStuds": 7.142856, "GameplayMinimumStuds": 7.0, "FinalWidthStuds": 7.142856}}, {"type": "Feature", "geometry": {"type": "LineString", "coordinates": [[566206.6644933893, 5950885.6547737485], [566211.7776777397, 5950903.241129368]]}, "properties": {"access": "private", "highway": "service", "service": "parking_aisle", "osm_id": 1132556624, "tile_500": "NO_E566000_N5950500_500", "tile_250": "NO_E566000_N5950750_250", "LaneCount": 2, "DirectionMode": "two-way", "OSMWidthMeters": 4.0, "ScaledOSMWidthStuds": 14.285712, "GameplayMinimumStuds": 28.0, "FinalWidthStuds": 28.0}}, {"type": "Feature", "geometry": {"type": "LineString", "coordinates": [[566249.9251972487, 5950869.730309753], [566249.3148812145, 5950884.431853123]]}, "properties": {"access": "private", "highway": "service", "incline": "down", "service": "parking_aisle", "osm_id": 1132556625, "tile_500": "NO_E566000_N5950500_500", "tile_250": "NO_E566000_N5950750_250", "LaneCount": 2, "DirectionMode": "two-way", "OSMWidthMeters": 4.0, "ScaledOSMWidthStuds": 14.285712, "GameplayMinimumStuds": 28.0, "FinalWidthStuds": 28.0}}, {"type": "Feature", "geometry": {"type": "LineString", "coordinates": [[566292.7541900919, 5950932.5251046475], [566295.5796591521, 5950847.030207757]]}, "properties": {"highway": "footway", "osm_id": 1132556628, "tile_500": "NO_E566000_N5950500_500", "tile_250": "NO_E566250_N5950750_250", "LaneCount": 2, "DirectionMode": "two-way", "OSMWidthMeters": 2.0, "ScaledOSMWidthStuds": 7.142856, "GameplayMinimumStuds": 7.0, "FinalWidthStuds": 7.142856}}, {"type": "Feature", "geometry": {"type": "LineString", "coordinates": [[566327.9191470918, 5950911.524263399], [566329.6712488402, 5950829.608291427]]}, "properties": {"highway": "footway", "osm_id": 1132556630, "tile_500": "NO_E566000_N5950500_500", "tile_250": "NO_E566250_N5950750_250", "LaneCount": 2, "DirectionMode": "two-way", "OSMWidthMeters": 2.0, "ScaledOSMWidthStuds": 7.142856, "GameplayMinimumStuds": 7.0, "FinalWidthStuds": 7.142856}}, {"type": "Feature", "geometry": {"type": "LineString", "coordinates": [[566391.5626645942, 5950832.108092742], [566329.5940518694, 5950833.201287269]]}, "properties": {"highway": "footway", "osm_id": 1132556631, "tile_500": "NO_E566000_N5950500_500", "tile_250": "NO_E566250_N5950750_250", "LaneCount": 2, "DirectionMode": "two-way", "OSMWidthMeters": 2.0, "ScaledOSMWidthStuds": 7.142856, "GameplayMinimumStuds": 7.0, "FinalWidthStuds": 7.142856}}, {"type": "Feature", "geometry": {"type": "LineString", "coordinates": [[566371.6940853569, 5950790.1667749835], [566475.6133774107, 5950731.550775026]]}, "properties": {"highway": "service", "service": "driveway", "osm_id": 1132556633, "tile_500": "NO_E566000_N5950500_500", "tile_250": "NO_E566250_N5950750_250", "LaneCount": 2, "DirectionMode": "two-way", "OSMWidthMeters": 4.0, "ScaledOSMWidthStuds": 14.285712, "GameplayMinimumStuds": 28.0, "FinalWidthStuds": 28.0}}, {"type": "Feature", "geometry": {"type": "LineString", "coordinates": [[566363.107570536, 5950772.631263017], [566378.2676501797, 5950765.156776541], [566348.8217190366, 5950705.666037301], [566333.8942836861, 5950713.021510539]]}, "properties": {"highway": "service", "service": "parking_aisle", "surface": "paving_stones", "osm_id": 1132556638, "tile_500": "NO_E566000_N5950500_500", "tile_250": "NO_E566250_N5950500_250", "LaneCount": 2, "DirectionMode": "two-way", "OSMWidthMeters": 4.0, "ScaledOSMWidthStuds": 14.285712, "GameplayMinimumStuds": 28.0, "FinalWidthStuds": 28.0}}, {"type": "Feature", "geometry": {"type": "LineString", "coordinates": [[565746.49136016, 5951453.736802662], [565766.4835018663, 5951432.408006921], [565767.9577841781, 5951381.866741208]]}, "properties": {"highway": "residential", "maxspeed": "30", "name": "Dornbusch", "osm_id": 1134765207, "tile_500": "NO_E565500_N5951000_500", "tile_250": "NO_E565750_N5951250_250", "LaneCount": 2, "DirectionMode": "two-way", "OSMWidthMeters": 6.0, "ScaledOSMWidthStuds": 21.428568, "GameplayMinimumStuds": 28.0, "FinalWidthStuds": 28.0}}, {"type": "Feature", "geometry": {"type": "LineString", "coordinates": [[565371.8908317917, 5952085.343770758], [565356.3776784143, 5952086.841183723]]}, "properties": {"highway": "footway", "osm_id": 1144382474, "tile_500": "NO_E565000_N5952000_500", "tile_250": "NO_E565250_N5952000_250", "LaneCount": 2, "DirectionMode": "two-way", "OSMWidthMeters": 2.0, "ScaledOSMWidthStuds": 7.142856, "GameplayMinimumStuds": 7.0, "FinalWidthStuds": 7.142856}}, {"type": "Feature", "geometry": {"type": "LineString", "coordinates": [[565841.7151008485, 5951318.764108634], [565836.0876929832, 5951326.9415155975]]}, "properties": {"highway": "cycleway", "lit": "yes", "oneway": "yes", "surface": "asphalt", "osm_id": 1156785422, "tile_500": "NO_E565500_N5951000_500", "tile_250": "NO_E565750_N5951250_250", "LaneCount": 1, "DirectionMode": "one-way", "OSMWidthMeters": 2.5, "ScaledOSMWidthStuds": 8.92857, "GameplayMinimumStuds": 9.0, "FinalWidthStuds": 9.0}}, {"type": "Feature", "geometry": {"type": "LineString", "coordinates": [[565836.0876929832, 5951326.9415155975], [565819.8148843674, 5951322.6295280745]]}, "properties": {"highway": "cycleway", "lit": "yes", "oneway": "yes", "surface": "paving_stones", "osm_id": 1156785423, "tile_500": "NO_E565500_N5951000_500", "tile_250": "NO_E565750_N5951250_250", "LaneCount": 1, "DirectionMode": "one-way", "OSMWidthMeters": 2.5, "ScaledOSMWidthStuds": 8.92857, "GameplayMinimumStuds": 9.0, "FinalWidthStuds": 9.0}}, {"type": "Feature", "geometry": {"type": "LineString", "coordinates": [[565804.4709726663, 5951291.625379609], [565820.1869872996, 5951280.573983128]]}, "properties": {"bicycle": "designated", "check_date:surface": "2025-12-24", "cycleway:surface": "asphalt", "foot": "designated", "footway:surface": "asphalt", "highway": "path", "lit": "yes", "oneway": "yes", "segregated": "yes", "surface": "asphalt", "osm_id": 1157019863, "tile_500": "NO_E565500_N5951000_500", "tile_250": "NO_E565750_N5951250_250", "LaneCount": 1, "DirectionMode": "one-way", "OSMWidthMeters": 1.5, "ScaledOSMWidthStuds": 5.357142, "GameplayMinimumStuds": 6.0, "FinalWidthStuds": 6.0}}, {"type": "Feature", "geometry": {"type": "LineString", "coordinates": [[565841.4131322723, 5951282.885818385], [565867.7351132787, 5951270.214198842]]}, "properties": {"cycleway:left": "no", "cycleway:right": "lane", "cycleway:right:lane": "advisory", "highway": "secondary", "lane_markings": "no", "lit": "yes", "maxspeed": "50", "name": "Alter Kirchenweg", "oneway": "yes", "sidewalk": "right", "sidewalk:right:surface": "paving_stones", "surface": "asphalt", "osm_id": 1157019864, "tile_500": "NO_E565500_N5951000_500", "tile_250": "NO_E565750_N5951250_250", "LaneCount": 1, "DirectionMode": "one-way", "OSMWidthMeters": 14.0, "ScaledOSMWidthStuds": 49.999992, "GameplayMinimumStuds": 14.0, "FinalWidthStuds": 49.999992}}, {"type": "Feature", "geometry": {"type": "LineString", "coordinates": [[565820.1869872996, 5951280.573983128], [565841.4131322723, 5951282.885818385]]}, "properties": {"bicycle": "designated", "highway": "path", "lit": "yes", "oneway:bicycle": "yes", "surface": "paving_stones", "osm_id": 1157019865, "tile_500": "NO_E565500_N5951000_500", "tile_250": "NO_E565750_N5951250_250", "LaneCount": 2, "DirectionMode": "two-way", "OSMWidthMeters": 1.5, "ScaledOSMWidthStuds": 5.357142, "GameplayMinimumStuds": 6.0, "FinalWidthStuds": 6.0}}, {"type": "Feature", "geometry": {"type": "LineString", "coordinates": [[565819.8148843674, 5951322.6295280745], [565804.4709726663, 5951291.625379609]]}, "properties": {"bicycle": "designated", "cycleway": "sidepath", "cycleway:surface": "asphalt", "foot": "designated", "footway:surface": "asphalt", "highway": "path", "lit": "yes", "oneway:bicycle": "yes", "segregated": "yes", "surface": "asphalt", "osm_id": 1157019866, "tile_500": "NO_E565500_N5951000_500", "tile_250": "NO_E565750_N5951250_250", "LaneCount": 2, "DirectionMode": "two-way", "OSMWidthMeters": 1.5, "ScaledOSMWidthStuds": 5.357142, "GameplayMinimumStuds": 6.0, "FinalWidthStuds": 6.0}}, {"type": "Feature", "geometry": {"type": "LineString", "coordinates": [[565831.1240663563, 5951317.925610504], [565819.8148843674, 5951322.6295280745]]}, "properties": {"bicycle": "designated", "cycleway:surface": "paving_stones", "foot": "designated", "footway:surface": "paving_stones", "highway": "path", "lit": "yes", "oneway:bicycle": "yes", "segregated": "yes", "osm_id": 1157019867, "tile_500": "NO_E565500_N5951000_500", "tile_250": "NO_E565750_N5951250_250", "LaneCount": 2, "DirectionMode": "two-way", "OSMWidthMeters": 1.5, "ScaledOSMWidthStuds": 5.357142, "GameplayMinimumStuds": 6.0, "FinalWidthStuds": 6.0}}, {"type": "Feature", "geometry": {"type": "LineString", "coordinates": [[565809.4968326855, 5951301.387648792], [565818.9052658045, 5951295.700103369]]}, "properties": {"cycleway:left": "no", "cycleway:right": "separate", "highway": "secondary", "lanes": "3", "lit": "yes", "maxspeed": "50", "name": "Rathausallee", "oneway": "yes", "sidewalk:left": "no", "sidewalk:right": "separate", "surface": "asphalt", "turn:lanes": "left|through|right", "osm_id": 1157021133, "tile_500": "NO_E565500_N5951000_500", "tile_250": "NO_E565750_N5951250_250", "LaneCount": 3, "DirectionMode": "one-way", "OSMWidthMeters": 14.0, "ScaledOSMWidthStuds": 49.999992, "GameplayMinimumStuds": 42.0, "FinalWidthStuds": 49.999992}}, {"type": "Feature", "geometry": {"type": "LineString", "coordinates": [[566534.1708655257, 5951556.373553199], [566535.8025730902, 5951545.124812389]]}, "properties": {"cycleway:left": "no", "cycleway:right": "separate", "highway": "tertiary", "lanes": "1", "lit": "yes", "maxspeed": "50", "name": "Falkenbergstra\u00dfe", "oneway": "yes", "sidewalk:left": "no", "sidewalk:right": "separate", "surface": "asphalt", "osm_id": 1160865045, "tile_500": "NO_E566500_N5951500_500", "tile_250": "NO_E566500_N5951500_250", "LaneCount": 1, "DirectionMode": "one-way", "OSMWidthMeters": 12.0, "ScaledOSMWidthStuds": 42.857136, "GameplayMinimumStuds": 14.0, "FinalWidthStuds": 42.857136}}, {"type": "Feature", "geometry": {"type": "LineString", "coordinates": [[566542.2750226437, 5951545.394644923], [566542.9630796975, 5951555.530181378]]}, "properties": {"cycleway:left": "no", "cycleway:right": "separate", "highway": "tertiary", "lanes": "1", "lit": "yes", "maxspeed": "50", "name": "Falkenbergstra\u00dfe", "oneway": "yes", "sidewalk:left": "no", "sidewalk:right": "separate", "surface": "asphalt", "osm_id": 1160865046, "tile_500": "NO_E566500_N5951500_500", "tile_250": "NO_E566500_N5951500_250", "LaneCount": 1, "DirectionMode": "one-way", "OSMWidthMeters": 12.0, "ScaledOSMWidthStuds": 42.857136, "GameplayMinimumStuds": 14.0, "FinalWidthStuds": 42.857136}}, {"type": "Feature", "geometry": {"type": "LineString", "coordinates": [[566528.6933317655, 5951576.725465155], [566516.9652971906, 5951576.970876018]]}, "properties": {"cycleway:left": "no", "cycleway:right": "separate", "highway": "secondary", "lanes": "2", "lit": "yes", "maxspeed:type": "DE:urban", "name": "Langenharmer Weg", "oneway": "yes", "sidewalk:left": "no", "sidewalk:right": "separate", "surface": "asphalt", "osm_id": 1160865071, "tile_500": "NO_E566500_N5951500_500", "tile_250": "NO_E566500_N5951500_250", "LaneCount": 2, "DirectionMode": "one-way", "OSMWidthMeters": 14.0, "ScaledOSMWidthStuds": 49.999992, "GameplayMinimumStuds": 28.0, "FinalWidthStuds": 49.999992}}, {"type": "Feature", "geometry": {"type": "LineString", "coordinates": [[566515.5516358569, 5951569.584608901], [566526.7260932756, 5951565.54808693]]}, "properties": {"cycleway:left": "no", "cycleway:right": "separate", "highway": "secondary", "lanes": "1", "lit": "yes", "maxspeed:type": "DE:urban", "name": "Langenharmer Weg", "oneway": "yes", "sidewalk:left": "no", "sidewalk:right": "separate", "surface": "asphalt", "osm_id": 1160865087, "tile_500": "NO_E566500_N5951500_500", "tile_250": "NO_E566500_N5951500_250", "LaneCount": 1, "DirectionMode": "one-way", "OSMWidthMeters": 14.0, "ScaledOSMWidthStuds": 49.999992, "GameplayMinimumStuds": 14.0, "FinalWidthStuds": 49.999992}}, {"type": "Feature", "geometry": {"type": "LineString", "coordinates": [[566543.2606179805, 5951592.732725958], [566540.325507392, 5951612.096982616]]}, "properties": {"cycleway:left": "no", "cycleway:right": "track", "highway": "residential", "lanes": "1", "lit": "yes", "maxspeed:type": "DE:urban", "name": "Falkenbergstra\u00dfe", "oneway": "yes", "sidewalk": "right", "sidewalk:right:surface": "paving_stones", "surface": "asphalt", "osm_id": 1160865161, "tile_500": "NO_E566500_N5951500_500", "tile_250": "NO_E566500_N5951500_250", "LaneCount": 1, "DirectionMode": "one-way", "OSMWidthMeters": 6.0, "ScaledOSMWidthStuds": 21.428568, "GameplayMinimumStuds": 14.0, "FinalWidthStuds": 21.428568}}, {"type": "Feature", "geometry": {"type": "LineString", "coordinates": [[566537.1851729347, 5951592.86910136], [566536.0583872199, 5951582.015200526]]}, "properties": {"cycleway:left": "no", "cycleway:right": "separate", "highway": "residential", "lanes": "1", "lit": "yes", "maxspeed:type": "DE:urban", "name": "Falkenbergstra\u00dfe", "oneway": "yes", "sidewalk:left": "no", "sidewalk:right": "separate", "surface": "asphalt", "osm_id": 1160865167, "tile_500": "NO_E566500_N5951500_500", "tile_250": "NO_E566500_N5951500_250", "LaneCount": 1, "DirectionMode": "one-way", "OSMWidthMeters": 6.0, "ScaledOSMWidthStuds": 21.428568, "GameplayMinimumStuds": 14.0, "FinalWidthStuds": 21.428568}}, {"type": "Feature", "geometry": {"type": "LineString", "coordinates": [[565448.0368184006, 5951413.567548489], [565445.3092191906, 5951425.9474215815]]}, "properties": {"access": "permissive", "bicycle": "yes", "foot": "yes", "highway": "service", "layer": "-1", "motor_vehicle": "yes", "oneway": "yes", "surface": "sett", "osm_id": 1174834116, "tile_500": "NO_E565000_N5951000_500", "tile_250": "NO_E565250_N5951250_250", "LaneCount": 1, "DirectionMode": "one-way", "OSMWidthMeters": 4.0, "ScaledOSMWidthStuds": 14.285712, "GameplayMinimumStuds": 14.0, "FinalWidthStuds": 14.285712}}, {"type": "Feature", "geometry": {"type": "LineString", "coordinates": [[565440.9611032871, 5951439.495299794], [565437.7931645341, 5951427.122210203]]}, "properties": {"highway": "service", "oneway": "yes", "surface": "paving_stones", "osm_id": 1174834117, "tile_500": "NO_E565000_N5951000_500", "tile_250": "NO_E565250_N5951250_250", "LaneCount": 1, "DirectionMode": "one-way", "OSMWidthMeters": 4.0, "ScaledOSMWidthStuds": 14.285712, "GameplayMinimumStuds": 14.0, "FinalWidthStuds": 14.285712}}, {"type": "Feature", "geometry": {"type": "LineString", "coordinates": [[566421.1254656881, 5951113.199223027], [566417.6330760845, 5951055.343914451], [566253.6541609827, 5951072.320303587]]}, "properties": {"highway": "footway", "surface": "paving_stones", "osm_id": 1192740690, "tile_500": "NO_E566000_N5951000_500", "tile_250": "NO_E566250_N5951000_250", "LaneCount": 2, "DirectionMode": "two-way", "OSMWidthMeters": 2.0, "ScaledOSMWidthStuds": 7.142856, "GameplayMinimumStuds": 7.0, "FinalWidthStuds": 7.142856}}, {"type": "Feature", "geometry": {"type": "LineString", "coordinates": [[566271.7245130877, 5951071.407129657], [566284.9293247246, 5951127.9529491365]]}, "properties": {"highway": "footway", "surface": "paving_stones", "osm_id": 1192740691, "tile_500": "NO_E566000_N5951000_500", "tile_250": "NO_E566250_N5951000_250", "LaneCount": 2, "DirectionMode": "two-way", "OSMWidthMeters": 2.0, "ScaledOSMWidthStuds": 7.142856, "GameplayMinimumStuds": 7.0, "FinalWidthStuds": 7.142856}}, {"type": "Feature", "geometry": {"type": "LineString", "coordinates": [[566417.6330760845, 5951055.343914451], [566450.6510111423, 5951050.726247976]]}, "properties": {"highway": "footway", "surface": "paving_stones", "osm_id": 1192740692, "tile_500": "NO_E566000_N5951000_500", "tile_250": "NO_E566250_N5951000_250", "LaneCount": 2, "DirectionMode": "two-way", "OSMWidthMeters": 2.0, "ScaledOSMWidthStuds": 7.142856, "GameplayMinimumStuds": 7.0, "FinalWidthStuds": 7.142856}}, {"type": "Feature", "geometry": {"type": "LineString", "coordinates": [[566278.507346499, 5951116.123029519], [566280.3136895922, 5951135.00916062]]}, "properties": {"highway": "service", "service": "driveway", "osm_id": 1192740694, "tile_500": "NO_E566000_N5951000_500", "tile_250": "NO_E566250_N5951000_250", "LaneCount": 2, "DirectionMode": "two-way", "OSMWidthMeters": 4.0, "ScaledOSMWidthStuds": 14.285712, "GameplayMinimumStuds": 28.0, "FinalWidthStuds": 28.0}}, {"type": "Feature", "geometry": {"type": "LineString", "coordinates": [[566149.137998819, 5951964.8166778125], [566151.9576575578, 5952005.938119651]]}, "properties": {"highway": "path", "osm_id": 1198339164, "tile_500": "NO_E566000_N5951500_500", "tile_250": "NO_E566000_N5951750_250", "LaneCount": 2, "DirectionMode": "two-way", "OSMWidthMeters": 1.5, "ScaledOSMWidthStuds": 5.357142, "GameplayMinimumStuds": 6.0, "FinalWidthStuds": 6.0}}, {"type": "Feature", "geometry": {"type": "LineString", "coordinates": [[565624.4080865054, 5951588.925292949], [565655.7751295399, 5951678.348249206]]}, "properties": {"highway": "residential", "maxspeed": "30", "maxspeed:type": "DE:zone30", "name": "Alter Heidberg", "surface": "asphalt", "osm_id": 1203176175, "tile_500": "NO_E565500_N5951500_500", "tile_250": "NO_E565500_N5951500_250", "LaneCount": 2, "DirectionMode": "two-way", "OSMWidthMeters": 6.0, "ScaledOSMWidthStuds": 21.428568, "GameplayMinimumStuds": 28.0, "FinalWidthStuds": 28.0}}, {"type": "Feature", "geometry": {"type": "LineString", "coordinates": [[565669.5521077353, 5951395.387654801], [565657.1072887691, 5951369.932532756]]}, "properties": {"highway": "path", "surface": "asphalt", "osm_id": 1208289432, "tile_500": "NO_E565500_N5951000_500", "tile_250": "NO_E565500_N5951250_250", "LaneCount": 2, "DirectionMode": "two-way", "OSMWidthMeters": 1.5, "ScaledOSMWidthStuds": 5.357142, "GameplayMinimumStuds": 6.0, "FinalWidthStuds": 6.0}}, {"type": "Feature", "geometry": {"type": "LineString", "coordinates": [[565698.0128072067, 5951381.242870602], [565688.1473968681, 5951359.707169506]]}, "properties": {"highway": "path", "surface": "asphalt", "osm_id": 1208289433, "tile_500": "NO_E565500_N5951000_500", "tile_250": "NO_E565500_N5951250_250", "LaneCount": 2, "DirectionMode": "two-way", "OSMWidthMeters": 1.5, "ScaledOSMWidthStuds": 5.357142, "GameplayMinimumStuds": 6.0, "FinalWidthStuds": 6.0}}, {"type": "Feature", "geometry": {"type": "LineString", "coordinates": [[565688.1473968681, 5951359.707169506], [565686.2831502148, 5951355.6419029]]}, "properties": {"highway": "path", "surface": "paving_stones", "tunnel": "yes", "osm_id": 1208289434, "tile_500": "NO_E565500_N5951000_500", "tile_250": "NO_E565500_N5951250_250", "LaneCount": 2, "DirectionMode": "two-way", "OSMWidthMeters": 1.5, "ScaledOSMWidthStuds": 5.357142, "GameplayMinimumStuds": 6.0, "FinalWidthStuds": 6.0}}, {"type": "Feature", "geometry": {"type": "LineString", "coordinates": [[565956.7614524332, 5951659.692708553], [565958.253564616, 5951666.723822527]]}, "properties": {"footway": "sidewalk", "highway": "footway", "lit": "yes", "surface": "paving_stones", "osm_id": 1208289435, "tile_500": "NO_E565500_N5951500_500", "tile_250": "NO_E565750_N5951500_250", "LaneCount": 2, "DirectionMode": "two-way", "OSMWidthMeters": 2.0, "ScaledOSMWidthStuds": 7.142856, "GameplayMinimumStuds": 7.0, "FinalWidthStuds": 7.142856}}, {"type": "Feature", "geometry": {"type": "LineString", "coordinates": [[565962.5981510937, 5951687.325719044], [565963.5821930093, 5951691.990725136]]}, "properties": {"footway": "sidewalk", "highway": "footway", "lit": "yes", "surface": "paving_stones", "osm_id": 1208289436, "tile_500": "NO_E565500_N5951500_500", "tile_250": "NO_E565750_N5951500_250", "LaneCount": 2, "DirectionMode": "two-way", "OSMWidthMeters": 2.0, "ScaledOSMWidthStuds": 7.142856, "GameplayMinimumStuds": 7.0, "FinalWidthStuds": 7.142856}}, {"type": "Feature", "geometry": {"type": "LineString", "coordinates": [[565944.9449808894, 5951695.367303469], [565940.7886628915, 5951696.1211664155]]}, "properties": {"footway": "sidewalk", "highway": "footway", "lit": "yes", "surface": "paving_stones", "osm_id": 1208289437, "tile_500": "NO_E565500_N5951500_500", "tile_250": "NO_E565750_N5951500_250", "LaneCount": 2, "DirectionMode": "two-way", "OSMWidthMeters": 2.0, "ScaledOSMWidthStuds": 7.142856, "GameplayMinimumStuds": 7.0, "FinalWidthStuds": 7.142856}}, {"type": "Feature", "geometry": {"type": "LineString", "coordinates": [[565963.5821930093, 5951691.990725136], [565960.0082476113, 5951692.64148781]]}, "properties": {"footway": "sidewalk", "highway": "footway", "lit": "yes", "surface": "paving_stones", "osm_id": 1208289438, "tile_500": "NO_E565500_N5951500_500", "tile_250": "NO_E565750_N5951500_250", "LaneCount": 2, "DirectionMode": "two-way", "OSMWidthMeters": 2.0, "ScaledOSMWidthStuds": 7.142856, "GameplayMinimumStuds": 7.0, "FinalWidthStuds": 7.142856}}, {"type": "Feature", "geometry": {"type": "LineString", "coordinates": [[565939.6114930657, 5951687.347514429], [565937.580400279, 5951672.163721425]]}, "properties": {"foot": "designated", "footway": "crossing", "highway": "footway", "lit": "yes", "surface": "asphalt", "osm_id": 1208289439, "tile_500": "NO_E565500_N5951500_500", "tile_250": "NO_E565750_N5951500_250", "LaneCount": 2, "DirectionMode": "two-way", "OSMWidthMeters": 2.0, "ScaledOSMWidthStuds": 7.142856, "GameplayMinimumStuds": 7.0, "FinalWidthStuds": 7.142856}}, {"type": "Feature", "geometry": {"type": "LineString", "coordinates": [[565940.7886628915, 5951696.1211664155], [565939.6114930657, 5951687.347514429]]}, "properties": {"footway": "sidewalk", "highway": "footway", "lit": "yes", "surface": "paving_stones", "osm_id": 1208289440, "tile_500": "NO_E565500_N5951500_500", "tile_250": "NO_E565750_N5951500_250", "LaneCount": 2, "DirectionMode": "two-way", "OSMWidthMeters": 2.0, "ScaledOSMWidthStuds": 7.142856, "GameplayMinimumStuds": 7.0, "FinalWidthStuds": 7.142856}}, {"type": "Feature", "geometry": {"type": "LineString", "coordinates": [[565953.2002148877, 5951660.377037146], [565956.7614524332, 5951659.692708553]]}, "properties": {"footway": "sidewalk", "highway": "footway", "lit": "yes", "surface": "paving_stones", "osm_id": 1208289441, "tile_500": "NO_E565500_N5951500_500", "tile_250": "NO_E565750_N5951500_250", "LaneCount": 2, "DirectionMode": "two-way", "OSMWidthMeters": 2.0, "ScaledOSMWidthStuds": 7.142856, "GameplayMinimumStuds": 7.0, "FinalWidthStuds": 7.142856}}, {"type": "Feature", "geometry": {"type": "LineString", "coordinates": [[565937.3201767766, 5951663.43634003], [565938.7566439065, 5951663.156095443]]}, "properties": {"footway": "sidewalk", "highway": "footway", "lit": "yes", "surface": "paving_stones", "osm_id": 1208289442, "tile_500": "NO_E565500_N5951500_500", "tile_250": "NO_E565750_N5951500_250", "LaneCount": 2, "DirectionMode": "two-way", "OSMWidthMeters": 2.0, "ScaledOSMWidthStuds": 7.142856, "GameplayMinimumStuds": 7.0, "FinalWidthStuds": 7.142856}}, {"type": "Feature", "geometry": {"type": "LineString", "coordinates": [[565979.2718837011, 5951663.970523362], [566042.4794957795, 5951647.223279863]]}, "properties": {"highway": "cycleway", "lit": "yes", "oneway": "yes", "surface": "paving_stones", "osm_id": 1208289443, "tile_500": "NO_E566000_N5951500_500", "tile_250": "NO_E566000_N5951500_250", "LaneCount": 1, "DirectionMode": "one-way", "OSMWidthMeters": 2.5, "ScaledOSMWidthStuds": 8.92857, "GameplayMinimumStuds": 9.0, "FinalWidthStuds": 9.0}}, {"type": "Feature", "geometry": {"type": "LineString", "coordinates": [[565956.7614524332, 5951659.692708553], [566042.4794957795, 5951647.223279863]]}, "properties": {"footway": "sidewalk", "highway": "footway", "lit": "yes", "surface": "paving_stones", "osm_id": 1208289444, "tile_500": "NO_E565500_N5951500_500", "tile_250": "NO_E565750_N5951500_250", "LaneCount": 2, "DirectionMode": "two-way", "OSMWidthMeters": 2.0, "ScaledOSMWidthStuds": 7.142856, "GameplayMinimumStuds": 7.0, "FinalWidthStuds": 7.142856}}, {"type": "Feature", "geometry": {"type": "LineString", "coordinates": [[565960.1781227813, 5951675.864058127], [565979.2718837011, 5951663.970523362]]}, "properties": {"highway": "cycleway", "lit": "yes", "oneway": "yes", "surface": "asphalt", "osm_id": 1208289445, "tile_500": "NO_E565500_N5951500_500", "tile_250": "NO_E565750_N5951500_250", "LaneCount": 1, "DirectionMode": "one-way", "OSMWidthMeters": 2.5, "ScaledOSMWidthStuds": 8.92857, "GameplayMinimumStuds": 9.0, "FinalWidthStuds": 9.0}}, {"type": "Feature", "geometry": {"type": "LineString", "coordinates": [[565960.1781227813, 5951675.864058127], [565948.9166031585, 5951677.697504084]]}, "properties": {"cycleway:both": "lane", "cycleway:both:lane": "exclusive", "highway": "secondary", "lanes": "3", "lit": "yes", "maxspeed:type": "DE:urban", "name": "Langenharmer Weg", "oneway": "no", "sidewalk:left": "separate", "sidewalk:right": "no", "surface": "asphalt", "osm_id": 1208289446, "tile_500": "NO_E565500_N5951500_500", "tile_250": "NO_E565750_N5951500_250", "LaneCount": 3, "DirectionMode": "two-way", "OSMWidthMeters": 14.0, "ScaledOSMWidthStuds": 49.999992, "GameplayMinimumStuds": 42.0, "FinalWidthStuds": 49.999992}}, {"type": "Feature", "geometry": {"type": "LineString", "coordinates": [[565940.9992481656, 5951633.233197489], [565948.9166031585, 5951677.697504084]]}, "properties": {"bicycle": "designated", "cycleway:both": "lane", "cycleway:both:lane": "exclusive", "highway": "secondary", "lanes": "3", "lanes:backward": "1", "lanes:forward": "2", "lit": "yes", "maxspeed": "50", "name": "Ulzburger Stra\u00dfe", "sidewalk": "separate", "surface": "asphalt", "turn:lanes:forward": "left|through;right", "osm_id": 1208289447, "tile_500": "NO_E565500_N5951500_500", "tile_250": "NO_E565750_N5951500_250", "LaneCount": 3, "DirectionMode": "two-way", "OSMWidthMeters": 14.0, "ScaledOSMWidthStuds": 49.999992, "GameplayMinimumStuds": 42.0, "FinalWidthStuds": 49.999992}}, {"type": "Feature", "geometry": {"type": "LineString", "coordinates": [[565986.6784374164, 5951962.9402660495], [565976.5817569837, 5951963.666169847]]}, "properties": {"footway": "crossing", "highway": "footway", "lit": "yes", "surface": "asphalt", "osm_id": 1208289448, "tile_500": "NO_E565500_N5951500_500", "tile_250": "NO_E565750_N5951750_250", "LaneCount": 2, "DirectionMode": "two-way", "OSMWidthMeters": 2.0, "ScaledOSMWidthStuds": 7.142856, "GameplayMinimumStuds": 7.0, "FinalWidthStuds": 7.142856}}, {"type": "Feature", "geometry": {"type": "LineString", "coordinates": [[565974.0570072947, 5951973.745290806], [565973.6178253919, 5951968.832016176]]}, "properties": {"footway": "crossing", "highway": "footway", "lit": "yes", "smoothness": "good", "surface": "asphalt", "osm_id": 1208289449, "tile_500": "NO_E565500_N5951500_500", "tile_250": "NO_E565750_N5951750_250", "LaneCount": 2, "DirectionMode": "two-way", "OSMWidthMeters": 2.0, "ScaledOSMWidthStuds": 7.142856, "GameplayMinimumStuds": 7.0, "FinalWidthStuds": 7.142856}}, {"type": "Feature", "geometry": {"type": "LineString", "coordinates": [[565976.5817569837, 5951963.666169847], [565973.1852421721, 5951963.918834451]]}, "properties": {"footway": "sidewalk", "highway": "footway", "lit": "yes", "surface": "paving_stones", "osm_id": 1208289450, "tile_500": "NO_E565500_N5951500_500", "tile_250": "NO_E565750_N5951750_250", "LaneCount": 2, "DirectionMode": "two-way", "OSMWidthMeters": 2.0, "ScaledOSMWidthStuds": 7.142856, "GameplayMinimumStuds": 7.0, "FinalWidthStuds": 7.142856}}, {"type": "Feature", "geometry": {"type": "LineString", "coordinates": [[565989.3480381732, 5951962.744148517], [565986.6784374164, 5951962.9402660495]]}, "properties": {"footway": "sidewalk", "highway": "footway", "lit": "yes", "surface": "paving_stones", "osm_id": 1208289451, "tile_500": "NO_E565500_N5951500_500", "tile_250": "NO_E565750_N5951750_250", "LaneCount": 2, "DirectionMode": "two-way", "OSMWidthMeters": 2.0, "ScaledOSMWidthStuds": 7.142856, "GameplayMinimumStuds": 7.0, "FinalWidthStuds": 7.142856}}, {"type": "Feature", "geometry": {"type": "LineString", "coordinates": [[565983.5378523145, 5951973.155373165], [565987.915141017, 5952023.778977278]]}, "properties": {"cycleway:both": "shared_lane", "cycleway:both:lane": "pictogram", "highway": "secondary", "lanes": "2", "lit": "yes", "maxspeed": "30", "name": "Ulzburger Stra\u00dfe", "sidewalk:both:surface": "paving_stones", "sidewalk:left": "yes", "sidewalk:right": "separate", "surface": "asphalt", "osm_id": 1208289452, "tile_500": "NO_E565500_N5951500_500", "tile_250": "NO_E565750_N5951750_250", "LaneCount": 2, "DirectionMode": "two-way", "OSMWidthMeters": 14.0, "ScaledOSMWidthStuds": 49.999992, "GameplayMinimumStuds": 28.0, "FinalWidthStuds": 49.999992}}, {"type": "Feature", "geometry": {"type": "LineString", "coordinates": [[565502.53597429, 5951519.891597889], [565503.7693182358, 5951519.975580655]]}, "properties": {"foot": "yes", "highway": "path", "level": "-1", "surface": "concrete:plates", "osm_id": 1208361798, "tile_500": "NO_E565500_N5951500_500", "tile_250": "NO_E565500_N5951500_250", "LaneCount": 2, "DirectionMode": "two-way", "OSMWidthMeters": 1.5, "ScaledOSMWidthStuds": 5.357142, "GameplayMinimumStuds": 6.0, "FinalWidthStuds": 6.0}}, {"type": "Feature", "geometry": {"type": "LineString", "coordinates": [[565544.8672667176, 5951118.101982345], [565548.2160596784, 5951108.546015209]]}, "properties": {"bicycle": "yes", "highway": "footway", "surface": "asphalt", "osm_id": 1232127454, "tile_500": "NO_E565500_N5951000_500", "tile_250": "NO_E565500_N5951000_250", "LaneCount": 2, "DirectionMode": "two-way", "OSMWidthMeters": 2.0, "ScaledOSMWidthStuds": 7.142856, "GameplayMinimumStuds": 7.0, "FinalWidthStuds": 7.142856}}, {"type": "Feature", "geometry": {"type": "LineString", "coordinates": [[565531.3095767893, 5951413.772970707], [565536.2536607393, 5951409.569194151]]}, "properties": {"highway": "service", "name": "Rathausallee", "oneway": "yes", "surface": "asphalt", "osm_id": 1242436742, "tile_500": "NO_E565500_N5951000_500", "tile_250": "NO_E565500_N5951250_250", "LaneCount": 1, "DirectionMode": "one-way", "OSMWidthMeters": 4.0, "ScaledOSMWidthStuds": 14.285712, "GameplayMinimumStuds": 14.0, "FinalWidthStuds": 14.285712}}, {"type": "Feature", "geometry": {"type": "LineString", "coordinates": [[565420.3020985279, 5951401.285800186], [565446.0741343548, 5951400.454619165]]}, "properties": {"cycleway:left": "no", "cycleway:right": "separate", "highway": "secondary", "lanes": "2", "lit": "yes", "maxspeed": "50", "name": "Rathausallee", "oneway": "yes", "sidewalk:left": "no", "sidewalk:right": "separate", "surface": "asphalt", "osm_id": 1242437253, "tile_500": "NO_E565000_N5951000_500", "tile_250": "NO_E565250_N5951250_250", "LaneCount": 2, "DirectionMode": "one-way", "OSMWidthMeters": 14.0, "ScaledOSMWidthStuds": 49.999992, "GameplayMinimumStuds": 28.0, "FinalWidthStuds": 49.999992}}, {"type": "Feature", "geometry": {"type": "LineString", "coordinates": [[566998.0266531759, 5951136.556369297], [566932.0322205026, 5951125.755788707]]}, "properties": {"highway": "footway", "osm_id": 1257132867, "tile_500": "NO_E566500_N5951000_500", "tile_250": "NO_E566750_N5951000_250", "LaneCount": 2, "DirectionMode": "two-way", "OSMWidthMeters": 2.0, "ScaledOSMWidthStuds": 7.142856, "GameplayMinimumStuds": 7.0, "FinalWidthStuds": 7.142856}}, {"type": "Feature", "geometry": {"type": "LineString", "coordinates": [[566916.2367437596, 5951154.650487781], [566977.9098060207, 5951164.743787489]]}, "properties": {"highway": "footway", "osm_id": 1257132868, "tile_500": "NO_E566500_N5951000_500", "tile_250": "NO_E566750_N5951000_250", "LaneCount": 2, "DirectionMode": "two-way", "OSMWidthMeters": 2.0, "ScaledOSMWidthStuds": 7.142856, "GameplayMinimumStuds": 7.0, "FinalWidthStuds": 7.142856}}, {"type": "Feature", "geometry": {"type": "LineString", "coordinates": [[566863.0445360423, 5951156.340192822], [566910.2868255503, 5951164.9250986315]]}, "properties": {"highway": "footway", "osm_id": 1257132869, "tile_500": "NO_E566500_N5951000_500", "tile_250": "NO_E566750_N5951000_250", "LaneCount": 2, "DirectionMode": "two-way", "OSMWidthMeters": 2.0, "ScaledOSMWidthStuds": 7.142856, "GameplayMinimumStuds": 7.0, "FinalWidthStuds": 7.142856}}, {"type": "Feature", "geometry": {"type": "LineString", "coordinates": [[566863.293547784, 5951109.676108546], [566817.2224474093, 5951184.785174851]]}, "properties": {"highway": "footway", "surface": "paving_stones", "osm_id": 1257132871, "tile_500": "NO_E566500_N5951000_500", "tile_250": "NO_E566750_N5951000_250", "LaneCount": 2, "DirectionMode": "two-way", "OSMWidthMeters": 2.0, "ScaledOSMWidthStuds": 7.142856, "GameplayMinimumStuds": 7.0, "FinalWidthStuds": 7.142856}}, {"type": "Feature", "geometry": {"type": "LineString", "coordinates": [[566891.4385889983, 5951052.760852221], [566873.7884302402, 5951129.331717389]]}, "properties": {"highway": "footway", "osm_id": 1257132872, "tile_500": "NO_E566500_N5951000_500", "tile_250": "NO_E566750_N5951000_250", "LaneCount": 2, "DirectionMode": "two-way", "OSMWidthMeters": 2.0, "ScaledOSMWidthStuds": 7.142856, "GameplayMinimumStuds": 7.0, "FinalWidthStuds": 7.142856}}, {"type": "Feature", "geometry": {"type": "LineString", "coordinates": [[566873.7884302402, 5951129.331717389], [566925.1599391019, 5951138.665508012]]}, "properties": {"highway": "footway", "osm_id": 1257132873, "tile_500": "NO_E566500_N5951000_500", "tile_250": "NO_E566750_N5951000_250", "LaneCount": 2, "DirectionMode": "two-way", "OSMWidthMeters": 2.0, "ScaledOSMWidthStuds": 7.142856, "GameplayMinimumStuds": 7.0, "FinalWidthStuds": 7.142856}}, {"type": "Feature", "geometry": {"type": "LineString", "coordinates": [[566891.5121861438, 5951102.71207125], [566939.367437395, 5951111.40614182]]}, "properties": {"highway": "footway", "osm_id": 1257132874, "tile_500": "NO_E566500_N5951000_500", "tile_250": "NO_E566750_N5951000_250", "LaneCount": 2, "DirectionMode": "two-way", "OSMWidthMeters": 2.0, "ScaledOSMWidthStuds": 7.142856, "GameplayMinimumStuds": 7.0, "FinalWidthStuds": 7.142856}}, {"type": "Feature", "geometry": {"type": "LineString", "coordinates": [[566900.1323693299, 5951074.638544618], [566952.5120118391, 5951084.153904037]]}, "properties": {"highway": "footway", "osm_id": 1257132875, "tile_500": "NO_E566500_N5951000_500", "tile_250": "NO_E566750_N5951000_250", "LaneCount": 2, "DirectionMode": "two-way", "OSMWidthMeters": 2.0, "ScaledOSMWidthStuds": 7.142856, "GameplayMinimumStuds": 7.0, "FinalWidthStuds": 7.142856}}, {"type": "Feature", "geometry": {"type": "LineString", "coordinates": [[567002.2434712395, 5951108.958443046], [566945.1674435689, 5951099.616122241]]}, "properties": {"highway": "footway", "osm_id": 1257132876, "tile_500": "NO_E566500_N5951000_500", "tile_250": "NO_E566750_N5951000_250", "LaneCount": 2, "DirectionMode": "two-way", "OSMWidthMeters": 2.0, "ScaledOSMWidthStuds": 7.142856, "GameplayMinimumStuds": 7.0, "FinalWidthStuds": 7.142856}}, {"type": "Feature", "geometry": {"type": "LineString", "coordinates": [[565288.7342603775, 5950853.68834538], [565272.0000577387, 5950833.504569986]]}, "properties": {"highway": "service", "service": "parking_aisle", "osm_id": 1280125546, "tile_500": "NO_E565000_N5950500_500", "tile_250": "NO_E565250_N5950750_250", "LaneCount": 2, "DirectionMode": "two-way", "OSMWidthMeters": 4.0, "ScaledOSMWidthStuds": 14.285712, "GameplayMinimumStuds": 28.0, "FinalWidthStuds": 28.0}}, {"type": "Feature", "geometry": {"type": "LineString", "coordinates": [[565479.7246365848, 5950739.91488951], [565509.1066246835, 5950747.513101593]]}, "properties": {"highway": "footway", "surface": "paving_stones", "osm_id": 1280125551, "tile_500": "NO_E565000_N5950500_500", "tile_250": "NO_E565250_N5950500_250", "LaneCount": 2, "DirectionMode": "two-way", "OSMWidthMeters": 2.0, "ScaledOSMWidthStuds": 7.142856, "GameplayMinimumStuds": 7.0, "FinalWidthStuds": 7.142856}}, {"type": "Feature", "geometry": {"type": "LineString", "coordinates": [[565499.3979971468, 5950698.495969557], [565466.8259569337, 5950762.879419272], [565446.9675367504, 5950765.528866933]]}, "properties": {"highway": "footway", "surface": "paving_stones", "osm_id": 1280125552, "tile_500": "NO_E565000_N5950500_500", "tile_250": "NO_E565250_N5950500_250", "LaneCount": 2, "DirectionMode": "two-way", "OSMWidthMeters": 2.0, "ScaledOSMWidthStuds": 7.142856, "GameplayMinimumStuds": 7.0, "FinalWidthStuds": 7.142856}}, {"type": "Feature", "geometry": {"type": "LineString", "coordinates": [[565471.564857797, 5950674.985343738], [565496.3693455219, 5950683.209490607]]}, "properties": {"highway": "footway", "surface": "paving_stones", "osm_id": 1280125553, "tile_500": "NO_E565000_N5950500_500", "tile_250": "NO_E565250_N5950500_250", "LaneCount": 2, "DirectionMode": "two-way", "OSMWidthMeters": 2.0, "ScaledOSMWidthStuds": 7.142856, "GameplayMinimumStuds": 7.0, "FinalWidthStuds": 7.142856}}, {"type": "Feature", "geometry": {"type": "LineString", "coordinates": [[565487.7681697012, 5950641.874461185], [565457.7556383702, 5950702.154388605], [565435.8530571212, 5950709.326383101]]}, "properties": {"highway": "footway", "surface": "paving_stones", "osm_id": 1280125554, "tile_500": "NO_E565000_N5950500_500", "tile_250": "NO_E565250_N5950500_250", "LaneCount": 2, "DirectionMode": "two-way", "OSMWidthMeters": 2.0, "ScaledOSMWidthStuds": 7.142856, "GameplayMinimumStuds": 7.0, "FinalWidthStuds": 7.142856}}, {"type": "Feature", "geometry": {"type": "LineString", "coordinates": [[566417.6658869657, 5951204.615956086], [566416.0495544273, 5951127.103153936]]}, "properties": {"highway": "footway", "osm_id": 1280125562, "tile_500": "NO_E566000_N5951000_500", "tile_250": "NO_E566250_N5951000_250", "LaneCount": 2, "DirectionMode": "two-way", "OSMWidthMeters": 2.0, "ScaledOSMWidthStuds": 7.142856, "GameplayMinimumStuds": 7.0, "FinalWidthStuds": 7.142856}}, {"type": "Feature", "geometry": {"type": "LineString", "coordinates": [[566335.3436254399, 5951213.933218363], [566335.7409688726, 5951135.859198599]]}, "properties": {"highway": "footway", "surface": "paving_stones", "osm_id": 1280125563, "tile_500": "NO_E566000_N5951000_500", "tile_250": "NO_E566250_N5951000_250", "LaneCount": 2, "DirectionMode": "two-way", "OSMWidthMeters": 2.0, "ScaledOSMWidthStuds": 7.142856, "GameplayMinimumStuds": 7.0, "FinalWidthStuds": 7.142856}}, {"type": "Feature", "geometry": {"type": "LineString", "coordinates": [[566379.5618169615, 5951041.47478859], [566384.7198134491, 5950976.030744255]]}, "properties": {"highway": "footway", "lit": "no", "surface": "paving_stones", "osm_id": 1280125567, "tile_500": "NO_E566000_N5951000_500", "tile_250": "NO_E566250_N5951000_250", "LaneCount": 2, "DirectionMode": "two-way", "OSMWidthMeters": 2.0, "ScaledOSMWidthStuds": 7.142856, "GameplayMinimumStuds": 7.0, "FinalWidthStuds": 7.142856}}, {"type": "Feature", "geometry": {"type": "LineString", "coordinates": [[566420.857137983, 5950972.636473335], [566415.4488089767, 5951041.270455372]]}, "properties": {"highway": "footway", "lit": "no", "surface": "paving_stones", "osm_id": 1280125568, "tile_500": "NO_E566000_N5951000_500", "tile_250": "NO_E566250_N5951000_250", "LaneCount": 2, "DirectionMode": "two-way", "OSMWidthMeters": 2.0, "ScaledOSMWidthStuds": 7.142856, "GameplayMinimumStuds": 7.0, "FinalWidthStuds": 7.142856}}, {"type": "Feature", "geometry": {"type": "LineString", "coordinates": [[566770.0769797945, 5950896.107932792], [566760.0632993296, 5950941.876402627], [566747.4444125155, 5950949.864275947]]}, "properties": {"highway": "footway", "osm_id": 1280125574, "tile_500": "NO_E566500_N5950500_500", "tile_250": "NO_E566750_N5950750_250", "LaneCount": 2, "DirectionMode": "two-way", "OSMWidthMeters": 2.0, "ScaledOSMWidthStuds": 7.142856, "GameplayMinimumStuds": 7.0, "FinalWidthStuds": 7.142856}}, {"type": "Feature", "geometry": {"type": "LineString", "coordinates": [[566800.9482067145, 5950920.415206981], [566792.6184393391, 5950977.279181285]]}, "properties": {"highway": "footway", "osm_id": 1280125575, "tile_500": "NO_E566500_N5950500_500", "tile_250": "NO_E566750_N5950750_250", "LaneCount": 2, "DirectionMode": "two-way", "OSMWidthMeters": 2.0, "ScaledOSMWidthStuds": 7.142856, "GameplayMinimumStuds": 7.0, "FinalWidthStuds": 7.142856}}, {"type": "Feature", "geometry": {"type": "LineString", "coordinates": [[565676.0031108087, 5951371.265207082], [565672.1761562028, 5951362.621456007]]}, "properties": {"cycleway:both": "track", "highway": "residential", "lanes": "2", "lit": "yes", "maxspeed": "30", "name": "Heidbergstra\u00dfe", "sidewalk:both": "separate", "surface": "asphalt", "osm_id": 1292582877, "tile_500": "NO_E565500_N5951000_500", "tile_250": "NO_E565500_N5951250_250", "LaneCount": 2, "DirectionMode": "two-way", "OSMWidthMeters": 6.0, "ScaledOSMWidthStuds": 21.428568, "GameplayMinimumStuds": 28.0, "FinalWidthStuds": 28.0}}, {"type": "Feature", "geometry": {"type": "LineString", "coordinates": [[565685.7336495311, 5951387.346675359], [565717.3461157337, 5951456.444081537]]}, "properties": {"highway": "residential", "maxspeed": "30", "maxspeed:type": "DE:zone30", "name": "Rathausallee", "oneway": "yes", "sidewalk": "right", "surface": "asphalt", "osm_id": 1292582880, "tile_500": "NO_E565500_N5951000_500", "tile_250": "NO_E565500_N5951250_250", "LaneCount": 1, "DirectionMode": "one-way", "OSMWidthMeters": 6.0, "ScaledOSMWidthStuds": 21.428568, "GameplayMinimumStuds": 14.0, "FinalWidthStuds": 21.428568}}, {"type": "Feature", "geometry": {"type": "LineString", "coordinates": [[566546.7834003823, 5951126.974809851], [566546.2106454538, 5951110.565163777]]}, "properties": {"highway": "path", "surface": "paving_stones", "osm_id": 1293631170, "tile_500": "NO_E566500_N5951000_500", "tile_250": "NO_E566500_N5951000_250", "LaneCount": 2, "DirectionMode": "two-way", "OSMWidthMeters": 1.5, "ScaledOSMWidthStuds": 5.357142, "GameplayMinimumStuds": 6.0, "FinalWidthStuds": 6.0}}, {"type": "Feature", "geometry": {"type": "LineString", "coordinates": [[566525.4733874481, 5951130.544903235], [566294.7328411182, 5951140.164470431]]}, "properties": {"bicycle": "designated", "cycleway:surface": "paving_stones", "foot": "designated", "footway:surface": "paving_stones", "highway": "path", "lit": "yes", "segregated": "yes", "surface": "paving_stones", "osm_id": 1293631171, "tile_500": "NO_E566000_N5951000_500", "tile_250": "NO_E566250_N5951000_250", "LaneCount": 2, "DirectionMode": "two-way", "OSMWidthMeters": 1.5, "ScaledOSMWidthStuds": 5.357142, "GameplayMinimumStuds": 6.0, "FinalWidthStuds": 6.0}}, {"type": "Feature", "geometry": {"type": "LineString", "coordinates": [[566542.823587509, 5951130.123291324], [566525.4733874481, 5951130.544903235]]}, "properties": {"bicycle": "designated", "cycleway:surface": "asphalt", "foot": "designated", "footway:surface": "asphalt", "highway": "path", "lit": "yes", "segregated": "yes", "surface": "asphalt", "osm_id": 1293631172, "tile_500": "NO_E566500_N5951000_500", "tile_250": "NO_E566500_N5951000_250", "LaneCount": 2, "DirectionMode": "two-way", "OSMWidthMeters": 1.5, "ScaledOSMWidthStuds": 5.357142, "GameplayMinimumStuds": 6.0, "FinalWidthStuds": 6.0}}, {"type": "Feature", "geometry": {"type": "LineString", "coordinates": [[566482.6658734516, 5951128.558403339], [566481.6530122027, 5951111.5082828915]]}, "properties": {"highway": "path", "surface": "asphalt", "osm_id": 1293631173, "tile_500": "NO_E566000_N5951000_500", "tile_250": "NO_E566250_N5951000_250", "LaneCount": 2, "DirectionMode": "two-way", "OSMWidthMeters": 1.5, "ScaledOSMWidthStuds": 5.357142, "GameplayMinimumStuds": 6.0, "FinalWidthStuds": 6.0}}, {"type": "Feature", "geometry": {"type": "LineString", "coordinates": [[566016.7054525919, 5951200.203638485], [566019.8207012374, 5951210.59576178]]}, "properties": {"bicycle": "designated", "foot": "designated", "highway": "path", "surface": "asphalt", "osm_id": 1293631174, "tile_500": "NO_E566000_N5951000_500", "tile_250": "NO_E566000_N5951000_250", "LaneCount": 2, "DirectionMode": "two-way", "OSMWidthMeters": 1.5, "ScaledOSMWidthStuds": 5.357142, "GameplayMinimumStuds": 6.0, "FinalWidthStuds": 6.0}}, {"type": "Feature", "geometry": {"type": "LineString", "coordinates": [[566019.8207012374, 5951210.59576178], [565886.692378886, 5951267.197845356]]}, "properties": {"bicycle": "designated", "check_date:surface": "2024-06-16", "cycleway:surface": "paving_stones", "foot": "designated", "footway:surface": "paving_stones", "highway": "path", "lit": "yes", "segregated": "yes", "surface": "paving_stones", "osm_id": 1293631175, "tile_500": "NO_E565500_N5951000_500", "tile_250": "NO_E565750_N5951000_250", "LaneCount": 2, "DirectionMode": "two-way", "OSMWidthMeters": 1.5, "ScaledOSMWidthStuds": 5.357142, "GameplayMinimumStuds": 6.0, "FinalWidthStuds": 6.0}}, {"type": "Feature", "geometry": {"type": "LineString", "coordinates": [[566911.4364289775, 5951308.85010632], [566914.8427982971, 5951402.378660409], [566905.7457498709, 5951463.459898548]]}, "properties": {"highway": "path", "osm_id": 1293633337, "tile_500": "NO_E566500_N5951000_500", "tile_250": "NO_E566750_N5951250_250", "LaneCount": 2, "DirectionMode": "two-way", "OSMWidthMeters": 1.5, "ScaledOSMWidthStuds": 5.357142, "GameplayMinimumStuds": 6.0, "FinalWidthStuds": 6.0}}, {"type": "Feature", "geometry": {"type": "LineString", "coordinates": [[566733.8885940576, 5951505.0983916065], [566737.7605863991, 5951517.393429665]]}, "properties": {"bicycle": "yes", "foot": "yes", "highway": "path", "surface": "asphalt", "osm_id": 1293633339, "tile_500": "NO_E566500_N5951500_500", "tile_250": "NO_E566500_N5951500_250", "LaneCount": 2, "DirectionMode": "two-way", "OSMWidthMeters": 1.5, "ScaledOSMWidthStuds": 5.357142, "GameplayMinimumStuds": 6.0, "FinalWidthStuds": 6.0}}, {"type": "Feature", "geometry": {"type": "LineString", "coordinates": [[565495.4457722787, 5952009.744517519], [565476.3895949039, 5952009.678775209]]}, "properties": {"highway": "service", "service": "parking_aisle", "osm_id": 1311297661, "tile_500": "NO_E565000_N5952000_500", "tile_250": "NO_E565250_N5952000_250", "LaneCount": 2, "DirectionMode": "two-way", "OSMWidthMeters": 4.0, "ScaledOSMWidthStuds": 14.285712, "GameplayMinimumStuds": 28.0, "FinalWidthStuds": 28.0}}, {"type": "Feature", "geometry": {"type": "LineString", "coordinates": [[565493.9926505208, 5951993.73446789], [565497.1735711474, 5952028.773870014]]}, "properties": {"highway": "service", "surface": "paving_stones", "osm_id": 1311297662, "tile_500": "NO_E565000_N5952000_500", "tile_250": "NO_E565250_N5952000_250", "LaneCount": 2, "DirectionMode": "two-way", "OSMWidthMeters": 4.0, "ScaledOSMWidthStuds": 14.285712, "GameplayMinimumStuds": 28.0, "FinalWidthStuds": 28.0}}, {"type": "Feature", "geometry": {"type": "LineString", "coordinates": [[565572.9990174398, 5951711.896198994], [565571.2230464518, 5951715.687998649]]}, "properties": {"highway": "footway", "surface": "compacted", "osm_id": 1311297901, "tile_500": "NO_E565500_N5951500_500", "tile_250": "NO_E565500_N5951500_250", "LaneCount": 2, "DirectionMode": "two-way", "OSMWidthMeters": 2.0, "ScaledOSMWidthStuds": 7.142856, "GameplayMinimumStuds": 7.0, "FinalWidthStuds": 7.142856}}, {"type": "Feature", "geometry": {"type": "LineString", "coordinates": [[565570.6105307061, 5951717.003571965], [565569.446922746, 5951719.490923981]]}, "properties": {"highway": "footway", "surface": "paving_stones", "osm_id": 1311297902, "tile_500": "NO_E565500_N5951500_500", "tile_250": "NO_E565500_N5951500_250", "LaneCount": 2, "DirectionMode": "two-way", "OSMWidthMeters": 2.0, "ScaledOSMWidthStuds": 7.142856, "GameplayMinimumStuds": 7.0, "FinalWidthStuds": 7.142856}}, {"type": "Feature", "geometry": {"type": "LineString", "coordinates": [[565571.2230464518, 5951715.687998649], [565570.6105307061, 5951717.003571965]]}, "properties": {"handrail": "yes", "highway": "steps", "incline": "up", "ramp": "no", "step_count": "3", "surface": "paving_stones", "tactile_paving": "no", "osm_id": 1311297903, "tile_500": "NO_E565500_N5951500_500", "tile_250": "NO_E565500_N5951500_250", "LaneCount": 2, "DirectionMode": "two-way", "OSMWidthMeters": 2.0, "ScaledOSMWidthStuds": 7.142856, "GameplayMinimumStuds": 28.0, "FinalWidthStuds": 28.0}}, {"type": "Feature", "geometry": {"type": "LineString", "coordinates": [[565492.3161048455, 5950817.034914243], [565513.1882981092, 5950803.23927147]]}, "properties": {"highway": "living_street", "lit": "yes", "name": "R\u00fcsternweg", "surface": "asphalt", "osm_id": 1311935382, "tile_500": "NO_E565500_N5950500_500", "tile_250": "NO_E565500_N5950750_250", "LaneCount": 2, "DirectionMode": "two-way", "OSMWidthMeters": 5.0, "ScaledOSMWidthStuds": 17.85714, "GameplayMinimumStuds": 28.0, "FinalWidthStuds": 28.0}}, {"type": "Feature", "geometry": {"type": "LineString", "coordinates": [[565513.1882981092, 5950803.23927147], [565522.1231991147, 5950796.988153019], [565528.2080671162, 5950804.283518734], [565520.5943060204, 5950811.910585337], [565513.1882981092, 5950803.23927147]]}, "properties": {"highway": "living_street", "lit": "yes", "name": "R\u00fcsternweg", "surface": "asphalt", "osm_id": 1311935382, "tile_500": "NO_E565500_N5950500_500", "tile_250": "NO_E565500_N5950750_250", "LaneCount": 2, "DirectionMode": "two-way", "OSMWidthMeters": 5.0, "ScaledOSMWidthStuds": 17.85714, "GameplayMinimumStuds": 28.0, "FinalWidthStuds": 28.0}}, {"type": "Feature", "geometry": {"type": "LineString", "coordinates": [[565645.8008713732, 5950889.3363072155], [565580.3435140791, 5950894.485365994]]}, "properties": {"highway": "service", "surface": "paving_stones", "osm_id": 1318470619, "tile_500": "NO_E565500_N5950500_500", "tile_250": "NO_E565500_N5950750_250", "LaneCount": 2, "DirectionMode": "two-way", "OSMWidthMeters": 4.0, "ScaledOSMWidthStuds": 14.285712, "GameplayMinimumStuds": 28.0, "FinalWidthStuds": 28.0}}, {"type": "Feature", "geometry": {"type": "LineString", "coordinates": [[566253.6541609827, 5951072.320303587], [566162.9721587286, 5951094.229863051]]}, "properties": {"highway": "footway", "osm_id": 1319809769, "tile_500": "NO_E566000_N5951000_500", "tile_250": "NO_E566000_N5951000_250", "LaneCount": 2, "DirectionMode": "two-way", "OSMWidthMeters": 2.0, "ScaledOSMWidthStuds": 7.142856, "GameplayMinimumStuds": 7.0, "FinalWidthStuds": 7.142856}}, {"type": "Feature", "geometry": {"type": "LineString", "coordinates": [[565725.5653202065, 5951811.739041551], [565757.0728259742, 5951827.313566779]]}, "properties": {"highway": "living_street", "osm_id": 1320407931, "tile_500": "NO_E565500_N5951500_500", "tile_250": "NO_E565500_N5951750_250", "LaneCount": 2, "DirectionMode": "two-way", "OSMWidthMeters": 5.0, "ScaledOSMWidthStuds": 17.85714, "GameplayMinimumStuds": 28.0, "FinalWidthStuds": 28.0}}, {"type": "Feature", "geometry": {"type": "LineString", "coordinates": [[565904.7553908176, 5951685.489074866], [565894.7093416399, 5951632.749698843]]}, "properties": {"highway": "living_street", "osm_id": 1320429617, "tile_500": "NO_E565500_N5951500_500", "tile_250": "NO_E565750_N5951500_250", "LaneCount": 2, "DirectionMode": "two-way", "OSMWidthMeters": 5.0, "ScaledOSMWidthStuds": 17.85714, "GameplayMinimumStuds": 28.0, "FinalWidthStuds": 28.0}}, {"type": "Feature", "geometry": {"type": "LineString", "coordinates": [[565785.5079242243, 5951885.440122431], [565783.9474416052, 5951852.203563155], [565805.54328956, 5951836.9172549965]]}, "properties": {"highway": "living_street", "osm_id": 1320432756, "tile_500": "NO_E565500_N5951500_500", "tile_250": "NO_E565750_N5951750_250", "LaneCount": 2, "DirectionMode": "two-way", "OSMWidthMeters": 5.0, "ScaledOSMWidthStuds": 17.85714, "GameplayMinimumStuds": 28.0, "FinalWidthStuds": 28.0}}, {"type": "Feature", "geometry": {"type": "LineString", "coordinates": [[565835.5577647111, 5951810.210280893], [565909.0089348664, 5951801.861440121], [565929.8654283348, 5951762.1967351595], [565953.6046293743, 5951757.923761722]]}, "properties": {"highway": "path", "osm_id": 1320432758, "tile_500": "NO_E565500_N5951500_500", "tile_250": "NO_E565750_N5951750_250", "LaneCount": 2, "DirectionMode": "two-way", "OSMWidthMeters": 1.5, "ScaledOSMWidthStuds": 5.357142, "GameplayMinimumStuds": 6.0, "FinalWidthStuds": 6.0}}, {"type": "Feature", "geometry": {"type": "LineString", "coordinates": [[565909.0089348664, 5951801.861440121], [565938.8304980466, 5951836.841604689], [565962.5077662304, 5951835.538776439]]}, "properties": {"highway": "path", "osm_id": 1320432759, "tile_500": "NO_E565500_N5951500_500", "tile_250": "NO_E565750_N5951750_250", "LaneCount": 2, "DirectionMode": "two-way", "OSMWidthMeters": 1.5, "ScaledOSMWidthStuds": 5.357142, "GameplayMinimumStuds": 6.0, "FinalWidthStuds": 6.0}}, {"type": "Feature", "geometry": {"type": "LineString", "coordinates": [[565916.0743522607, 5951892.858816431], [565937.8431074922, 5951869.986788369], [565938.8304980466, 5951836.841604689]]}, "properties": {"highway": "path", "osm_id": 1320432760, "tile_500": "NO_E565500_N5951500_500", "tile_250": "NO_E565750_N5951750_250", "LaneCount": 2, "DirectionMode": "two-way", "OSMWidthMeters": 1.5, "ScaledOSMWidthStuds": 5.357142, "GameplayMinimumStuds": 6.0, "FinalWidthStuds": 6.0}}, {"type": "Feature", "geometry": {"type": "LineString", "coordinates": [[565929.8654283348, 5951762.1967351595], [565928.7237709842, 5951742.441037903]]}, "properties": {"highway": "path", "osm_id": 1320432761, "tile_500": "NO_E565500_N5951500_500", "tile_250": "NO_E565750_N5951750_250", "LaneCount": 2, "DirectionMode": "two-way", "OSMWidthMeters": 1.5, "ScaledOSMWidthStuds": 5.357142, "GameplayMinimumStuds": 6.0, "FinalWidthStuds": 6.0}}, {"type": "Feature", "geometry": {"type": "LineString", "coordinates": [[565858.8855889963, 5951886.937063398], [565856.3904644107, 5951790.062032189], [565870.954650976, 5951763.616874076]]}, "properties": {"highway": "path", "osm_id": 1320432762, "tile_500": "NO_E565500_N5951500_500", "tile_250": "NO_E565750_N5951750_250", "LaneCount": 2, "DirectionMode": "two-way", "OSMWidthMeters": 1.5, "ScaledOSMWidthStuds": 5.357142, "GameplayMinimumStuds": 6.0, "FinalWidthStuds": 6.0}}, {"type": "Feature", "geometry": {"type": "LineString", "coordinates": [[565933.3239341408, 5951552.275106078], [565973.2508962315, 5951549.45372703]]}, "properties": {"highway": "footway", "osm_id": 1320472921, "tile_500": "NO_E565500_N5951500_500", "tile_250": "NO_E565750_N5951500_250", "LaneCount": 2, "DirectionMode": "two-way", "OSMWidthMeters": 2.0, "ScaledOSMWidthStuds": 7.142856, "GameplayMinimumStuds": 7.0, "FinalWidthStuds": 7.142856}}, {"type": "Feature", "geometry": {"type": "LineString", "coordinates": [[565970.2783558429, 5951657.089836734], [565967.4356241422, 5951636.253126167], [565993.4437489092, 5951602.13571081], [565995.1543537565, 5951538.723605645]]}, "properties": {"highway": "footway", "osm_id": 1320472923, "tile_500": "NO_E565500_N5951500_500", "tile_250": "NO_E565750_N5951500_250", "LaneCount": 2, "DirectionMode": "two-way", "OSMWidthMeters": 2.0, "ScaledOSMWidthStuds": 7.142856, "GameplayMinimumStuds": 7.0, "FinalWidthStuds": 7.142856}}, {"type": "Feature", "geometry": {"type": "LineString", "coordinates": [[565997.19506437, 5951553.685014444], [566043.1049700617, 5951547.454455001]]}, "properties": {"highway": "footway", "osm_id": 1320472924, "tile_500": "NO_E566000_N5951500_500", "tile_250": "NO_E566000_N5951500_250", "LaneCount": 2, "DirectionMode": "two-way", "OSMWidthMeters": 2.0, "ScaledOSMWidthStuds": 7.142856, "GameplayMinimumStuds": 7.0, "FinalWidthStuds": 7.142856}}, {"type": "Feature", "geometry": {"type": "LineString", "coordinates": [[565995.1543537565, 5951538.723605645], [566041.064401933, 5951532.493025292]]}, "properties": {"highway": "footway", "osm_id": 1320472925, "tile_500": "NO_E566000_N5951500_500", "tile_250": "NO_E566000_N5951500_250", "LaneCount": 2, "DirectionMode": "two-way", "OSMWidthMeters": 2.0, "ScaledOSMWidthStuds": 7.142856, "GameplayMinimumStuds": 7.0, "FinalWidthStuds": 7.142856}}, {"type": "Feature", "geometry": {"type": "LineString", "coordinates": [[566009.1072380029, 5951569.441809476], [566045.6309723844, 5951559.351612062]]}, "properties": {"highway": "footway", "osm_id": 1320472926, "tile_500": "NO_E566000_N5951500_500", "tile_250": "NO_E566000_N5951500_250", "LaneCount": 2, "DirectionMode": "two-way", "OSMWidthMeters": 2.0, "ScaledOSMWidthStuds": 7.142856, "GameplayMinimumStuds": 7.0, "FinalWidthStuds": 7.142856}}, {"type": "Feature", "geometry": {"type": "LineString", "coordinates": [[565861.9631778203, 5952105.451732106], [565918.2626128164, 5952105.419156487]]}, "properties": {"access": "no", "highway": "service", "service": "driveway", "osm_id": 1321769224, "tile_500": "NO_E565500_N5952000_500", "tile_250": "NO_E565750_N5952000_250", "LaneCount": 2, "DirectionMode": "two-way", "OSMWidthMeters": 4.0, "ScaledOSMWidthStuds": 14.285712, "GameplayMinimumStuds": 28.0, "FinalWidthStuds": 28.0}}, {"type": "Feature", "geometry": {"type": "LineString", "coordinates": [[565520.5943060204, 5950811.910585337], [565507.4662959751, 5950813.463143958]]}, "properties": {"highway": "living_street", "osm_id": 1322066657, "tile_500": "NO_E565500_N5950500_500", "tile_250": "NO_E565500_N5950750_250", "LaneCount": 2, "DirectionMode": "two-way", "OSMWidthMeters": 5.0, "ScaledOSMWidthStuds": 17.85714, "GameplayMinimumStuds": 28.0, "FinalWidthStuds": 28.0}}, {"type": "Feature", "geometry": {"type": "LineString", "coordinates": [[565455.115702116, 5951386.471498651], [565453.5595687134, 5951392.013374039]]}, "properties": {"highway": "service", "surface": "paving_stones", "osm_id": 1324604086, "tile_500": "NO_E565000_N5951000_500", "tile_250": "NO_E565250_N5951250_250", "LaneCount": 2, "DirectionMode": "two-way", "OSMWidthMeters": 4.0, "ScaledOSMWidthStuds": 14.285712, "GameplayMinimumStuds": 28.0, "FinalWidthStuds": 28.0}}, {"type": "Feature", "geometry": {"type": "LineString", "coordinates": [[565467.0204200214, 5951263.815905212], [565445.6199212932, 5951229.0231380705]]}, "properties": {"highway": "service", "osm_id": 1324604087, "tile_500": "NO_E565000_N5951000_500", "tile_250": "NO_E565250_N5951000_250", "LaneCount": 2, "DirectionMode": "two-way", "OSMWidthMeters": 4.0, "ScaledOSMWidthStuds": 14.285712, "GameplayMinimumStuds": 28.0, "FinalWidthStuds": 28.0}}, {"type": "Feature", "geometry": {"type": "LineString", "coordinates": [[565452.0047317022, 5951239.393701086], [565457.0232560167, 5951236.960097761]]}, "properties": {"highway": "footway", "osm_id": 1324604088, "tile_500": "NO_E565000_N5951000_500", "tile_250": "NO_E565250_N5951000_250", "LaneCount": 2, "DirectionMode": "two-way", "OSMWidthMeters": 2.0, "ScaledOSMWidthStuds": 7.142856, "GameplayMinimumStuds": 7.0, "FinalWidthStuds": 7.142856}}, {"type": "Feature", "geometry": {"type": "LineString", "coordinates": [[565294.339423143, 5951369.45439988], [565287.8264001699, 5951338.396877816]]}, "properties": {"highway": "service", "service": "parking_aisle", "surface": "paving_stones", "osm_id": 1327172107, "tile_500": "NO_E565000_N5951000_500", "tile_250": "NO_E565250_N5951250_250", "LaneCount": 2, "DirectionMode": "two-way", "OSMWidthMeters": 4.0, "ScaledOSMWidthStuds": 14.285712, "GameplayMinimumStuds": 28.0, "FinalWidthStuds": 28.0}}, {"type": "Feature", "geometry": {"type": "LineString", "coordinates": [[565660.1140958339, 5950965.390491446], [565580.2179033578, 5950974.810635295]]}, "properties": {"highway": "service", "osm_id": 1330353943, "tile_500": "NO_E565500_N5950500_500", "tile_250": "NO_E565500_N5950750_250", "LaneCount": 2, "DirectionMode": "two-way", "OSMWidthMeters": 4.0, "ScaledOSMWidthStuds": 14.285712, "GameplayMinimumStuds": 28.0, "FinalWidthStuds": 28.0}}, {"type": "Feature", "geometry": {"type": "LineString", "coordinates": [[565580.2179033578, 5950974.810635295], [565554.1013124606, 5950976.5042353105]]}, "properties": {"highway": "footway", "surface": "paving_stones", "width": "3", "osm_id": 1330353944, "tile_500": "NO_E565500_N5950500_500", "tile_250": "NO_E565500_N5950750_250", "LaneCount": 2, "DirectionMode": "two-way", "OSMWidthMeters": 3.0, "ScaledOSMWidthStuds": 10.714284, "GameplayMinimumStuds": 7.0, "FinalWidthStuds": 10.714284}}, {"type": "Feature", "geometry": {"type": "LineString", "coordinates": [[565580.3435140791, 5950894.485365994], [565557.3961815364, 5950896.145359609]]}, "properties": {"highway": "footway", "surface": "paving_stones", "osm_id": 1332852109, "tile_500": "NO_E565500_N5950500_500", "tile_250": "NO_E565500_N5950750_250", "LaneCount": 2, "DirectionMode": "two-way", "OSMWidthMeters": 2.0, "ScaledOSMWidthStuds": 7.142856, "GameplayMinimumStuds": 7.0, "FinalWidthStuds": 7.142856}}, {"type": "Feature", "geometry": {"type": "LineString", "coordinates": [[565639.9137644693, 5950817.416948201], [565577.2733953474, 5950825.498537861]]}, "properties": {"highway": "service", "osm_id": 1343000969, "tile_500": "NO_E565500_N5950500_500", "tile_250": "NO_E565500_N5950750_250", "LaneCount": 2, "DirectionMode": "two-way", "OSMWidthMeters": 4.0, "ScaledOSMWidthStuds": 14.285712, "GameplayMinimumStuds": 28.0, "FinalWidthStuds": 28.0}}, {"type": "Feature", "geometry": {"type": "LineString", "coordinates": [[565577.2733953474, 5950825.498537861], [565560.1825433068, 5950828.086034058]]}, "properties": {"highway": "footway", "osm_id": 1343000970, "tile_500": "NO_E565500_N5950500_500", "tile_250": "NO_E565500_N5950750_250", "LaneCount": 2, "DirectionMode": "two-way", "OSMWidthMeters": 2.0, "ScaledOSMWidthStuds": 7.142856, "GameplayMinimumStuds": 7.0, "FinalWidthStuds": 7.142856}}, {"type": "Feature", "geometry": {"type": "LineString", "coordinates": [[565605.4080949997, 5950822.1419331245], [565615.9156643114, 5950971.1592391115]]}, "properties": {"highway": "footway", "osm_id": 1343001154, "tile_500": "NO_E565500_N5950500_500", "tile_250": "NO_E565500_N5950750_250", "LaneCount": 2, "DirectionMode": "two-way", "OSMWidthMeters": 2.0, "ScaledOSMWidthStuds": 7.142856, "GameplayMinimumStuds": 7.0, "FinalWidthStuds": 7.142856}}, {"type": "Feature", "geometry": {"type": "LineString", "coordinates": [[565596.69805578, 5951782.718217944], [565571.6024711751, 5951765.053479215]]}, "properties": {"highway": "path", "osm_id": 1346855567, "tile_500": "NO_E565500_N5951500_500", "tile_250": "NO_E565500_N5951750_250", "LaneCount": 2, "DirectionMode": "two-way", "OSMWidthMeters": 1.5, "ScaledOSMWidthStuds": 5.357142, "GameplayMinimumStuds": 6.0, "FinalWidthStuds": 6.0}}, {"type": "Feature", "geometry": {"type": "LineString", "coordinates": [[565601.1974902621, 5951792.350513622], [565596.69805578, 5951782.718217944]]}, "properties": {"highway": "steps", "osm_id": 1346855568, "tile_500": "NO_E565500_N5951500_500", "tile_250": "NO_E565500_N5951750_250", "LaneCount": 2, "DirectionMode": "two-way", "OSMWidthMeters": 2.0, "ScaledOSMWidthStuds": 7.142856, "GameplayMinimumStuds": 28.0, "FinalWidthStuds": 28.0}}, {"type": "Feature", "geometry": {"type": "LineString", "coordinates": [[565604.7819692061, 5951802.737794341], [565601.1974902621, 5951792.350513622]]}, "properties": {"highway": "path", "osm_id": 1346855569, "tile_500": "NO_E565500_N5951500_500", "tile_250": "NO_E565500_N5951750_250", "LaneCount": 2, "DirectionMode": "two-way", "OSMWidthMeters": 1.5, "ScaledOSMWidthStuds": 5.357142, "GameplayMinimumStuds": 6.0, "FinalWidthStuds": 6.0}}, {"type": "Feature", "geometry": {"type": "LineString", "coordinates": [[566329.0963527287, 5951939.6732897], [566391.0215556838, 5951935.019076615]]}, "properties": {"highway": "service", "service": "driveway", "osm_id": 1347202506, "tile_500": "NO_E566000_N5951500_500", "tile_250": "NO_E566250_N5951750_250", "LaneCount": 2, "DirectionMode": "two-way", "OSMWidthMeters": 4.0, "ScaledOSMWidthStuds": 14.285712, "GameplayMinimumStuds": 28.0, "FinalWidthStuds": 28.0}}, {"type": "Feature", "geometry": {"type": "LineString", "coordinates": [[566292.7446117355, 5951670.548345406], [566344.6714595446, 5951666.864894505]]}, "properties": {"bicycle": "yes", "highway": "footway", "lit": "yes", "osm_id": 1347460874, "tile_500": "NO_E566000_N5951500_500", "tile_250": "NO_E566250_N5951500_250", "LaneCount": 2, "DirectionMode": "two-way", "OSMWidthMeters": 2.0, "ScaledOSMWidthStuds": 7.142856, "GameplayMinimumStuds": 7.0, "FinalWidthStuds": 7.142856}}, {"type": "Feature", "geometry": {"type": "LineString", "coordinates": [[566379.6719454699, 5951665.056661893], [566426.7975924892, 5951661.517603035]]}, "properties": {"bicycle": "yes", "highway": "footway", "lit": "yes", "osm_id": 1347460875, "tile_500": "NO_E566000_N5951500_500", "tile_250": "NO_E566250_N5951500_250", "LaneCount": 2, "DirectionMode": "two-way", "OSMWidthMeters": 2.0, "ScaledOSMWidthStuds": 7.142856, "GameplayMinimumStuds": 7.0, "FinalWidthStuds": 7.142856}}, {"type": "Feature", "geometry": {"type": "LineString", "coordinates": [[566318.6651886887, 5952057.429874722], [566302.8759463942, 5952060.211021694]]}, "properties": {"access": "private", "foot": "yes", "highway": "footway", "lit": "yes", "osm_id": 1347837201, "tile_500": "NO_E566000_N5952000_500", "tile_250": "NO_E566250_N5952000_250", "LaneCount": 2, "DirectionMode": "two-way", "OSMWidthMeters": 2.0, "ScaledOSMWidthStuds": 7.142856, "GameplayMinimumStuds": 7.0, "FinalWidthStuds": 7.142856}}, {"type": "Feature", "geometry": {"type": "LineString", "coordinates": [[566298.4066417159, 5952035.02257933], [566278.5938830106, 5952038.514722169]]}, "properties": {"access": "private", "foot": "yes", "highway": "footway", "lit": "yes", "osm_id": 1347837204, "tile_500": "NO_E566000_N5952000_500", "tile_250": "NO_E566250_N5952000_250", "LaneCount": 2, "DirectionMode": "two-way", "OSMWidthMeters": 2.0, "ScaledOSMWidthStuds": 7.142856, "GameplayMinimumStuds": 7.0, "FinalWidthStuds": 7.142856}}, {"type": "Feature", "geometry": {"type": "LineString", "coordinates": [[566543.6529151006, 5952100.251394423], [566542.3284193827, 5952095.436765583]]}, "properties": {"access": "private", "description": "private way", "foot": "permissive", "highway": "footway", "lit": "yes", "tunnel": "building_passage", "osm_id": 1347937037, "tile_500": "NO_E566500_N5952000_500", "tile_250": "NO_E566500_N5952000_250", "LaneCount": 2, "DirectionMode": "two-way", "OSMWidthMeters": 2.0, "ScaledOSMWidthStuds": 7.142856, "GameplayMinimumStuds": 7.0, "FinalWidthStuds": 7.142856}}, {"type": "Feature", "geometry": {"type": "LineString", "coordinates": [[566550.0175530665, 5952123.419581175], [566543.6529151006, 5952100.251394423]]}, "properties": {"access": "private", "description": "private way", "foot": "permissive", "highway": "footway", "lit": "yes", "osm_id": 1347937038, "tile_500": "NO_E566500_N5952000_500", "tile_250": "NO_E566500_N5952000_250", "LaneCount": 2, "DirectionMode": "two-way", "OSMWidthMeters": 2.0, "ScaledOSMWidthStuds": 7.142856, "GameplayMinimumStuds": 7.0, "FinalWidthStuds": 7.142856}}, {"type": "Feature", "geometry": {"type": "LineString", "coordinates": [[566455.5303659302, 5952087.218351475], [566445.0597298804, 5952049.115032906]]}, "properties": {"access": "private", "bicycle": "private", "highway": "footway", "name": "E.-Howard-Weg", "osm_id": 1348161209, "tile_500": "NO_E566000_N5952000_500", "tile_250": "NO_E566250_N5952000_250", "LaneCount": 2, "DirectionMode": "two-way", "OSMWidthMeters": 2.0, "ScaledOSMWidthStuds": 7.142856, "GameplayMinimumStuds": 7.0, "FinalWidthStuds": 7.142856}}, {"type": "Feature", "geometry": {"type": "LineString", "coordinates": [[566402.1081727312, 5952101.728360148], [566391.6621236192, 5952063.725661685]]}, "properties": {"access": "private", "bicycle": "private", "highway": "footway", "name": "E.-Howard-Weg", "osm_id": 1348161210, "tile_500": "NO_E566000_N5952000_500", "tile_250": "NO_E566250_N5952000_250", "LaneCount": 2, "DirectionMode": "two-way", "OSMWidthMeters": 2.0, "ScaledOSMWidthStuds": 7.142856, "GameplayMinimumStuds": 7.0, "FinalWidthStuds": 7.142856}}, {"type": "Feature", "geometry": {"type": "LineString", "coordinates": [[566477.0255120134, 5951902.588330606], [566503.7795845013, 5951898.906103404], [566510.0331918455, 5951856.377465551]]}, "properties": {"access": "private", "highway": "path", "osm_id": 1348378830, "tile_500": "NO_E566500_N5951500_500", "tile_250": "NO_E566500_N5951750_250", "LaneCount": 2, "DirectionMode": "two-way", "OSMWidthMeters": 1.5, "ScaledOSMWidthStuds": 5.357142, "GameplayMinimumStuds": 6.0, "FinalWidthStuds": 6.0}}, {"type": "Feature", "geometry": {"type": "LineString", "coordinates": [[566503.6753692519, 5951896.478889388], [566515.888848866, 5951901.047310365]]}, "properties": {"access": "private", "highway": "path", "osm_id": 1348378831, "tile_500": "NO_E566500_N5951500_500", "tile_250": "NO_E566500_N5951750_250", "LaneCount": 2, "DirectionMode": "two-way", "OSMWidthMeters": 1.5, "ScaledOSMWidthStuds": 5.357142, "GameplayMinimumStuds": 6.0, "FinalWidthStuds": 6.0}}, {"type": "Feature", "geometry": {"type": "LineString", "coordinates": [[566480.100757909, 5951959.013592689], [566512.0245891131, 5951948.249877034]]}, "properties": {"access": "private", "highway": "path", "osm_id": 1348378832, "tile_500": "NO_E566000_N5951500_500", "tile_250": "NO_E566250_N5951750_250", "LaneCount": 2, "DirectionMode": "two-way", "OSMWidthMeters": 1.5, "ScaledOSMWidthStuds": 5.357142, "GameplayMinimumStuds": 6.0, "FinalWidthStuds": 6.0}}, {"type": "Feature", "geometry": {"type": "LineString", "coordinates": [[566510.7069833488, 5951965.756587703], [566510.3398728064, 5951957.661883869]]}, "properties": {"access": "private", "highway": "path", "osm_id": 1348378833, "tile_500": "NO_E566500_N5951500_500", "tile_250": "NO_E566500_N5951750_250", "LaneCount": 2, "DirectionMode": "two-way", "OSMWidthMeters": 1.5, "ScaledOSMWidthStuds": 5.357142, "GameplayMinimumStuds": 6.0, "FinalWidthStuds": 6.0}}, {"type": "Feature", "geometry": {"type": "LineString", "coordinates": [[566476.2090106016, 5952014.238529404], [566512.5704875129, 5952023.344192253]]}, "properties": {"access": "private", "highway": "path", "osm_id": 1348378834, "tile_500": "NO_E566000_N5952000_500", "tile_250": "NO_E566250_N5952000_250", "LaneCount": 2, "DirectionMode": "two-way", "OSMWidthMeters": 1.5, "ScaledOSMWidthStuds": 5.357142, "GameplayMinimumStuds": 6.0, "FinalWidthStuds": 6.0}}, {"type": "Feature", "geometry": {"type": "LineString", "coordinates": [[566486.2706103491, 5952039.740093021], [566518.523848557, 5952038.294596586]]}, "properties": {"access": "private", "highway": "path", "osm_id": 1348378835, "tile_500": "NO_E566500_N5952000_500", "tile_250": "NO_E566500_N5952000_250", "LaneCount": 2, "DirectionMode": "two-way", "OSMWidthMeters": 1.5, "ScaledOSMWidthStuds": 5.357142, "GameplayMinimumStuds": 6.0, "FinalWidthStuds": 6.0}}, {"type": "Feature", "geometry": {"type": "LineString", "coordinates": [[566462.0280591863, 5952004.1232219115], [566447.7524054827, 5951936.846035242]]}, "properties": {"highway": "footway", "lit": "yes", "osm_id": 1348443277, "tile_500": "NO_E566000_N5951500_500", "tile_250": "NO_E566250_N5951750_250", "LaneCount": 2, "DirectionMode": "two-way", "OSMWidthMeters": 2.0, "ScaledOSMWidthStuds": 7.142856, "GameplayMinimumStuds": 7.0, "FinalWidthStuds": 7.142856}}, {"type": "Feature", "geometry": {"type": "LineString", "coordinates": [[566459.6143442577, 5952024.462985333], [566454.5862964683, 5952006.154218114]]}, "properties": {"highway": "footway", "lit": "yes", "osm_id": 1348443278, "tile_500": "NO_E566000_N5952000_500", "tile_250": "NO_E566250_N5952000_250", "LaneCount": 2, "DirectionMode": "two-way", "OSMWidthMeters": 2.0, "ScaledOSMWidthStuds": 7.142856, "GameplayMinimumStuds": 7.0, "FinalWidthStuds": 7.142856}}, {"type": "Feature", "geometry": {"type": "LineString", "coordinates": [[566442.159650141, 5952029.234100691], [566437.131540448, 5952010.925352529]]}, "properties": {"highway": "footway", "lit": "yes", "osm_id": 1348443279, "tile_500": "NO_E566000_N5952000_500", "tile_250": "NO_E566250_N5952000_250", "LaneCount": 2, "DirectionMode": "two-way", "OSMWidthMeters": 2.0, "ScaledOSMWidthStuds": 7.142856, "GameplayMinimumStuds": 7.0, "FinalWidthStuds": 7.142856}}, {"type": "Feature", "geometry": {"type": "LineString", "coordinates": [[566141.2419137807, 5952191.010666868], [566118.3173623697, 5952100.634902321]]}, "properties": {"access": "private", "bicycle": "private", "highway": "footway", "motor_vehicle": "no", "osm_id": 1348635642, "tile_500": "NO_E566000_N5952000_500", "tile_250": "NO_E566000_N5952000_250", "LaneCount": 2, "DirectionMode": "two-way", "OSMWidthMeters": 2.0, "ScaledOSMWidthStuds": 7.142856, "GameplayMinimumStuds": 7.0, "FinalWidthStuds": 7.142856}}, {"type": "Feature", "geometry": {"type": "LineString", "coordinates": [[565945.5736385272, 5951609.7857253365], [565986.145215702, 5951604.280744731], [565996.50923649, 5951574.750283771]]}, "properties": {"highway": "footway", "osm_id": 1349703791, "tile_500": "NO_E565500_N5951500_500", "tile_250": "NO_E565750_N5951500_250", "LaneCount": 2, "DirectionMode": "two-way", "OSMWidthMeters": 2.0, "ScaledOSMWidthStuds": 7.142856, "GameplayMinimumStuds": 7.0, "FinalWidthStuds": 7.142856}}, {"type": "Feature", "geometry": {"type": "LineString", "coordinates": [[566014.4614198029, 5951536.113288345], [566012.7678884957, 5951523.693758027]]}, "properties": {"highway": "footway", "osm_id": 1349703792, "tile_500": "NO_E566000_N5951500_500", "tile_250": "NO_E566000_N5951500_250", "LaneCount": 2, "DirectionMode": "two-way", "OSMWidthMeters": 2.0, "ScaledOSMWidthStuds": 7.142856, "GameplayMinimumStuds": 7.0, "FinalWidthStuds": 7.142856}}, {"type": "Feature", "geometry": {"type": "LineString", "coordinates": [[566039.3707825618, 5951520.0846099155], [566044.7446453179, 5951559.472661204]]}, "properties": {"bicycle": "yes", "foot": "yes", "highway": "footway", "lit": "yes", "motor_vehicle": "no", "surface": "asphalt", "osm_id": 1349703793, "tile_500": "NO_E566000_N5951500_500", "tile_250": "NO_E566000_N5951500_250", "LaneCount": 2, "DirectionMode": "two-way", "OSMWidthMeters": 2.0, "ScaledOSMWidthStuds": 7.142856, "GameplayMinimumStuds": 7.0, "FinalWidthStuds": 7.142856}}, {"type": "Feature", "geometry": {"type": "LineString", "coordinates": [[566008.4488677185, 5951484.854698629], [566010.6116168046, 5951523.98610762]]}, "properties": {"bicycle": "yes", "foot": "yes", "highway": "footway", "lit": "yes", "motor_vehicle": "no", "surface": "asphalt", "osm_id": 1349703794, "tile_500": "NO_E566000_N5951500_500", "tile_250": "NO_E566000_N5951500_250", "LaneCount": 2, "DirectionMode": "two-way", "OSMWidthMeters": 2.0, "ScaledOSMWidthStuds": 7.142856, "GameplayMinimumStuds": 7.0, "FinalWidthStuds": 7.142856}}, {"type": "Feature", "geometry": {"type": "LineString", "coordinates": [[566029.8676921426, 5951616.000859697], [566085.1071617822, 5951601.65678171]]}, "properties": {"bicycle": "yes", "highway": "footway", "lit": "yes", "motorcycle": "no", "osm_id": 1349703796, "tile_500": "NO_E566000_N5951500_500", "tile_250": "NO_E566000_N5951500_250", "LaneCount": 2, "DirectionMode": "two-way", "OSMWidthMeters": 2.0, "ScaledOSMWidthStuds": 7.142856, "GameplayMinimumStuds": 7.0, "FinalWidthStuds": 7.142856}}, {"type": "Feature", "geometry": {"type": "LineString", "coordinates": [[566009.1072380029, 5951569.441809476], [566004.7385015696, 5951537.423024557]]}, "properties": {"highway": "footway", "osm_id": 1349703798, "tile_500": "NO_E566000_N5951500_500", "tile_250": "NO_E566000_N5951500_250", "LaneCount": 2, "DirectionMode": "two-way", "OSMWidthMeters": 2.0, "ScaledOSMWidthStuds": 7.142856, "GameplayMinimumStuds": 7.0, "FinalWidthStuds": 7.142856}}, {"type": "Feature", "geometry": {"type": "LineString", "coordinates": [[565998.6790518085, 5951564.57716485], [566008.2697485711, 5951563.276684166]]}, "properties": {"highway": "footway", "osm_id": 1349703799, "tile_500": "NO_E566000_N5951500_500", "tile_250": "NO_E566000_N5951500_250", "LaneCount": 2, "DirectionMode": "two-way", "OSMWidthMeters": 2.0, "ScaledOSMWidthStuds": 7.142856, "GameplayMinimumStuds": 7.0, "FinalWidthStuds": 7.142856}}, {"type": "Feature", "geometry": {"type": "LineString", "coordinates": [[566008.320894192, 5951620.638125929], [566030.1014593962, 5951617.684357479]]}, "properties": {"bicycle": "yes", "highway": "footway", "lit": "yes", "motorcycle": "no", "osm_id": 1349703800, "tile_500": "NO_E566000_N5951500_500", "tile_250": "NO_E566000_N5951500_250", "LaneCount": 2, "DirectionMode": "two-way", "OSMWidthMeters": 2.0, "ScaledOSMWidthStuds": 7.142856, "GameplayMinimumStuds": 7.0, "FinalWidthStuds": 7.142856}}, {"type": "Feature", "geometry": {"type": "LineString", "coordinates": [[566832.8016113167, 5951015.739553876], [566840.9071425189, 5951021.463132654]]}, "properties": {"highway": "footway", "osm_id": 1349933556, "tile_500": "NO_E566500_N5951000_500", "tile_250": "NO_E566750_N5951000_250", "LaneCount": 2, "DirectionMode": "two-way", "OSMWidthMeters": 2.0, "ScaledOSMWidthStuds": 7.142856, "GameplayMinimumStuds": 7.0, "FinalWidthStuds": 7.142856}}, {"type": "Feature", "geometry": {"type": "LineString", "coordinates": [[566294.6127732095, 5951223.427676615], [566458.9864230242, 5951202.463745516]]}, "properties": {"highway": "footway", "surface": "paving_stones", "osm_id": 1350664292, "tile_500": "NO_E566000_N5951000_500", "tile_250": "NO_E566250_N5951000_250", "LaneCount": 2, "DirectionMode": "two-way", "OSMWidthMeters": 2.0, "ScaledOSMWidthStuds": 7.142856, "GameplayMinimumStuds": 7.0, "FinalWidthStuds": 7.142856}}, {"type": "Feature", "geometry": {"type": "LineString", "coordinates": [[566308.7564695698, 5951047.628477504], [566313.0292370335, 5950980.747583827]]}, "properties": {"highway": "footway", "surface": "paving_stones", "osm_id": 1350831274, "tile_500": "NO_E566000_N5951000_500", "tile_250": "NO_E566250_N5951000_250", "LaneCount": 2, "DirectionMode": "two-way", "OSMWidthMeters": 2.0, "ScaledOSMWidthStuds": 7.142856, "GameplayMinimumStuds": 7.0, "FinalWidthStuds": 7.142856}}, {"type": "Feature", "geometry": {"type": "LineString", "coordinates": [[566351.9808658405, 5951043.532685005], [566344.1937193999, 5950978.361790642]]}, "properties": {"highway": "footway", "lit": "no", "surface": "paving_stones", "osm_id": 1350831275, "tile_500": "NO_E566000_N5951000_500", "tile_250": "NO_E566250_N5951000_250", "LaneCount": 2, "DirectionMode": "two-way", "OSMWidthMeters": 2.0, "ScaledOSMWidthStuds": 7.142856, "GameplayMinimumStuds": 7.0, "FinalWidthStuds": 7.142856}}, {"type": "Feature", "geometry": {"type": "LineString", "coordinates": [[566451.5820985526, 5951040.925230651], [566459.8306527884, 5950969.916899197]]}, "properties": {"highway": "footway", "osm_id": 1350831276, "tile_500": "NO_E566000_N5951000_500", "tile_250": "NO_E566250_N5951000_250", "LaneCount": 2, "DirectionMode": "two-way", "OSMWidthMeters": 2.0, "ScaledOSMWidthStuds": 7.142856, "GameplayMinimumStuds": 7.0, "FinalWidthStuds": 7.142856}}, {"type": "Feature", "geometry": {"type": "LineString", "coordinates": [[566280.2255132459, 5951050.574673009], [566270.5161461716, 5950987.735737856]]}, "properties": {"highway": "footway", "surface": "paving_stones", "osm_id": 1350831299, "tile_500": "NO_E566000_N5951000_500", "tile_250": "NO_E566250_N5951000_250", "LaneCount": 2, "DirectionMode": "two-way", "OSMWidthMeters": 2.0, "ScaledOSMWidthStuds": 7.142856, "GameplayMinimumStuds": 7.0, "FinalWidthStuds": 7.142856}}, {"type": "Feature", "geometry": {"type": "LineString", "coordinates": [[566362.6685550764, 5950832.622946906], [566366.9892630366, 5950910.407592211]]}, "properties": {"highway": "footway", "osm_id": 1350891822, "tile_500": "NO_E566000_N5950500_500", "tile_250": "NO_E566250_N5950750_250", "LaneCount": 2, "DirectionMode": "two-way", "OSMWidthMeters": 2.0, "ScaledOSMWidthStuds": 7.142856, "GameplayMinimumStuds": 7.0, "FinalWidthStuds": 7.142856}}, {"type": "Feature", "geometry": {"type": "LineString", "coordinates": [[566370.898947275, 5950910.340489587], [566371.2197631776, 5950928.2709593205]]}, "properties": {"highway": "footway", "osm_id": 1350891870, "tile_500": "NO_E566000_N5950500_500", "tile_250": "NO_E566250_N5950750_250", "LaneCount": 2, "DirectionMode": "two-way", "OSMWidthMeters": 2.0, "ScaledOSMWidthStuds": 7.142856, "GameplayMinimumStuds": 7.0, "FinalWidthStuds": 7.142856}}, {"type": "Feature", "geometry": {"type": "LineString", "coordinates": [[566293.3888438445, 5950913.306262024], [566370.898947275, 5950910.340489587]]}, "properties": {"highway": "footway", "osm_id": 1350891871, "tile_500": "NO_E566000_N5950500_500", "tile_250": "NO_E566250_N5950750_250", "LaneCount": 2, "DirectionMode": "two-way", "OSMWidthMeters": 2.0, "ScaledOSMWidthStuds": 7.142856, "GameplayMinimumStuds": 7.0, "FinalWidthStuds": 7.142856}}, {"type": "Feature", "geometry": {"type": "LineString", "coordinates": [[566436.6749096682, 5950928.93016563], [566250.5655511416, 5950937.081174038]]}, "properties": {"highway": "footway", "osm_id": 1350891872, "tile_500": "NO_E566000_N5950500_500", "tile_250": "NO_E566250_N5950750_250", "LaneCount": 2, "DirectionMode": "two-way", "OSMWidthMeters": 2.0, "ScaledOSMWidthStuds": 7.142856, "GameplayMinimumStuds": 7.0, "FinalWidthStuds": 7.142856}}, {"type": "Feature", "geometry": {"type": "LineString", "coordinates": [[566965.9347347416, 5951162.792506128], [566960.3973751949, 5951196.429027074]]}, "properties": {"highway": "footway", "lit": "yes", "osm_id": 1351523098, "tile_500": "NO_E566500_N5951000_500", "tile_250": "NO_E566750_N5951000_250", "LaneCount": 2, "DirectionMode": "two-way", "OSMWidthMeters": 2.0, "ScaledOSMWidthStuds": 7.142856, "GameplayMinimumStuds": 7.0, "FinalWidthStuds": 7.142856}}, {"type": "Feature", "geometry": {"type": "LineString", "coordinates": [[566922.877167489, 5951047.356203088], [566924.1792548307, 5951038.46185565]]}, "properties": {"highway": "footway", "osm_id": 1351523099, "tile_500": "NO_E566500_N5951000_500", "tile_250": "NO_E566750_N5951000_250", "LaneCount": 2, "DirectionMode": "two-way", "OSMWidthMeters": 2.0, "ScaledOSMWidthStuds": 7.142856, "GameplayMinimumStuds": 7.0, "FinalWidthStuds": 7.142856}}, {"type": "Feature", "geometry": {"type": "LineString", "coordinates": [[566945.4609639692, 5951041.558369899], [566956.7113415424, 5951054.526346086]]}, "properties": {"highway": "footway", "osm_id": 1351523104, "tile_500": "NO_E566500_N5951000_500", "tile_250": "NO_E566750_N5951000_250", "LaneCount": 2, "DirectionMode": "two-way", "OSMWidthMeters": 2.0, "ScaledOSMWidthStuds": 7.142856, "GameplayMinimumStuds": 7.0, "FinalWidthStuds": 7.142856}}, {"type": "Feature", "geometry": {"type": "LineString", "coordinates": [[567002.6405778235, 5951081.148628261], [566955.7543270444, 5951073.473508369]]}, "properties": {"highway": "footway", "osm_id": 1351523119, "tile_500": "NO_E566500_N5951000_500", "tile_250": "NO_E566750_N5951000_250", "LaneCount": 2, "DirectionMode": "two-way", "OSMWidthMeters": 2.0, "ScaledOSMWidthStuds": 7.142856, "GameplayMinimumStuds": 7.0, "FinalWidthStuds": 7.142856}}, {"type": "Feature", "geometry": {"type": "LineString", "coordinates": [[566948.2793083047, 5951213.759260189], [566940.6300966537, 5951260.306654456]]}, "properties": {"highway": "footway", "lit": "yes", "osm_id": 1351523148, "tile_500": "NO_E566500_N5951000_500", "tile_250": "NO_E566750_N5951000_250", "LaneCount": 2, "DirectionMode": "two-way", "OSMWidthMeters": 2.0, "ScaledOSMWidthStuds": 7.142856, "GameplayMinimumStuds": 7.0, "FinalWidthStuds": 7.142856}}, {"type": "Feature", "geometry": {"type": "LineString", "coordinates": [[566922.6948173696, 5951199.941445644], [566931.2446570939, 5951201.331904221]]}, "properties": {"highway": "footway", "lit": "yes", "osm_id": 1351523168, "tile_500": "NO_E566500_N5951000_500", "tile_250": "NO_E566750_N5951000_250", "LaneCount": 2, "DirectionMode": "two-way", "OSMWidthMeters": 2.0, "ScaledOSMWidthStuds": 7.142856, "GameplayMinimumStuds": 7.0, "FinalWidthStuds": 7.142856}}, {"type": "Feature", "geometry": {"type": "LineString", "coordinates": [[566922.6948173696, 5951199.941445644], [566915.0190562902, 5951244.66362924]]}, "properties": {"highway": "footway", "lit": "yes", "osm_id": 1351523184, "tile_500": "NO_E566500_N5951000_500", "tile_250": "NO_E566750_N5951000_250", "LaneCount": 2, "DirectionMode": "two-way", "OSMWidthMeters": 2.0, "ScaledOSMWidthStuds": 7.142856, "GameplayMinimumStuds": 7.0, "FinalWidthStuds": 7.142856}}, {"type": "Feature", "geometry": {"type": "LineString", "coordinates": [[566931.2446570939, 5951201.331904221], [566938.3225417259, 5951158.270302166]]}, "properties": {"highway": "footway", "lit": "yes", "osm_id": 1351523191, "tile_500": "NO_E566500_N5951000_500", "tile_250": "NO_E566750_N5951000_250", "LaneCount": 2, "DirectionMode": "two-way", "OSMWidthMeters": 2.0, "ScaledOSMWidthStuds": 7.142856, "GameplayMinimumStuds": 7.0, "FinalWidthStuds": 7.142856}}, {"type": "Feature", "geometry": {"type": "LineString", "coordinates": [[566945.4609639692, 5951041.558369899], [566924.1792548307, 5951038.46185565]]}, "properties": {"highway": "footway", "osm_id": 1351523192, "tile_500": "NO_E566500_N5951000_500", "tile_250": "NO_E566750_N5951000_250", "LaneCount": 2, "DirectionMode": "two-way", "OSMWidthMeters": 2.0, "ScaledOSMWidthStuds": 7.142856, "GameplayMinimumStuds": 7.0, "FinalWidthStuds": 7.142856}}, {"type": "Feature", "geometry": {"type": "LineString", "coordinates": [[566996.5121120714, 5951040.0949263545], [566990.0989792163, 5951079.093367758]]}, "properties": {"highway": "footway", "osm_id": 1351523193, "tile_500": "NO_E566500_N5951000_500", "tile_250": "NO_E566750_N5951000_250", "LaneCount": 2, "DirectionMode": "two-way", "OSMWidthMeters": 2.0, "ScaledOSMWidthStuds": 7.142856, "GameplayMinimumStuds": 7.0, "FinalWidthStuds": 7.142856}}, {"type": "Feature", "geometry": {"type": "LineString", "coordinates": [[566834.0064542129, 5950939.490659943], [566832.0181852358, 5950959.024016383]]}, "properties": {"highway": "footway", "osm_id": 1351535632, "tile_500": "NO_E566500_N5950500_500", "tile_250": "NO_E566750_N5950750_250", "LaneCount": 2, "DirectionMode": "two-way", "OSMWidthMeters": 2.0, "ScaledOSMWidthStuds": 7.142856, "GameplayMinimumStuds": 7.0, "FinalWidthStuds": 7.142856}}, {"type": "Feature", "geometry": {"type": "LineString", "coordinates": [[566830.7465098747, 5951424.691880202], [566831.4856063321, 5951485.891107396]]}, "properties": {"highway": "footway", "lit": "yes", "surface": "paving_stones", "osm_id": 1351799195, "tile_500": "NO_E566500_N5951000_500", "tile_250": "NO_E566750_N5951250_250", "LaneCount": 2, "DirectionMode": "two-way", "OSMWidthMeters": 2.0, "ScaledOSMWidthStuds": 7.142856, "GameplayMinimumStuds": 7.0, "FinalWidthStuds": 7.142856}}, {"type": "Feature", "geometry": {"type": "LineString", "coordinates": [[566908.0560505454, 5951252.375655471], [566910.2143442549, 5951308.899441814]]}, "properties": {"highway": "path", "osm_id": 1352020542, "tile_500": "NO_E566500_N5951000_500", "tile_250": "NO_E566750_N5951250_250", "LaneCount": 2, "DirectionMode": "two-way", "OSMWidthMeters": 1.5, "ScaledOSMWidthStuds": 5.357142, "GameplayMinimumStuds": 6.0, "FinalWidthStuds": 6.0}}, {"type": "Feature", "geometry": {"type": "LineString", "coordinates": [[566865.0582243394, 5951310.614675537], [566911.4364289775, 5951308.85010632]]}, "properties": {"highway": "path", "osm_id": 1352020544, "tile_500": "NO_E566500_N5951000_500", "tile_250": "NO_E566750_N5951250_250", "LaneCount": 2, "DirectionMode": "two-way", "OSMWidthMeters": 1.5, "ScaledOSMWidthStuds": 5.357142, "GameplayMinimumStuds": 6.0, "FinalWidthStuds": 6.0}}, {"type": "Feature", "geometry": {"type": "LineString", "coordinates": [[566950.6394799678, 5951333.833646684], [566948.9664080003, 5951277.116461755]]}, "properties": {"highway": "path", "osm_id": 1352020548, "tile_500": "NO_E566500_N5951000_500", "tile_250": "NO_E566750_N5951250_250", "LaneCount": 2, "DirectionMode": "two-way", "OSMWidthMeters": 1.5, "ScaledOSMWidthStuds": 5.357142, "GameplayMinimumStuds": 6.0, "FinalWidthStuds": 6.0}}, {"type": "Feature", "geometry": {"type": "LineString", "coordinates": [[566946.154758783, 5951333.969944744], [566950.6394799678, 5951333.833646684]]}, "properties": {"highway": "path", "osm_id": 1352020549, "tile_500": "NO_E566500_N5951000_500", "tile_250": "NO_E566750_N5951250_250", "LaneCount": 2, "DirectionMode": "two-way", "OSMWidthMeters": 1.5, "ScaledOSMWidthStuds": 5.357142, "GameplayMinimumStuds": 6.0, "FinalWidthStuds": 6.0}}, {"type": "Feature", "geometry": {"type": "LineString", "coordinates": [[566872.5669712636, 5951399.394677307], [566914.8427982971, 5951402.378660409]]}, "properties": {"highway": "path", "osm_id": 1352020550, "tile_500": "NO_E566500_N5951000_500", "tile_250": "NO_E566750_N5951250_250", "LaneCount": 2, "DirectionMode": "two-way", "OSMWidthMeters": 1.5, "ScaledOSMWidthStuds": 5.357142, "GameplayMinimumStuds": 6.0, "FinalWidthStuds": 6.0}}, {"type": "Feature", "geometry": {"type": "LineString", "coordinates": [[566946.154758783, 5951333.969944744], [566947.5603647808, 5951381.670247716]]}, "properties": {"highway": "path", "osm_id": 1352020553, "tile_500": "NO_E566500_N5951000_500", "tile_250": "NO_E566750_N5951250_250", "LaneCount": 2, "DirectionMode": "two-way", "OSMWidthMeters": 1.5, "ScaledOSMWidthStuds": 5.357142, "GameplayMinimumStuds": 6.0, "FinalWidthStuds": 6.0}}, {"type": "Feature", "geometry": {"type": "LineString", "coordinates": [[565531.3095767893, 5951413.772970707], [565486.8693516584, 5951411.639174684]]}, "properties": {"cycleway:left": "no", "cycleway:right": "separate", "highway": "secondary", "lane_markings": "no", "lit": "yes", "maxspeed": "50", "name": "Rathausallee", "oneway": "yes", "sidewalk:left": "no", "sidewalk:right": "separate", "surface": "asphalt", "osm_id": 1352315303, "tile_500": "NO_E565500_N5951000_500", "tile_250": "NO_E565500_N5951250_250", "LaneCount": 1, "DirectionMode": "one-way", "OSMWidthMeters": 14.0, "ScaledOSMWidthStuds": 49.999992, "GameplayMinimumStuds": 14.0, "FinalWidthStuds": 49.999992}}, {"type": "Feature", "geometry": {"type": "LineString", "coordinates": [[565542.5827205234, 5951404.049509221], [565631.9396031486, 5951391.256148563]]}, "properties": {"cycleway:left": "no", "cycleway:right": "separate", "highway": "secondary", "lane_markings": "no", "lit": "yes", "maxspeed": "50", "name": "Rathausallee", "oneway": "yes", "sidewalk:left": "no", "sidewalk:right": "separate", "surface": "asphalt", "osm_id": 1352315304, "tile_500": "NO_E565500_N5951000_500", "tile_250": "NO_E565500_N5951250_250", "LaneCount": 1, "DirectionMode": "one-way", "OSMWidthMeters": 14.0, "ScaledOSMWidthStuds": 49.999992, "GameplayMinimumStuds": 14.0, "FinalWidthStuds": 49.999992}}, {"type": "Feature", "geometry": {"type": "LineString", "coordinates": [[565536.2536607393, 5951409.569194151], [565542.5827205234, 5951404.049509221]]}, "properties": {"highway": "service", "name": "Rathausallee", "oneway": "yes", "surface": "asphalt", "osm_id": 1352315305, "tile_500": "NO_E565500_N5951000_500", "tile_250": "NO_E565500_N5951250_250", "LaneCount": 1, "DirectionMode": "one-way", "OSMWidthMeters": 4.0, "ScaledOSMWidthStuds": 14.285712, "GameplayMinimumStuds": 14.0, "FinalWidthStuds": 14.285712}}, {"type": "Feature", "geometry": {"type": "LineString", "coordinates": [[565536.2536607393, 5951409.569194151], [565520.2816513819, 5951403.103774428]]}, "properties": {"highway": "service", "oneway": "yes", "psv": "yes", "surface": "asphalt", "vehicle": "no", "vehicle:conditional": "delivery @ (09:00-15:00,19:00-06:00)", "osm_id": 1352315306, "tile_500": "NO_E565500_N5951000_500", "tile_250": "NO_E565500_N5951250_250", "LaneCount": 1, "DirectionMode": "one-way", "OSMWidthMeters": 4.0, "ScaledOSMWidthStuds": 14.285712, "GameplayMinimumStuds": 14.0, "FinalWidthStuds": 14.285712}}, {"type": "Feature", "geometry": {"type": "LineString", "coordinates": [[565542.5827205234, 5951404.049509221], [565550.5703432417, 5951397.006327396]]}, "properties": {"bicycle": "designated", "highway": "path", "lit": "yes", "oneway": "yes", "surface": "asphalt", "osm_id": 1352318701, "tile_500": "NO_E565500_N5951000_500", "tile_250": "NO_E565500_N5951250_250", "LaneCount": 1, "DirectionMode": "one-way", "OSMWidthMeters": 1.5, "ScaledOSMWidthStuds": 5.357142, "GameplayMinimumStuds": 6.0, "FinalWidthStuds": 6.0}}, {"type": "Feature", "geometry": {"type": "LineString", "coordinates": [[566643.1922624831, 5951632.985251697], [566631.2139299143, 5951542.094779212]]}, "properties": {"highway": "footway", "lit": "yes", "osm_id": 1352337233, "tile_500": "NO_E566500_N5951500_500", "tile_250": "NO_E566500_N5951500_250", "LaneCount": 2, "DirectionMode": "two-way", "OSMWidthMeters": 2.0, "ScaledOSMWidthStuds": 7.142856, "GameplayMinimumStuds": 7.0, "FinalWidthStuds": 7.142856}}, {"type": "Feature", "geometry": {"type": "LineString", "coordinates": [[566903.3622288622, 5951665.318675109], [566920.4667288302, 5951663.0144921485], [566923.6077105721, 5951686.248486491]]}, "properties": {"highway": "service", "service": "driveway", "osm_id": 1352869843, "tile_500": "NO_E566500_N5951500_500", "tile_250": "NO_E566750_N5951500_250", "LaneCount": 2, "DirectionMode": "two-way", "OSMWidthMeters": 4.0, "ScaledOSMWidthStuds": 14.285712, "GameplayMinimumStuds": 28.0, "FinalWidthStuds": 28.0}}, {"type": "Feature", "geometry": {"type": "LineString", "coordinates": [[566905.8740430698, 5951728.045418913], [566969.5024220383, 5951719.484010407]]}, "properties": {"highway": "footway", "lit": "yes", "osm_id": 1352869845, "tile_500": "NO_E566500_N5951500_500", "tile_250": "NO_E566750_N5951500_250", "LaneCount": 2, "DirectionMode": "two-way", "OSMWidthMeters": 2.0, "ScaledOSMWidthStuds": 7.142856, "GameplayMinimumStuds": 7.0, "FinalWidthStuds": 7.142856}}, {"type": "Feature", "geometry": {"type": "LineString", "coordinates": [[566904.4964571574, 5951693.642571561], [566967.9863757177, 5951685.101412701]]}, "properties": {"highway": "footway", "lit": "yes", "osm_id": 1352869847, "tile_500": "NO_E566500_N5951500_500", "tile_250": "NO_E566750_N5951500_250", "LaneCount": 2, "DirectionMode": "two-way", "OSMWidthMeters": 2.0, "ScaledOSMWidthStuds": 7.142856, "GameplayMinimumStuds": 7.0, "FinalWidthStuds": 7.142856}}, {"type": "Feature", "geometry": {"type": "LineString", "coordinates": [[566904.6676495183, 5951697.83998593], [566920.7665841084, 5951695.677247417], [566923.9076953398, 5951718.9001182625]]}, "properties": {"highway": "service", "service": "driveway", "osm_id": 1352869848, "tile_500": "NO_E566500_N5951500_500", "tile_250": "NO_E566750_N5951500_250", "LaneCount": 2, "DirectionMode": "two-way", "OSMWidthMeters": 4.0, "ScaledOSMWidthStuds": 14.285712, "GameplayMinimumStuds": 28.0, "FinalWidthStuds": 28.0}}, {"type": "Feature", "geometry": {"type": "LineString", "coordinates": [[566903.1965227505, 5951661.199230031], [566964.8878002436, 5951652.899424402]]}, "properties": {"highway": "footway", "lit": "yes", "osm_id": 1352869849, "tile_500": "NO_E566500_N5951500_500", "tile_250": "NO_E566750_N5951500_250", "LaneCount": 2, "DirectionMode": "two-way", "OSMWidthMeters": 2.0, "ScaledOSMWidthStuds": 7.142856, "GameplayMinimumStuds": 7.0, "FinalWidthStuds": 7.142856}}, {"type": "Feature", "geometry": {"type": "LineString", "coordinates": [[566907.1775090988, 5951760.700233536], [566971.2882101487, 5951752.078973891]]}, "properties": {"highway": "footway", "lit": "yes", "osm_id": 1352869850, "tile_500": "NO_E566500_N5951500_500", "tile_250": "NO_E566750_N5951750_250", "LaneCount": 2, "DirectionMode": "two-way", "OSMWidthMeters": 2.0, "ScaledOSMWidthStuds": 7.142856, "GameplayMinimumStuds": 7.0, "FinalWidthStuds": 7.142856}}, {"type": "Feature", "geometry": {"type": "LineString", "coordinates": [[566923.6077105721, 5951686.248486491], [566924.2398814692, 5951690.986585945]]}, "properties": {"highway": "footway", "lit": "yes", "osm_id": 1352869851, "tile_500": "NO_E566500_N5951500_500", "tile_250": "NO_E566750_N5951500_250", "LaneCount": 2, "DirectionMode": "two-way", "OSMWidthMeters": 2.0, "ScaledOSMWidthStuds": 7.142856, "GameplayMinimumStuds": 7.0, "FinalWidthStuds": 7.142856}}, {"type": "Feature", "geometry": {"type": "LineString", "coordinates": [[566923.9076953398, 5951718.9001182625], [566924.803762264, 5951725.500233648]]}, "properties": {"highway": "footway", "lit": "yes", "osm_id": 1352869852, "tile_500": "NO_E566500_N5951500_500", "tile_250": "NO_E566750_N5951500_250", "LaneCount": 2, "DirectionMode": "two-way", "OSMWidthMeters": 2.0, "ScaledOSMWidthStuds": 7.142856, "GameplayMinimumStuds": 7.0, "FinalWidthStuds": 7.142856}}, {"type": "Feature", "geometry": {"type": "LineString", "coordinates": [[566906.0095026852, 5951731.507925506], [566921.5592429881, 5951729.426377654], [566924.700321654, 5951752.649250383]]}, "properties": {"highway": "service", "service": "driveway", "osm_id": 1352869853, "tile_500": "NO_E566500_N5951500_500", "tile_250": "NO_E566750_N5951500_250", "LaneCount": 2, "DirectionMode": "two-way", "OSMWidthMeters": 4.0, "ScaledOSMWidthStuds": 14.285712, "GameplayMinimumStuds": 28.0, "FinalWidthStuds": 28.0}}, {"type": "Feature", "geometry": {"type": "LineString", "coordinates": [[566924.700321654, 5951752.649250383], [566925.4522611569, 5951758.2458576765]]}, "properties": {"highway": "footway", "lit": "yes", "osm_id": 1352869854, "tile_500": "NO_E566500_N5951500_500", "tile_250": "NO_E566750_N5951750_250", "LaneCount": 2, "DirectionMode": "two-way", "OSMWidthMeters": 2.0, "ScaledOSMWidthStuds": 7.142856, "GameplayMinimumStuds": 7.0, "FinalWidthStuds": 7.142856}}, {"type": "Feature", "geometry": {"type": "LineString", "coordinates": [[566796.5672384979, 5951669.605316584], [566857.6260096525, 5951659.8040507855]]}, "properties": {"highway": "footway", "lit": "yes", "osm_id": 1353112460, "tile_500": "NO_E566500_N5951500_500", "tile_250": "NO_E566750_N5951500_250", "LaneCount": 2, "DirectionMode": "two-way", "OSMWidthMeters": 2.0, "ScaledOSMWidthStuds": 7.142856, "GameplayMinimumStuds": 7.0, "FinalWidthStuds": 7.142856}}, {"type": "Feature", "geometry": {"type": "LineString", "coordinates": [[566838.2496228673, 5951637.618409784], [566835.9803924441, 5951618.035512332], [566852.8264619863, 5951614.881727679]]}, "properties": {"highway": "footway", "lit": "yes", "osm_id": 1353112461, "tile_500": "NO_E566500_N5951500_500", "tile_250": "NO_E566750_N5951500_250", "LaneCount": 2, "DirectionMode": "two-way", "OSMWidthMeters": 2.0, "ScaledOSMWidthStuds": 7.142856, "GameplayMinimumStuds": 7.0, "FinalWidthStuds": 7.142856}}, {"type": "Feature", "geometry": {"type": "LineString", "coordinates": [[566806.6071988365, 5951756.362748551], [566855.8487339705, 5951750.699456647]]}, "properties": {"highway": "footway", "lit": "yes", "osm_id": 1353112462, "tile_500": "NO_E566500_N5951500_500", "tile_250": "NO_E566750_N5951750_250", "LaneCount": 2, "DirectionMode": "two-way", "OSMWidthMeters": 2.0, "ScaledOSMWidthStuds": 7.142856, "GameplayMinimumStuds": 7.0, "FinalWidthStuds": 7.142856}}, {"type": "Feature", "geometry": {"type": "LineString", "coordinates": [[566799.7592497994, 5951697.179566599], [566854.4434870576, 5951690.881604935]]}, "properties": {"highway": "footway", "lit": "yes", "osm_id": 1353112463, "tile_500": "NO_E566500_N5951500_500", "tile_250": "NO_E566750_N5951500_250", "LaneCount": 2, "DirectionMode": "two-way", "OSMWidthMeters": 2.0, "ScaledOSMWidthStuds": 7.142856, "GameplayMinimumStuds": 7.0, "FinalWidthStuds": 7.142856}}, {"type": "Feature", "geometry": {"type": "LineString", "coordinates": [[566803.1509090085, 5951726.492513888], [566856.8694473506, 5951720.303235997]]}, "properties": {"highway": "footway", "lit": "yes", "osm_id": 1353112464, "tile_500": "NO_E566500_N5951500_500", "tile_250": "NO_E566750_N5951500_250", "LaneCount": 2, "DirectionMode": "two-way", "OSMWidthMeters": 2.0, "ScaledOSMWidthStuds": 7.142856, "GameplayMinimumStuds": 7.0, "FinalWidthStuds": 7.142856}}, {"type": "Feature", "geometry": {"type": "LineString", "coordinates": [[566693.2696468106, 5951757.131338008], [566703.4305864684, 5951756.107442575], [566701.380615419, 5951735.926864226]]}, "properties": {"highway": "service", "service": "driveway", "osm_id": 1353339291, "tile_500": "NO_E566500_N5951500_500", "tile_250": "NO_E566500_N5951500_250", "LaneCount": 2, "DirectionMode": "two-way", "OSMWidthMeters": 4.0, "ScaledOSMWidthStuds": 14.285712, "GameplayMinimumStuds": 28.0, "FinalWidthStuds": 28.0}}, {"type": "Feature", "geometry": {"type": "LineString", "coordinates": [[566640.8797143834, 5951675.88127366], [566685.3675306962, 5951669.837092836]]}, "properties": {"highway": "footway", "lit": "yes", "osm_id": 1353339293, "tile_500": "NO_E566500_N5951500_500", "tile_250": "NO_E566500_N5951500_250", "LaneCount": 2, "DirectionMode": "two-way", "OSMWidthMeters": 2.0, "ScaledOSMWidthStuds": 7.142856, "GameplayMinimumStuds": 7.0, "FinalWidthStuds": 7.142856}}, {"type": "Feature", "geometry": {"type": "LineString", "coordinates": [[566693.7097288375, 5951761.466090602], [566760.0281373637, 5951759.104596425]]}, "properties": {"highway": "footway", "lit": "yes", "osm_id": 1353339294, "tile_500": "NO_E566500_N5951500_500", "tile_250": "NO_E566500_N5951750_250", "LaneCount": 2, "DirectionMode": "two-way", "OSMWidthMeters": 2.0, "ScaledOSMWidthStuds": 7.142856, "GameplayMinimumStuds": 7.0, "FinalWidthStuds": 7.142856}}, {"type": "Feature", "geometry": {"type": "LineString", "coordinates": [[566686.5864944783, 5951691.363370266], [566634.3549116615, 5951704.407841858]]}, "properties": {"highway": "footway", "lit": "yes", "osm_id": 1353339295, "tile_500": "NO_E566500_N5951500_500", "tile_250": "NO_E566500_N5951500_250", "LaneCount": 2, "DirectionMode": "two-way", "OSMWidthMeters": 2.0, "ScaledOSMWidthStuds": 7.142856, "GameplayMinimumStuds": 7.0, "FinalWidthStuds": 7.142856}}, {"type": "Feature", "geometry": {"type": "LineString", "coordinates": [[566688.5748443464, 5951660.157478698], [566696.5648275953, 5951641.899994754]]}, "properties": {"highway": "footway", "lit": "yes", "osm_id": 1353339299, "tile_500": "NO_E566500_N5951500_500", "tile_250": "NO_E566500_N5951500_250", "LaneCount": 2, "DirectionMode": "two-way", "OSMWidthMeters": 2.0, "ScaledOSMWidthStuds": 7.142856, "GameplayMinimumStuds": 7.0, "FinalWidthStuds": 7.142856}}, {"type": "Feature", "geometry": {"type": "LineString", "coordinates": [[566721.4281362088, 5951637.135005981], [566741.6249353398, 5951643.453252596]]}, "properties": {"highway": "footway", "lit": "yes", "osm_id": 1353339303, "tile_500": "NO_E566500_N5951500_500", "tile_250": "NO_E566500_N5951500_250", "LaneCount": 2, "DirectionMode": "two-way", "OSMWidthMeters": 2.0, "ScaledOSMWidthStuds": 7.142856, "GameplayMinimumStuds": 7.0, "FinalWidthStuds": 7.142856}}, {"type": "Feature", "geometry": {"type": "LineString", "coordinates": [[566690.883481163, 5951733.663450217], [566756.9175246384, 5951731.364624588]]}, "properties": {"highway": "footway", "lit": "yes", "osm_id": 1353339304, "tile_500": "NO_E566500_N5951500_500", "tile_250": "NO_E566500_N5951500_250", "LaneCount": 2, "DirectionMode": "two-way", "OSMWidthMeters": 2.0, "ScaledOSMWidthStuds": 7.142856, "GameplayMinimumStuds": 7.0, "FinalWidthStuds": 7.142856}}, {"type": "Feature", "geometry": {"type": "LineString", "coordinates": [[566879.7501683045, 5951180.757766556], [566895.2975586767, 5951190.081481081]]}, "properties": {"highway": "service", "service": "driveway", "osm_id": 1353650269, "tile_500": "NO_E566500_N5951000_500", "tile_250": "NO_E566750_N5951000_250", "LaneCount": 2, "DirectionMode": "two-way", "OSMWidthMeters": 4.0, "ScaledOSMWidthStuds": 14.285712, "GameplayMinimumStuds": 28.0, "FinalWidthStuds": 28.0}}, {"type": "Feature", "geometry": {"type": "LineString", "coordinates": [[566810.5118391141, 5951158.084399317], [566797.1675471211, 5951179.95971786]]}, "properties": {"highway": "service", "service": "driveway", "osm_id": 1353650271, "tile_500": "NO_E566500_N5951000_500", "tile_250": "NO_E566750_N5951000_250", "LaneCount": 2, "DirectionMode": "two-way", "OSMWidthMeters": 4.0, "ScaledOSMWidthStuds": 14.285712, "GameplayMinimumStuds": 28.0, "FinalWidthStuds": 28.0}}, {"type": "Feature", "geometry": {"type": "LineString", "coordinates": [[566874.9046188372, 5951107.99445677], [566805.0505832006, 5951080.260657648]]}, "properties": {"highway": "footway", "surface": "paving_stones", "osm_id": 1353650272, "tile_500": "NO_E566500_N5951000_500", "tile_250": "NO_E566750_N5951000_250", "LaneCount": 2, "DirectionMode": "two-way", "OSMWidthMeters": 2.0, "ScaledOSMWidthStuds": 7.142856, "GameplayMinimumStuds": 7.0, "FinalWidthStuds": 7.142856}}, {"type": "Feature", "geometry": {"type": "LineString", "coordinates": [[566518.5014680584, 5951092.813806728], [566518.4047327597, 5951084.734074705]]}, "properties": {"highway": "footway", "lit": "yes", "osm_id": 1354151185, "tile_500": "NO_E566500_N5951000_500", "tile_250": "NO_E566500_N5951000_250", "LaneCount": 2, "DirectionMode": "two-way", "OSMWidthMeters": 2.0, "ScaledOSMWidthStuds": 7.142856, "GameplayMinimumStuds": 7.0, "FinalWidthStuds": 7.142856}}, {"type": "Feature", "geometry": {"type": "LineString", "coordinates": [[566559.2800120476, 5951172.695777255], [566533.1777974175, 5951172.948706725]]}, "properties": {"highway": "service", "osm_id": 1354216764, "tile_500": "NO_E566500_N5951000_500", "tile_250": "NO_E566500_N5951000_250", "LaneCount": 2, "DirectionMode": "two-way", "OSMWidthMeters": 4.0, "ScaledOSMWidthStuds": 14.285712, "GameplayMinimumStuds": 28.0, "FinalWidthStuds": 28.0}}, {"type": "Feature", "geometry": {"type": "LineString", "coordinates": [[566533.0635103158, 5951167.505875216], [566615.0146648656, 5951165.820062624]]}, "properties": {"highway": "footway", "lit": "yes", "surface": "paving_stones", "osm_id": 1354216766, "tile_500": "NO_E566500_N5951000_500", "tile_250": "NO_E566500_N5951000_250", "LaneCount": 2, "DirectionMode": "two-way", "OSMWidthMeters": 2.0, "ScaledOSMWidthStuds": 7.142856, "GameplayMinimumStuds": 7.0, "FinalWidthStuds": 7.142856}}, {"type": "Feature", "geometry": {"type": "LineString", "coordinates": [[566187.4517378223, 5951147.718617873], [566247.9668385832, 5951138.446873232]]}, "properties": {"cycleway:left": "no", "cycleway:right": "separate", "highway": "secondary", "lanes": "2", "lit": "yes", "maxspeed": "50", "name": "Alter Kirchenweg", "oneway": "yes", "sidewalk:left": "no", "sidewalk:right": "separate", "sidewalk:right:surface": "paving_stones", "surface": "asphalt", "osm_id": 1356009755, "tile_500": "NO_E566000_N5951000_500", "tile_250": "NO_E566000_N5951000_250", "LaneCount": 2, "DirectionMode": "one-way", "OSMWidthMeters": 14.0, "ScaledOSMWidthStuds": 49.999992, "GameplayMinimumStuds": 28.0, "FinalWidthStuds": 49.999992}}, {"type": "Feature", "geometry": {"type": "LineString", "coordinates": [[565496.268204569, 5951355.989861334], [565502.0076519715, 5951356.292528633]]}, "properties": {"highway": "footway", "lit": "yes", "surface": "asphalt", "osm_id": 1356411150, "tile_500": "NO_E565000_N5951000_500", "tile_250": "NO_E565250_N5951250_250", "LaneCount": 2, "DirectionMode": "two-way", "OSMWidthMeters": 2.0, "ScaledOSMWidthStuds": 7.142856, "GameplayMinimumStuds": 7.0, "FinalWidthStuds": 7.142856}}, {"type": "Feature", "geometry": {"type": "LineString", "coordinates": [[566971.2354468501, 5952282.859567762], [566985.4334466321, 5952286.101411478]]}, "properties": {"highway": "path", "lit": "no", "surface": "compacted", "osm_id": 1363587352, "tile_500": "NO_E566500_N5952000_500", "tile_250": "NO_E566750_N5952250_250", "LaneCount": 2, "DirectionMode": "two-way", "OSMWidthMeters": 1.5, "ScaledOSMWidthStuds": 5.357142, "GameplayMinimumStuds": 6.0, "FinalWidthStuds": 6.0}}, {"type": "Feature", "geometry": {"type": "LineString", "coordinates": [[566960.0167965812, 5952291.11160848], [566963.9964376489, 5952273.476075806]]}, "properties": {"highway": "path", "lit": "no", "surface": "compacted", "osm_id": 1363587359, "tile_500": "NO_E566500_N5952000_500", "tile_250": "NO_E566750_N5952250_250", "LaneCount": 2, "DirectionMode": "two-way", "OSMWidthMeters": 1.5, "ScaledOSMWidthStuds": 5.357142, "GameplayMinimumStuds": 6.0, "FinalWidthStuds": 6.0}}, {"type": "Feature", "geometry": {"type": "LineString", "coordinates": [[565352.1732128231, 5951424.3487534635], [565308.8316284628, 5951432.457808596]]}, "properties": {"cycleway:left": "no", "cycleway:right": "separate", "highway": "secondary", "lanes": "1", "lit": "yes", "maxspeed": "50", "name": "Rathausallee", "oneway": "yes", "sidewalk:left": "no", "sidewalk:right": "separate", "surface": "asphalt", "osm_id": 1378925861, "tile_500": "NO_E565000_N5951000_500", "tile_250": "NO_E565250_N5951250_250", "LaneCount": 1, "DirectionMode": "one-way", "OSMWidthMeters": 14.0, "ScaledOSMWidthStuds": 49.999992, "GameplayMinimumStuds": 14.0, "FinalWidthStuds": 49.999992}}, {"type": "Feature", "geometry": {"type": "LineString", "coordinates": [[565332.5394145036, 5951417.710573786], [565385.1802149182, 5951406.971782957]]}, "properties": {"cycleway:left": "no", "cycleway:right": "separate", "highway": "secondary", "lanes": "1", "lit": "yes", "maxspeed": "50", "name": "Rathausallee", "oneway": "yes", "sidewalk:left": "no", "sidewalk:right": "separate", "surface": "asphalt", "osm_id": 1378925862, "tile_500": "NO_E565000_N5951000_500", "tile_250": "NO_E565250_N5951250_250", "LaneCount": 1, "DirectionMode": "one-way", "OSMWidthMeters": 14.0, "ScaledOSMWidthStuds": 49.999992, "GameplayMinimumStuds": 14.0, "FinalWidthStuds": 49.999992}}, {"type": "Feature", "geometry": {"type": "LineString", "coordinates": [[565308.8316284628, 5951432.457808596], [565272.2246392614, 5951440.04895544]]}, "properties": {"cycleway:left": "no", "cycleway:right": "separate", "highway": "secondary", "lanes": "2", "lit": "yes", "maxspeed": "50", "name": "Rathausallee", "oneway": "yes", "sidewalk:left": "no", "sidewalk:right": "separate", "surface": "asphalt", "turn:lanes": "left|through", "osm_id": 1378925863, "tile_500": "NO_E565000_N5951000_500", "tile_250": "NO_E565250_N5951250_250", "LaneCount": 2, "DirectionMode": "one-way", "OSMWidthMeters": 14.0, "ScaledOSMWidthStuds": 49.999992, "GameplayMinimumStuds": 28.0, "FinalWidthStuds": 49.999992}}, {"type": "Feature", "geometry": {"type": "LineString", "coordinates": [[565270.1025760525, 5951431.240103333], [565303.8141028802, 5951423.931323849]]}, "properties": {"cycleway:left": "no", "cycleway:right": "separate", "highway": "secondary", "lanes": "1", "lit": "yes", "maxspeed": "50", "name": "Rathausallee", "oneway": "yes", "sidewalk:left": "no", "sidewalk:right": "separate", "surface": "asphalt", "osm_id": 1378925864, "tile_500": "NO_E565000_N5951000_500", "tile_250": "NO_E565250_N5951250_250", "LaneCount": 1, "DirectionMode": "one-way", "OSMWidthMeters": 14.0, "ScaledOSMWidthStuds": 49.999992, "GameplayMinimumStuds": 14.0, "FinalWidthStuds": 49.999992}}, {"type": "Feature", "geometry": {"type": "LineString", "coordinates": [[565303.8141028802, 5951423.931323849], [565332.5394145036, 5951417.710573786]]}, "properties": {"cycleway:left": "no", "cycleway:right": "separate", "highway": "secondary", "lanes": "2", "lit": "yes", "maxspeed": "50", "name": "Rathausallee", "oneway": "yes", "sidewalk:left": "no", "sidewalk:right": "separate", "surface": "asphalt", "turn:lanes": "left|", "osm_id": 1378925865, "tile_500": "NO_E565000_N5951000_500", "tile_250": "NO_E565250_N5951250_250", "LaneCount": 2, "DirectionMode": "one-way", "OSMWidthMeters": 14.0, "ScaledOSMWidthStuds": 49.999992, "GameplayMinimumStuds": 28.0, "FinalWidthStuds": 49.999992}}, {"type": "Feature", "geometry": {"type": "LineString", "coordinates": [[565378.6443181933, 5951424.506133274], [565373.7196111276, 5951403.640838022]]}, "properties": {"bicycle": "yes", "highway": "footway", "lit": "yes", "surface": "paving_stones", "osm_id": 1378925866, "tile_500": "NO_E565000_N5951000_500", "tile_250": "NO_E565250_N5951250_250", "LaneCount": 2, "DirectionMode": "two-way", "OSMWidthMeters": 2.0, "ScaledOSMWidthStuds": 7.142856, "GameplayMinimumStuds": 7.0, "FinalWidthStuds": 7.142856}}, {"type": "Feature", "geometry": {"type": "LineString", "coordinates": [[565251.1534958694, 5951452.262784138], [565249.810356688, 5951446.780668605]]}, "properties": {"bicycle": "designated", "cycleway:surface": "paving_stones", "foot": "designated", "footway:surface": "paving_stones", "highway": "path", "lit": "yes", "segregated": "yes", "surface": "paving_stones", "osm_id": 1378925867, "tile_500": "NO_E565000_N5951000_500", "tile_250": "NO_E565250_N5951250_250", "LaneCount": 2, "DirectionMode": "two-way", "OSMWidthMeters": 1.5, "ScaledOSMWidthStuds": 5.357142, "GameplayMinimumStuds": 6.0, "FinalWidthStuds": 6.0}}, {"type": "Feature", "geometry": {"type": "LineString", "coordinates": [[565272.5865746074, 5951441.556157533], [565269.5284475412, 5951428.850903835]]}, "properties": {"bicycle": "designated", "cycleway:surface": "asphalt", "foot": "designated", "footway:surface": "asphalt", "highway": "path", "lit": "yes", "path": "crossing", "segregated": "yes", "surface": "asphalt", "osm_id": 1378925868, "tile_500": "NO_E565000_N5951000_500", "tile_250": "NO_E565250_N5951250_250", "LaneCount": 2, "DirectionMode": "two-way", "OSMWidthMeters": 1.5, "ScaledOSMWidthStuds": 5.357142, "GameplayMinimumStuds": 6.0, "FinalWidthStuds": 6.0}}, {"type": "Feature", "geometry": {"type": "LineString", "coordinates": [[565268.2921144832, 5951423.759719365], [565383.5589073709, 5951401.563640052]]}, "properties": {"bicycle": "designated", "foot": "designated", "highway": "path", "lit": "yes", "segregated": "yes", "osm_id": 1378925869, "tile_500": "NO_E565000_N5951000_500", "tile_250": "NO_E565250_N5951250_250", "LaneCount": 2, "DirectionMode": "two-way", "OSMWidthMeters": 1.5, "ScaledOSMWidthStuds": 5.357142, "GameplayMinimumStuds": 6.0, "FinalWidthStuds": 6.0}}, {"type": "Feature", "geometry": {"type": "LineString", "coordinates": [[565273.9160236925, 5951447.071471094], [565272.5865746074, 5951441.556157533]]}, "properties": {"bicycle": "designated", "cycleway:surface": "paving_stones", "foot": "designated", "footway:surface": "paving_stones", "highway": "path", "lit": "yes", "segregated": "yes", "surface": "paving_stones", "osm_id": 1378925870, "tile_500": "NO_E565000_N5951000_500", "tile_250": "NO_E565250_N5951250_250", "LaneCount": 2, "DirectionMode": "two-way", "OSMWidthMeters": 1.5, "ScaledOSMWidthStuds": 5.357142, "GameplayMinimumStuds": 6.0, "FinalWidthStuds": 6.0}}, {"type": "Feature", "geometry": {"type": "LineString", "coordinates": [[565269.5284475412, 5951428.850903835], [565268.2921144832, 5951423.759719365]]}, "properties": {"bicycle": "designated", "cycleway:surface": "paving_stones", "foot": "designated", "footway:surface": "paving_stones", "highway": "path", "lit": "yes", "segregated": "yes", "surface": "paving_stones", "osm_id": 1378925871, "tile_500": "NO_E565000_N5951000_500", "tile_250": "NO_E565250_N5951250_250", "LaneCount": 2, "DirectionMode": "two-way", "OSMWidthMeters": 1.5, "ScaledOSMWidthStuds": 5.357142, "GameplayMinimumStuds": 6.0, "FinalWidthStuds": 6.0}}, {"type": "Feature", "geometry": {"type": "LineString", "coordinates": [[565246.5994839862, 5951433.661601782], [565241.4614391107, 5951411.480485755]]}, "properties": {"bicycle": "designated", "cycleway:surface": "paving_stones", "foot": "designated", "footway:surface": "paving_stones", "highway": "path", "lit": "yes", "segregated": "yes", "surface": "paving_stones", "osm_id": 1378925872, "tile_500": "NO_E565000_N5951000_500", "tile_250": "NO_E565000_N5951250_250", "LaneCount": 2, "DirectionMode": "two-way", "OSMWidthMeters": 1.5, "ScaledOSMWidthStuds": 5.357142, "GameplayMinimumStuds": 6.0, "FinalWidthStuds": 6.0}}, {"type": "Feature", "geometry": {"type": "LineString", "coordinates": [[565248.5983984882, 5951441.834481605], [565247.9174668556, 5951439.054348993]]}, "properties": {"bicycle": "designated", "cycleway:surface": "paving_stones", "foot": "designated", "footway:surface": "paving_stones", "highway": "path", "lit": "yes", "segregated": "yes", "surface": "paving_stones", "osm_id": 1378925873, "tile_500": "NO_E565000_N5951000_500", "tile_250": "NO_E565000_N5951250_250", "LaneCount": 2, "DirectionMode": "two-way", "OSMWidthMeters": 1.5, "ScaledOSMWidthStuds": 5.357142, "GameplayMinimumStuds": 6.0, "FinalWidthStuds": 6.0}}, {"type": "Feature", "geometry": {"type": "LineString", "coordinates": [[565249.810356688, 5951446.780668605], [565248.5983984882, 5951441.834481605]]}, "properties": {"bicycle": "designated", "cycleway:surface": "asphalt", "foot": "designated", "footway:surface": "asphalt", "highway": "path", "lit": "yes", "path": "crossing", "segregated": "yes", "surface": "asphalt", "osm_id": 1378925874, "tile_500": "NO_E565000_N5951000_500", "tile_250": "NO_E565000_N5951250_250", "LaneCount": 2, "DirectionMode": "two-way", "OSMWidthMeters": 1.5, "ScaledOSMWidthStuds": 5.357142, "GameplayMinimumStuds": 6.0, "FinalWidthStuds": 6.0}}, {"type": "Feature", "geometry": {"type": "LineString", "coordinates": [[565240.1732521957, 5951424.358950368], [565244.2075219533, 5951423.3690969655]]}, "properties": {"highway": "footway", "lit": "yes", "surface": "paving_stones", "osm_id": 1378925875, "tile_500": "NO_E565000_N5951000_500", "tile_250": "NO_E565000_N5951250_250", "LaneCount": 2, "DirectionMode": "two-way", "OSMWidthMeters": 2.0, "ScaledOSMWidthStuds": 7.142856, "GameplayMinimumStuds": 7.0, "FinalWidthStuds": 7.142856}}, {"type": "Feature", "geometry": {"type": "LineString", "coordinates": [[565215.153275446, 5951430.468892782], [565240.1732521957, 5951424.358950368]]}, "properties": {"highway": "service", "osm_id": 1378925876, "tile_500": "NO_E565000_N5951000_500", "tile_250": "NO_E565000_N5951250_250", "LaneCount": 2, "DirectionMode": "two-way", "OSMWidthMeters": 4.0, "ScaledOSMWidthStuds": 14.285712, "GameplayMinimumStuds": 28.0, "FinalWidthStuds": 28.0}}, {"type": "Feature", "geometry": {"type": "LineString", "coordinates": [[565247.9174668556, 5951439.054348993], [565246.5994839862, 5951433.661601782]]}, "properties": {"bicycle": "designated", "cycleway:surface": "asphalt", "foot": "designated", "footway:surface": "asphalt", "highway": "path", "lit": "yes", "path": "crossing", "segregated": "yes", "surface": "asphalt", "osm_id": 1378925877, "tile_500": "NO_E565000_N5951000_500", "tile_250": "NO_E565000_N5951250_250", "LaneCount": 2, "DirectionMode": "two-way", "OSMWidthMeters": 1.5, "ScaledOSMWidthStuds": 5.357142, "GameplayMinimumStuds": 6.0, "FinalWidthStuds": 6.0}}, {"type": "Feature", "geometry": {"type": "LineString", "coordinates": [[565254.8874941061, 5951408.306799345], [565260.8092855439, 5951406.886999081]]}, "properties": {"bicycle": "designated", "cycleway:surface": "paving_stones", "foot": "designated", "footway:surface": "sett", "highway": "path", "lit": "yes", "path": "crossing", "segregated": "yes", "osm_id": 1378925878, "tile_500": "NO_E565000_N5951000_500", "tile_250": "NO_E565250_N5951250_250", "LaneCount": 2, "DirectionMode": "two-way", "OSMWidthMeters": 1.5, "ScaledOSMWidthStuds": 5.357142, "GameplayMinimumStuds": 6.0, "FinalWidthStuds": 6.0}}, {"type": "Feature", "geometry": {"type": "LineString", "coordinates": [[565248.6811088106, 5951409.778284927], [565252.3838177116, 5951408.895098836]]}, "properties": {"bicycle": "designated", "cycleway:surface": "paving_stones", "foot": "designated", "footway:surface": "sett", "highway": "path", "lit": "yes", "path": "crossing", "segregated": "yes", "osm_id": 1378925879, "tile_500": "NO_E565000_N5951000_500", "tile_250": "NO_E565250_N5951250_250", "LaneCount": 2, "DirectionMode": "two-way", "OSMWidthMeters": 1.5, "ScaledOSMWidthStuds": 5.357142, "GameplayMinimumStuds": 6.0, "FinalWidthStuds": 6.0}}, {"type": "Feature", "geometry": {"type": "LineString", "coordinates": [[565252.3838177116, 5951408.895098836], [565254.8874941061, 5951408.306799345]]}, "properties": {"bicycle": "designated", "cycleway:surface": "paving_stones", "foot": "designated", "footway:surface": "paving_stones", "highway": "path", "lit": "yes", "segregated": "yes", "surface": "paving_stones", "osm_id": 1378925880, "tile_500": "NO_E565000_N5951000_500", "tile_250": "NO_E565250_N5951250_250", "LaneCount": 2, "DirectionMode": "two-way", "OSMWidthMeters": 1.5, "ScaledOSMWidthStuds": 5.357142, "GameplayMinimumStuds": 6.0, "FinalWidthStuds": 6.0}}, {"type": "Feature", "geometry": {"type": "LineString", "coordinates": [[565260.8092855439, 5951406.886999081], [565268.2921144832, 5951423.759719365]]}, "properties": {"bicycle": "designated", "cycleway:surface": "paving_stones", "foot": "designated", "footway:surface": "paving_stones", "highway": "path", "lit": "yes", "segregated": "yes", "surface": "paving_stones", "osm_id": 1378925881, "tile_500": "NO_E565000_N5951000_500", "tile_250": "NO_E565250_N5951250_250", "LaneCount": 2, "DirectionMode": "two-way", "OSMWidthMeters": 1.5, "ScaledOSMWidthStuds": 5.357142, "GameplayMinimumStuds": 6.0, "FinalWidthStuds": 6.0}}, {"type": "Feature", "geometry": {"type": "LineString", "coordinates": [[565241.4614391107, 5951411.480485755], [565248.6811088106, 5951409.778284927]]}, "properties": {"bicycle": "designated", "cycleway:surface": "paving_stones", "foot": "designated", "footway:surface": "paving_stones", "highway": "path", "lit": "yes", "segregated": "yes", "surface": "paving_stones", "osm_id": 1378925882, "tile_500": "NO_E565000_N5951000_500", "tile_250": "NO_E565000_N5951250_250", "LaneCount": 2, "DirectionMode": "two-way", "OSMWidthMeters": 1.5, "ScaledOSMWidthStuds": 5.357142, "GameplayMinimumStuds": 6.0, "FinalWidthStuds": 6.0}}, {"type": "Feature", "geometry": {"type": "LineString", "coordinates": [[565255.8056152407, 5951434.379377581], [565250.4430460953, 5951409.357702273]]}, "properties": {"cycleway:left": "no", "cycleway:right": "separate", "highway": "residential", "lanes": "1", "lit": "yes", "maxspeed": "30", "name": "Buckh\u00f6rner Moor", "oneway": "yes", "sidewalk:left": "no", "sidewalk:right": "separate", "smoothness": "bad", "surface": "sett", "osm_id": 1378925883, "tile_500": "NO_E565000_N5951000_500", "tile_250": "NO_E565250_N5951250_250", "LaneCount": 1, "DirectionMode": "one-way", "OSMWidthMeters": 6.0, "ScaledOSMWidthStuds": 21.428568, "GameplayMinimumStuds": 14.0, "FinalWidthStuds": 21.428568}}, {"type": "Feature", "geometry": {"type": "LineString", "coordinates": [[565261.8690898742, 5951442.230474639], [565255.8056152407, 5951434.379377581]]}, "properties": {"cycleway:left": "no", "cycleway:right": "separate", "highway": "residential", "lanes": "1", "lit": "yes", "maxspeed": "50", "name": "Buckh\u00f6rner Moor", "oneway": "yes", "sidewalk:left": "no", "sidewalk:right": "separate", "surface": "asphalt", "osm_id": 1378925884, "tile_500": "NO_E565000_N5951000_500", "tile_250": "NO_E565250_N5951250_250", "LaneCount": 1, "DirectionMode": "one-way", "OSMWidthMeters": 6.0, "ScaledOSMWidthStuds": 21.428568, "GameplayMinimumStuds": 14.0, "FinalWidthStuds": 21.428568}}, {"type": "Feature", "geometry": {"type": "LineString", "coordinates": [[565255.8056152407, 5951434.379377581], [565263.4014856755, 5951432.682432453]]}, "properties": {"cycleway:left": "no", "cycleway:right": "separate", "highway": "secondary", "lanes": "1", "lit": "yes", "maxspeed": "50", "name": "Rathausallee", "oneway": "yes", "sidewalk:left": "no", "sidewalk:right": "separate", "surface": "asphalt", "osm_id": 1378925885, "tile_500": "NO_E565000_N5951000_500", "tile_250": "NO_E565250_N5951250_250", "LaneCount": 1, "DirectionMode": "one-way", "OSMWidthMeters": 14.0, "ScaledOSMWidthStuds": 49.999992, "GameplayMinimumStuds": 14.0, "FinalWidthStuds": 49.999992}}, {"type": "Feature", "geometry": {"type": "LineString", "coordinates": [[565263.4014856755, 5951432.682432453], [565270.1025760525, 5951431.240103333]]}, "properties": {"cycleway:left": "no", "cycleway:right": "separate", "highway": "secondary", "lanes": "1", "lit": "yes", "maxspeed": "50", "name": "Rathausallee", "oneway": "yes", "sidewalk:left": "no", "sidewalk:right": "separate", "surface": "asphalt", "osm_id": 1378925886, "tile_500": "NO_E565000_N5951000_500", "tile_250": "NO_E565250_N5951250_250", "LaneCount": 1, "DirectionMode": "one-way", "OSMWidthMeters": 14.0, "ScaledOSMWidthStuds": 49.999992, "GameplayMinimumStuds": 14.0, "FinalWidthStuds": 49.999992}}, {"type": "Feature", "geometry": {"type": "LineString", "coordinates": [[565272.2246392614, 5951440.04895544], [565261.8690898742, 5951442.230474639]]}, "properties": {"cycleway:left": "no", "cycleway:right": "separate", "highway": "secondary", "lanes": "2", "lit": "yes", "maxspeed": "50", "name": "Rathausallee", "oneway": "yes", "sidewalk:left": "no", "sidewalk:right": "separate", "surface": "asphalt", "turn:lanes": "left|through", "osm_id": 1378925887, "tile_500": "NO_E565000_N5951000_500", "tile_250": "NO_E565250_N5951250_250", "LaneCount": 2, "DirectionMode": "one-way", "OSMWidthMeters": 14.0, "ScaledOSMWidthStuds": 49.999992, "GameplayMinimumStuds": 28.0, "FinalWidthStuds": 49.999992}}, {"type": "Feature", "geometry": {"type": "LineString", "coordinates": [[565261.8690898742, 5951442.230474639], [565249.360649005, 5951444.93843292]]}, "properties": {"cycleway:left": "no", "cycleway:right": "separate", "highway": "secondary", "lanes": "1", "lit": "yes", "maxspeed": "50", "name": "Rathausallee", "oneway": "yes", "sidewalk:left": "no", "sidewalk:right": "separate", "surface": "asphalt", "osm_id": 1378925888, "tile_500": "NO_E565000_N5951000_500", "tile_250": "NO_E565250_N5951250_250", "LaneCount": 1, "DirectionMode": "one-way", "OSMWidthMeters": 14.0, "ScaledOSMWidthStuds": 49.999992, "GameplayMinimumStuds": 14.0, "FinalWidthStuds": 49.999992}}, {"type": "Feature", "geometry": {"type": "LineString", "coordinates": [[565247.2429801667, 5951436.285433299], [565255.8056152407, 5951434.379377581]]}, "properties": {"cycleway:left": "no", "cycleway:right": "separate", "highway": "secondary", "lanes": "1", "lit": "yes", "maxspeed": "50", "name": "Rathausallee", "oneway": "yes", "sidewalk:left": "no", "sidewalk:right": "separate", "surface": "asphalt", "osm_id": 1378925889, "tile_500": "NO_E565000_N5951000_500", "tile_250": "NO_E565250_N5951250_250", "LaneCount": 1, "DirectionMode": "one-way", "OSMWidthMeters": 14.0, "ScaledOSMWidthStuds": 49.999992, "GameplayMinimumStuds": 14.0, "FinalWidthStuds": 49.999992}}, {"type": "Feature", "geometry": {"type": "LineString", "coordinates": [[565250.4430460953, 5951409.357702273], [565249.8653687136, 5951392.9816169925]]}, "properties": {"cycleway:left": "no", "cycleway:right": "track", "highway": "residential", "lanes": "1", "lit": "yes", "maxspeed": "30", "name": "Buckh\u00f6rner Moor", "oneway": "yes", "sidewalk": "right", "sidewalk:right:surface": "paving_stones", "smoothness": "bad", "surface": "sett", "osm_id": 1378925890, "tile_500": "NO_E565000_N5951000_500", "tile_250": "NO_E565250_N5951250_250", "LaneCount": 1, "DirectionMode": "one-way", "OSMWidthMeters": 6.0, "ScaledOSMWidthStuds": 21.428568, "GameplayMinimumStuds": 14.0, "FinalWidthStuds": 21.428568}}, {"type": "Feature", "geometry": {"type": "LineString", "coordinates": [[565249.8653687136, 5951392.9816169925], [565257.3715242078, 5951407.7071007565]]}, "properties": {"cycleway:left": "no", "cycleway:right": "track", "highway": "residential", "lanes": "2", "lit": "yes", "maxspeed": "30", "name": "Buckh\u00f6rner Moor", "oneway": "yes", "sidewalk": "right", "sidewalk:right:surface": "paving_stones", "smoothness": "bad", "surface": "sett", "turn:lanes": "left|right", "osm_id": 1378925891, "tile_500": "NO_E565000_N5951000_500", "tile_250": "NO_E565250_N5951250_250", "LaneCount": 2, "DirectionMode": "one-way", "OSMWidthMeters": 6.0, "ScaledOSMWidthStuds": 21.428568, "GameplayMinimumStuds": 28.0, "FinalWidthStuds": 28.0}}, {"type": "Feature", "geometry": {"type": "LineString", "coordinates": [[565332.5394145036, 5951417.710573786], [565335.2301151945, 5951435.929828573]]}, "properties": {"cycleway:both": "no", "highway": "residential", "lanes": "2", "lit": "yes", "maxspeed:type": "DE:urban", "name": "Rathausallee", "sidewalk:both": "separate", "surface": "asphalt", "osm_id": 1378926800, "tile_500": "NO_E565000_N5951000_500", "tile_250": "NO_E565250_N5951250_250", "LaneCount": 2, "DirectionMode": "two-way", "OSMWidthMeters": 6.0, "ScaledOSMWidthStuds": 21.428568, "GameplayMinimumStuds": 28.0, "FinalWidthStuds": 28.0}}, {"type": "Feature", "geometry": {"type": "LineString", "coordinates": [[566042.1457359395, 5951196.299930872], [566002.0540670719, 5951210.612862598]]}, "properties": {"cycleway:left": "no", "cycleway:right": "separate", "highway": "secondary", "lanes": "2", "lit": "yes", "maxspeed": "50", "name": "Alter Kirchenweg", "oneway": "yes", "sidewalk:left": "no", "sidewalk:right": "separate", "surface": "asphalt", "osm_id": 1378932207, "tile_500": "NO_E566000_N5951000_500", "tile_250": "NO_E566000_N5951000_250", "LaneCount": 2, "DirectionMode": "one-way", "OSMWidthMeters": 14.0, "ScaledOSMWidthStuds": 49.999992, "GameplayMinimumStuds": 28.0, "FinalWidthStuds": 49.999992}}, {"type": "Feature", "geometry": {"type": "LineString", "coordinates": [[565987.7827367435, 5951215.597405712], [566002.0540670719, 5951210.612862598]]}, "properties": {"cycleway:left": "separate", "cycleway:right": "lane", "cycleway:right:lane": "advisory", "highway": "secondary", "lanes": "2", "lit": "yes", "maxspeed": "50", "name": "Alter Kirchenweg", "sidewalk:left": "separate", "sidewalk:right": "yes", "sidewalk:right:surface": "paving_stones", "surface": "asphalt", "osm_id": 1378932208, "tile_500": "NO_E565500_N5951000_500", "tile_250": "NO_E565750_N5951000_250", "LaneCount": 2, "DirectionMode": "two-way", "OSMWidthMeters": 14.0, "ScaledOSMWidthStuds": 49.999992, "GameplayMinimumStuds": 28.0, "FinalWidthStuds": 49.999992}}, {"type": "Feature", "geometry": {"type": "LineString", "coordinates": [[566002.0540670719, 5951210.612862598], [566042.1457359395, 5951196.299930872]]}, "properties": {"cycleway:left": "no", "cycleway:right": "lane", "cycleway:right:lane": "advisory", "highway": "secondary", "lanes": "2", "lit": "yes", "maxspeed": "50", "name": "Alter Kirchenweg", "oneway": "yes", "sidewalk:left": "no", "sidewalk:right": "yes", "sidewalk:right:surface": "paving_stones", "surface": "asphalt", "osm_id": 1378932209, "tile_500": "NO_E566000_N5951000_500", "tile_250": "NO_E566000_N5951000_250", "LaneCount": 2, "DirectionMode": "one-way", "OSMWidthMeters": 14.0, "ScaledOSMWidthStuds": 49.999992, "GameplayMinimumStuds": 28.0, "FinalWidthStuds": 49.999992}}, {"type": "Feature", "geometry": {"type": "LineString", "coordinates": [[566247.9668385832, 5951138.446873232], [566187.4517378223, 5951147.718617873]]}, "properties": {"cycleway:left": "no", "cycleway:right": "separate", "highway": "secondary", "lanes": "2", "lit": "yes", "maxspeed": "50", "name": "Alter Kirchenweg", "oneway": "yes", "sidewalk:left": "no", "sidewalk:right": "separate", "surface": "asphalt", "osm_id": 1378932210, "tile_500": "NO_E566000_N5951000_500", "tile_250": "NO_E566000_N5951000_250", "LaneCount": 2, "DirectionMode": "one-way", "OSMWidthMeters": 14.0, "ScaledOSMWidthStuds": 49.999992, "GameplayMinimumStuds": 28.0, "FinalWidthStuds": 49.999992}}, {"type": "Feature", "geometry": {"type": "LineString", "coordinates": [[566178.7032077161, 5951150.566182801], [566187.4517378223, 5951147.718617873]]}, "properties": {"cycleway:both": "separate", "highway": "secondary", "lanes": "2", "lit": "yes", "maxspeed": "50", "name": "Alter Kirchenweg", "sidewalk:both": "separate", "sidewalk:right:surface": "paving_stones", "surface": "asphalt", "osm_id": 1378932211, "tile_500": "NO_E566000_N5951000_500", "tile_250": "NO_E566000_N5951000_250", "LaneCount": 2, "DirectionMode": "two-way", "OSMWidthMeters": 14.0, "ScaledOSMWidthStuds": 49.999992, "GameplayMinimumStuds": 28.0, "FinalWidthStuds": 49.999992}}, {"type": "Feature", "geometry": {"type": "LineString", "coordinates": [[566988.2015308449, 5951295.235259676], [566999.5268719281, 5951299.202517743]]}, "properties": {"cycleway:left": "no", "cycleway:right": "separate", "highway": "secondary", "lanes": "2", "lit": "yes", "maxspeed": "50", "name": "Stonsdorfer Weg", "oneway": "yes", "sidewalk:left": "no", "sidewalk:right": "separate", "surface": "asphalt", "osm_id": 1378932212, "tile_500": "NO_E566500_N5951000_500", "tile_250": "NO_E566750_N5951250_250", "LaneCount": 2, "DirectionMode": "one-way", "OSMWidthMeters": 14.0, "ScaledOSMWidthStuds": 49.999992, "GameplayMinimumStuds": 28.0, "FinalWidthStuds": 49.999992}}, {"type": "Feature", "geometry": {"type": "LineString", "coordinates": [[566999.4551604869, 5951304.224429975], [566993.9072833573, 5951300.212714333]]}, "properties": {"cycleway:left": "no", "cycleway:right": "separate", "highway": "secondary", "lanes": "2", "lit": "yes", "maxspeed": "50", "name": "Stonsdorfer Weg", "oneway": "yes", "sidewalk:left": "no", "sidewalk:right": "separate", "surface": "asphalt", "osm_id": 1378932214, "tile_500": "NO_E566500_N5951000_500", "tile_250": "NO_E566750_N5951250_250", "LaneCount": 2, "DirectionMode": "one-way", "OSMWidthMeters": 14.0, "ScaledOSMWidthStuds": 49.999992, "GameplayMinimumStuds": 28.0, "FinalWidthStuds": 49.999992}}, {"type": "Feature", "geometry": {"type": "LineString", "coordinates": [[566993.9072833573, 5951300.212714333], [566988.2015308449, 5951295.235259676]]}, "properties": {"cycleway:left": "no", "cycleway:right": "separate", "highway": "secondary", "lanes": "2", "lit": "yes", "maxspeed": "50", "name": "Stonsdorfer Weg", "oneway": "yes", "sidewalk:left": "no", "sidewalk:right": "separate", "surface": "asphalt", "osm_id": 1378932216, "tile_500": "NO_E566500_N5951000_500", "tile_250": "NO_E566750_N5951250_250", "LaneCount": 2, "DirectionMode": "one-way", "OSMWidthMeters": 14.0, "ScaledOSMWidthStuds": 49.999992, "GameplayMinimumStuds": 28.0, "FinalWidthStuds": 49.999992}}, {"type": "Feature", "geometry": {"type": "LineString", "coordinates": [[566993.9072833573, 5951300.212714333], [566995.6184109828, 5951297.3551900415]]}, "properties": {"highway": "residential", "lit": "yes", "maxspeed": "30", "name": "Romintener Weg", "oneway": "yes", "oneway:bicycle": "no", "sidewalk": "right", "sidewalk:right:surface": "paving_stones", "surface": "asphalt", "osm_id": 1378932217, "tile_500": "NO_E566500_N5951000_500", "tile_250": "NO_E566750_N5951250_250", "LaneCount": 1, "DirectionMode": "one-way", "OSMWidthMeters": 6.0, "ScaledOSMWidthStuds": 21.428568, "GameplayMinimumStuds": 14.0, "FinalWidthStuds": 21.428568}}, {"type": "Feature", "geometry": {"type": "LineString", "coordinates": [[566984.0745131767, 5951292.973144179], [566988.2015308449, 5951295.235259676]]}, "properties": {"cycleway:both": "separate", "destination:backward": "Rathaus/TriB\u00fchne", "highway": "secondary", "lanes": "2", "lit": "yes", "maxspeed": "50", "name": "Stonsdorfer Weg", "sidewalk:both": "separate", "surface": "asphalt", "osm_id": 1378932219, "tile_500": "NO_E566500_N5951000_500", "tile_250": "NO_E566750_N5951250_250", "LaneCount": 2, "DirectionMode": "two-way", "OSMWidthMeters": 14.0, "ScaledOSMWidthStuds": 49.999992, "GameplayMinimumStuds": 28.0, "FinalWidthStuds": 49.999992}}, {"type": "Feature", "geometry": {"type": "LineString", "coordinates": [[566176.7799745087, 5951143.684701299], [566178.7032077161, 5951150.566182801]]}, "properties": {"cycleway:both": "track", "highway": "residential", "lit": "yes", "maxspeed": "30", "name": "Uhlenkamp", "sidewalk": "both", "sidewalk:both:surface": "paving_stones", "surface": "paving_stones", "osm_id": 1378971487, "tile_500": "NO_E566000_N5951000_500", "tile_250": "NO_E566000_N5951000_250", "LaneCount": 2, "DirectionMode": "two-way", "OSMWidthMeters": 6.0, "ScaledOSMWidthStuds": 21.428568, "GameplayMinimumStuds": 28.0, "FinalWidthStuds": 28.0}}, {"type": "Feature", "geometry": {"type": "LineString", "coordinates": [[565698.2336938528, 5951211.289413378], [565730.4129364237, 5951194.29267809]]}, "properties": {"access": "private", "highway": "service", "service": "parking_aisle", "osm_id": 1393494957, "tile_500": "NO_E565500_N5951000_500", "tile_250": "NO_E565500_N5951000_250", "LaneCount": 2, "DirectionMode": "two-way", "OSMWidthMeters": 4.0, "ScaledOSMWidthStuds": 14.285712, "GameplayMinimumStuds": 28.0, "FinalWidthStuds": 28.0}}, {"type": "Feature", "geometry": {"type": "LineString", "coordinates": [[565699.8563578028, 5951188.290001664], [565721.4016089924, 5951176.808049375]]}, "properties": {"access": "private", "highway": "service", "service": "parking_aisle", "osm_id": 1393494958, "tile_500": "NO_E565500_N5951000_500", "tile_250": "NO_E565500_N5951000_250", "LaneCount": 2, "DirectionMode": "two-way", "OSMWidthMeters": 4.0, "ScaledOSMWidthStuds": 14.285712, "GameplayMinimumStuds": 28.0, "FinalWidthStuds": 28.0}}, {"type": "Feature", "geometry": {"type": "LineString", "coordinates": [[565693.7991865851, 5951170.112400482], [565712.4776967876, 5951160.148075325]]}, "properties": {"access": "private", "highway": "service", "service": "parking_aisle", "osm_id": 1393494959, "tile_500": "NO_E565500_N5951000_500", "tile_250": "NO_E565500_N5951000_250", "LaneCount": 2, "DirectionMode": "two-way", "OSMWidthMeters": 4.0, "ScaledOSMWidthStuds": 14.285712, "GameplayMinimumStuds": 28.0, "FinalWidthStuds": 28.0}}, {"type": "Feature", "geometry": {"type": "LineString", "coordinates": [[565686.4668722897, 5951156.71277083], [565705.1458279912, 5951146.247699126]]}, "properties": {"access": "private", "highway": "service", "service": "parking_aisle", "osm_id": 1393494960, "tile_500": "NO_E565500_N5951000_500", "tile_250": "NO_E565500_N5951000_250", "LaneCount": 2, "DirectionMode": "two-way", "OSMWidthMeters": 4.0, "ScaledOSMWidthStuds": 14.285712, "GameplayMinimumStuds": 28.0, "FinalWidthStuds": 28.0}}, {"type": "Feature", "geometry": {"type": "LineString", "coordinates": [[565677.937106066, 5951141.126593115], [565697.0233371007, 5951130.81184249]]}, "properties": {"access": "private", "highway": "service", "service": "parking_aisle", "osm_id": 1393494961, "tile_500": "NO_E565500_N5951000_500", "tile_250": "NO_E565500_N5951000_250", "LaneCount": 2, "DirectionMode": "two-way", "OSMWidthMeters": 4.0, "ScaledOSMWidthStuds": 14.285712, "GameplayMinimumStuds": 28.0, "FinalWidthStuds": 28.0}}, {"type": "Feature", "geometry": {"type": "LineString", "coordinates": [[565667.6137958607, 5951140.4702556515], [565629.8646047208, 5951159.180987083]]}, "properties": {"access": "private", "highway": "service", "oneway": "yes", "service": "driveway", "osm_id": 1393494962, "tile_500": "NO_E565500_N5951000_500", "tile_250": "NO_E565500_N5951000_250", "LaneCount": 1, "DirectionMode": "one-way", "OSMWidthMeters": 4.0, "ScaledOSMWidthStuds": 14.285712, "GameplayMinimumStuds": 14.0, "FinalWidthStuds": 14.285712}}, {"type": "Feature", "geometry": {"type": "LineString", "coordinates": [[565699.3579322188, 5951235.673677022], [565697.8928064579, 5951216.302997901]]}, "properties": {"access": "private", "highway": "service", "oneway": "yes", "service": "driveway", "osm_id": 1393494963, "tile_500": "NO_E565500_N5951000_500", "tile_250": "NO_E565500_N5951000_250", "LaneCount": 1, "DirectionMode": "one-way", "OSMWidthMeters": 4.0, "ScaledOSMWidthStuds": 14.285712, "GameplayMinimumStuds": 14.0, "FinalWidthStuds": 14.285712}}, {"type": "Feature", "geometry": {"type": "LineString", "coordinates": [[566695.3167022134, 5951132.455272518], [566698.0297239022, 5951123.202600629]]}, "properties": {"highway": "service", "service": "driveway", "osm_id": 1410555311, "tile_500": "NO_E566500_N5951000_500", "tile_250": "NO_E566500_N5951000_250", "LaneCount": 2, "DirectionMode": "two-way", "OSMWidthMeters": 4.0, "ScaledOSMWidthStuds": 14.285712, "GameplayMinimumStuds": 28.0, "FinalWidthStuds": 28.0}}, {"type": "Feature", "geometry": {"type": "LineString", "coordinates": [[566701.5024483147, 5951118.1000585705], [566712.714663525, 5951106.38670412]]}, "properties": {"highway": "service", "service": "parking_aisle", "surface": "paving_stones", "osm_id": 1410555312, "tile_500": "NO_E566500_N5951000_500", "tile_250": "NO_E566500_N5951000_250", "LaneCount": 2, "DirectionMode": "two-way", "OSMWidthMeters": 4.0, "ScaledOSMWidthStuds": 14.285712, "GameplayMinimumStuds": 28.0, "FinalWidthStuds": 28.0}}, {"type": "Feature", "geometry": {"type": "LineString", "coordinates": [[566698.0297239022, 5951123.202600629], [566697.5752747655, 5951111.51255109]]}, "properties": {"highway": "service", "service": "driveway", "osm_id": 1410555313, "tile_500": "NO_E566500_N5951000_500", "tile_250": "NO_E566500_N5951000_250", "LaneCount": 2, "DirectionMode": "two-way", "OSMWidthMeters": 4.0, "ScaledOSMWidthStuds": 14.285712, "GameplayMinimumStuds": 28.0, "FinalWidthStuds": 28.0}}, {"type": "Feature", "geometry": {"type": "LineString", "coordinates": [[566698.0297239022, 5951123.202600629], [566701.5024483147, 5951118.1000585705]]}, "properties": {"highway": "service", "service": "driveway", "osm_id": 1410555315, "tile_500": "NO_E566500_N5951000_500", "tile_250": "NO_E566500_N5951000_250", "LaneCount": 2, "DirectionMode": "two-way", "OSMWidthMeters": 4.0, "ScaledOSMWidthStuds": 14.285712, "GameplayMinimumStuds": 28.0, "FinalWidthStuds": 28.0}}, {"type": "Feature", "geometry": {"type": "LineString", "coordinates": [[566698.3982034588, 5951073.59152866], [566699.8475814343, 5951090.06930097]]}, "properties": {"highway": "footway", "lit": "yes", "surface": "paving_stones", "osm_id": 1410555318, "tile_500": "NO_E566500_N5951000_500", "tile_250": "NO_E566500_N5951000_250", "LaneCount": 2, "DirectionMode": "two-way", "OSMWidthMeters": 2.0, "ScaledOSMWidthStuds": 7.142856, "GameplayMinimumStuds": 7.0, "FinalWidthStuds": 7.142856}}, {"type": "Feature", "geometry": {"type": "LineString", "coordinates": [[566673.7769211216, 5951056.005541323], [566671.530911183, 5951083.9697289495]]}, "properties": {"highway": "footway", "lit": "yes", "surface": "paving_stones", "osm_id": 1410555319, "tile_500": "NO_E566500_N5951000_500", "tile_250": "NO_E566500_N5951000_250", "LaneCount": 2, "DirectionMode": "two-way", "OSMWidthMeters": 2.0, "ScaledOSMWidthStuds": 7.142856, "GameplayMinimumStuds": 7.0, "FinalWidthStuds": 7.142856}}, {"type": "Feature", "geometry": {"type": "LineString", "coordinates": [[566699.8475814343, 5951090.06930097], [566630.4512462997, 5951075.118688553]]}, "properties": {"highway": "footway", "lit": "yes", "surface": "paving_stones", "osm_id": 1410555320, "tile_500": "NO_E566500_N5951000_500", "tile_250": "NO_E566500_N5951000_250", "LaneCount": 2, "DirectionMode": "two-way", "OSMWidthMeters": 2.0, "ScaledOSMWidthStuds": 7.142856, "GameplayMinimumStuds": 7.0, "FinalWidthStuds": 7.142856}}, {"type": "Feature", "geometry": {"type": "LineString", "coordinates": [[566699.8475814343, 5951090.06930097], [566705.2810784135, 5951103.554850694]]}, "properties": {"highway": "footway", "lit": "yes", "surface": "paving_stones", "osm_id": 1410555322, "tile_500": "NO_E566500_N5951000_500", "tile_250": "NO_E566500_N5951000_250", "LaneCount": 2, "DirectionMode": "two-way", "OSMWidthMeters": 2.0, "ScaledOSMWidthStuds": 7.142856, "GameplayMinimumStuds": 7.0, "FinalWidthStuds": 7.142856}}, {"type": "Feature", "geometry": {"type": "LineString", "coordinates": [[566688.2013436935, 5951123.029522464], [566696.5630005257, 5951089.366105817]]}, "properties": {"highway": "footway", "lit": "yes", "surface": "paving_stones", "osm_id": 1410555323, "tile_500": "NO_E566500_N5951000_500", "tile_250": "NO_E566500_N5951000_250", "LaneCount": 2, "DirectionMode": "two-way", "OSMWidthMeters": 2.0, "ScaledOSMWidthStuds": 7.142856, "GameplayMinimumStuds": 7.0, "FinalWidthStuds": 7.142856}}, {"type": "Feature", "geometry": {"type": "LineString", "coordinates": [[566690.6104342872, 5951113.327437886], [566641.4445338334, 5951114.609546623]]}, "properties": {"highway": "footway", "lit": "yes", "surface": "paving_stones", "osm_id": 1410555324, "tile_500": "NO_E566500_N5951000_500", "tile_250": "NO_E566500_N5951000_250", "LaneCount": 2, "DirectionMode": "two-way", "OSMWidthMeters": 2.0, "ScaledOSMWidthStuds": 7.142856, "GameplayMinimumStuds": 7.0, "FinalWidthStuds": 7.142856}}, {"type": "Feature", "geometry": {"type": "LineString", "coordinates": [[565824.7918053297, 5951830.855932789], [565805.54328956, 5951836.9172549965]]}, "properties": {"highway": "path", "osm_id": 1424597135, "tile_500": "NO_E565500_N5951500_500", "tile_250": "NO_E565750_N5951750_250", "LaneCount": 2, "DirectionMode": "two-way", "OSMWidthMeters": 1.5, "ScaledOSMWidthStuds": 5.357142, "GameplayMinimumStuds": 6.0, "FinalWidthStuds": 6.0}}, {"type": "Feature", "geometry": {"type": "LineString", "coordinates": [[565870.3250304363, 5951768.025530693], [565856.9913331398, 5951764.188607893]]}, "properties": {"highway": "path", "osm_id": 1428524674, "tile_500": "NO_E565500_N5951500_500", "tile_250": "NO_E565750_N5951750_250", "LaneCount": 2, "DirectionMode": "two-way", "OSMWidthMeters": 1.5, "ScaledOSMWidthStuds": 5.357142, "GameplayMinimumStuds": 6.0, "FinalWidthStuds": 6.0}}, {"type": "Feature", "geometry": {"type": "LineString", "coordinates": [[566175.4516004706, 5950890.0325770825], [566121.8364904148, 5950893.91683341]]}, "properties": {"highway": "residential", "maxspeed": "30", "name": "Finkenried", "oneway": "yes", "osm_id": 1442753035, "tile_500": "NO_E566000_N5950500_500", "tile_250": "NO_E566000_N5950750_250", "LaneCount": 1, "DirectionMode": "one-way", "OSMWidthMeters": 6.0, "ScaledOSMWidthStuds": 21.428568, "GameplayMinimumStuds": 14.0, "FinalWidthStuds": 21.428568}}, {"type": "Feature", "geometry": {"type": "LineString", "coordinates": [[566121.8364904148, 5950893.91683341], [566120.3915184527, 5950883.537054668]]}, "properties": {"highway": "residential", "osm_id": 1442753036, "tile_500": "NO_E566000_N5950500_500", "tile_250": "NO_E566000_N5950750_250", "LaneCount": 2, "DirectionMode": "two-way", "OSMWidthMeters": 6.0, "ScaledOSMWidthStuds": 21.428568, "GameplayMinimumStuds": 28.0, "FinalWidthStuds": 28.0}}, {"type": "Feature", "geometry": {"type": "LineString", "coordinates": [[565856.5503281677, 5951274.040729302], [566001.4355089228, 5951208.590139415]]}, "properties": {"highway": "cycleway", "osm_id": 1442756352, "tile_500": "NO_E565500_N5951000_500", "tile_250": "NO_E565750_N5951000_250", "LaneCount": 2, "DirectionMode": "two-way", "OSMWidthMeters": 2.5, "ScaledOSMWidthStuds": 8.92857, "GameplayMinimumStuds": 9.0, "FinalWidthStuds": 9.0}}, {"type": "Feature", "geometry": {"type": "LineString", "coordinates": [[566352.1960466846, 5952181.70559757], [566344.9120105802, 5952154.87496138]]}, "properties": {"highway": "service", "osm_id": 1450177832, "tile_500": "NO_E566000_N5952000_500", "tile_250": "NO_E566250_N5952000_250", "LaneCount": 2, "DirectionMode": "two-way", "OSMWidthMeters": 4.0, "ScaledOSMWidthStuds": 14.285712, "GameplayMinimumStuds": 28.0, "FinalWidthStuds": 28.0}}, {"type": "Feature", "geometry": {"type": "LineString", "coordinates": [[566478.5516588216, 5952144.237820529], [566492.3166408894, 5952194.83930628]]}, "properties": {"highway": "service", "osm_id": 1450342243, "tile_500": "NO_E566000_N5952000_500", "tile_250": "NO_E566250_N5952000_250", "LaneCount": 2, "DirectionMode": "two-way", "OSMWidthMeters": 4.0, "ScaledOSMWidthStuds": 14.285712, "GameplayMinimumStuds": 28.0, "FinalWidthStuds": 28.0}}, {"type": "Feature", "geometry": {"type": "LineString", "coordinates": [[566461.8484704866, 5952149.108523035], [566473.1753429028, 5952184.987452763]]}, "properties": {"highway": "service", "osm_id": 1452344302, "tile_500": "NO_E566000_N5952000_500", "tile_250": "NO_E566250_N5952000_250", "LaneCount": 2, "DirectionMode": "two-way", "OSMWidthMeters": 4.0, "ScaledOSMWidthStuds": 14.285712, "GameplayMinimumStuds": 28.0, "FinalWidthStuds": 28.0}}, {"type": "Feature", "geometry": {"type": "LineString", "coordinates": [[565672.1761562028, 5951362.621456007], [565653.6070476103, 5951316.706764689], [565637.1891232101, 5951176.452672815], [565623.7204112152, 5951149.091721923], [565390.9576773605, 5951060.619193982], [565369.0927848535, 5951028.246067744], [565350.951727281, 5950938.008060625]]}, "properties": {"cycleway:both": "track", "highway": "residential", "lanes": "2", "maxspeed": "30", "name": "Heidbergstra\u00dfe", "sidewalk": "both", "surface": "asphalt", "osm_id": 1452949123, "tile_500": "NO_E565500_N5951000_500", "tile_250": "NO_E565500_N5951000_250", "LaneCount": 2, "DirectionMode": "two-way", "OSMWidthMeters": 6.0, "ScaledOSMWidthStuds": 21.428568, "GameplayMinimumStuds": 28.0, "FinalWidthStuds": 28.0}}, {"type": "Feature", "geometry": {"type": "LineString", "coordinates": [[565350.951727281, 5950938.008060625], [565327.1125909435, 5950869.53342634], [565282.3714218962, 5950822.688597405]]}, "properties": {"access": "no", "cycleway:both": "track", "foot": "yes", "highway": "construction", "lanes": "2", "maxspeed": "30", "name": "Heidbergstra\u00dfe", "opening_date": "2025-12-12", "sidewalk": "both", "surface": "asphalt", "osm_id": 1452949124, "tile_500": "NO_E565000_N5950500_500", "tile_250": "NO_E565250_N5950750_250", "LaneCount": 2, "DirectionMode": "two-way", "OSMWidthMeters": 4.0, "ScaledOSMWidthStuds": 14.285712, "GameplayMinimumStuds": 28.0, "FinalWidthStuds": 28.0}}, {"type": "Feature", "geometry": {"type": "LineString", "coordinates": [[565496.7814704345, 5952183.547526406], [565495.5806463835, 5952159.874363089]]}, "properties": {"access": "no", "bicycle": "designated", "check_date:segregated": "2023-06-23", "foot": "designated", "highway": "path", "lit": "yes", "opening_date": "2025-12-19", "surface": "asphalt", "osm_id": 1452950518, "tile_500": "NO_E565000_N5952000_500", "tile_250": "NO_E565250_N5952000_250", "LaneCount": 2, "DirectionMode": "two-way", "OSMWidthMeters": 1.5, "ScaledOSMWidthStuds": 5.357142, "GameplayMinimumStuds": 6.0, "FinalWidthStuds": 6.0}}, {"type": "Feature", "geometry": {"type": "LineString", "coordinates": [[565496.7814704345, 5952183.547526406], [565498.6484242853, 5952208.676527147]]}, "properties": {"access": "no", "bicycle": "designated", "foot": "designated", "highway": "path", "lit": "yes", "opening_date": "2025-12-19", "surface": "asphalt", "osm_id": 1452950519, "tile_500": "NO_E565000_N5952000_500", "tile_250": "NO_E565250_N5952000_250", "LaneCount": 2, "DirectionMode": "two-way", "OSMWidthMeters": 1.5, "ScaledOSMWidthStuds": 5.357142, "GameplayMinimumStuds": 6.0, "FinalWidthStuds": 6.0}}, {"type": "Feature", "geometry": {"type": "LineString", "coordinates": [[565496.7814704345, 5952183.547526406], [565476.8540044726, 5952190.624380581]]}, "properties": {"access": "no", "bicycle": "yes", "bridge": "yes", "check_date:segregated": "2023-06-23", "foot": "designated", "highway": "footway", "layer": "1", "lit": "yes", "opening_date": "2025-12-19", "surface": "asphalt", "width": "3", "osm_id": 1452950520, "tile_500": "NO_E565000_N5952000_500", "tile_250": "NO_E565250_N5952000_250", "LaneCount": 2, "DirectionMode": "two-way", "OSMWidthMeters": 3.0, "ScaledOSMWidthStuds": 10.714284, "GameplayMinimumStuds": 7.0, "FinalWidthStuds": 10.714284}}, {"type": "Feature", "geometry": {"type": "LineString", "coordinates": [[565558.2438047886, 5951995.855975184], [565585.2691481195, 5951994.3866392225]]}, "properties": {"cycleway:both": "no", "highway": "tertiary", "lanes": "2", "lit": "yes", "maxspeed": "50", "name": "Waldstra\u00dfe", "sidewalk": "both", "surface": "asphalt", "osm_id": 1467589239, "tile_500": "NO_E565500_N5951500_500", "tile_250": "NO_E565500_N5951750_250", "LaneCount": 2, "DirectionMode": "two-way", "OSMWidthMeters": 12.0, "ScaledOSMWidthStuds": 42.857136, "GameplayMinimumStuds": 28.0, "FinalWidthStuds": 42.857136}}, {"type": "Feature", "geometry": {"type": "LineString", "coordinates": [[565481.9501453476, 5951993.421692129], [565429.3346873862, 5951999.953551371]]}, "properties": {"cycleway:both": "no", "highway": "tertiary", "lanes": "2", "lit": "yes", "maxspeed": "30", "name": "Waldstra\u00dfe", "sidewalk": "both", "smoothness": "excellent", "surface": "asphalt", "osm_id": 1467589240, "tile_500": "NO_E565000_N5951500_500", "tile_250": "NO_E565250_N5951750_250", "LaneCount": 2, "DirectionMode": "two-way", "OSMWidthMeters": 12.0, "ScaledOSMWidthStuds": 42.857136, "GameplayMinimumStuds": 28.0, "FinalWidthStuds": 42.857136}}, {"type": "Feature", "geometry": {"type": "LineString", "coordinates": [[565586.4412558489, 5951987.982640475], [565585.2691481195, 5951994.3866392225]]}, "properties": {"cycleway:both": "no", "highway": "residential", "lit": "yes", "maxspeed": "30", "name": "Alter Heidberg", "oneway": "yes", "osm_id": 1471718515, "tile_500": "NO_E565500_N5951500_500", "tile_250": "NO_E565500_N5951750_250", "LaneCount": 1, "DirectionMode": "one-way", "OSMWidthMeters": 6.0, "ScaledOSMWidthStuds": 21.428568, "GameplayMinimumStuds": 14.0, "FinalWidthStuds": 21.428568}}, {"type": "Feature", "geometry": {"type": "LineString", "coordinates": [[565584.0601515117, 5951994.458753292], [565586.4412558489, 5951987.982640475]]}, "properties": {"bicycle": "yes", "highway": "footway", "osm_id": 1471719680, "tile_500": "NO_E565500_N5951500_500", "tile_250": "NO_E565500_N5951750_250", "LaneCount": 2, "DirectionMode": "two-way", "OSMWidthMeters": 2.0, "ScaledOSMWidthStuds": 7.142856, "GameplayMinimumStuds": 7.0, "FinalWidthStuds": 7.142856}}, {"type": "Feature", "geometry": {"type": "LineString", "coordinates": [[566741.7750097867, 5950765.872843593], [566726.7517554131, 5950776.218938023]]}, "properties": {"bicycle": "yes", "foot": "designated", "highway": "footway", "lit": "yes", "surface": "paving_stones", "osm_id": 1484209117, "tile_500": "NO_E566500_N5950500_500", "tile_250": "NO_E566500_N5950750_250", "LaneCount": 2, "DirectionMode": "two-way", "OSMWidthMeters": 2.0, "ScaledOSMWidthStuds": 7.142856, "GameplayMinimumStuds": 7.0, "FinalWidthStuds": 7.142856}}, {"type": "Feature", "geometry": {"type": "LineString", "coordinates": [[566735.1723641558, 5950727.323258231], [566746.9750298377, 5950708.519198492]]}, "properties": {"access": "customers", "highway": "service", "service": "driveway", "osm_id": 1484209118, "tile_500": "NO_E566500_N5950500_500", "tile_250": "NO_E566500_N5950500_250", "LaneCount": 2, "DirectionMode": "two-way", "OSMWidthMeters": 4.0, "ScaledOSMWidthStuds": 14.285712, "GameplayMinimumStuds": 28.0, "FinalWidthStuds": 28.0}}, {"type": "Feature", "geometry": {"type": "LineString", "coordinates": [[566746.9750298377, 5950708.519198492], [566763.8125033076, 5950681.129812128]]}, "properties": {"access": "customers", "highway": "service", "service": "driveway", "osm_id": 1484209119, "tile_500": "NO_E566500_N5950500_500", "tile_250": "NO_E566750_N5950500_250", "LaneCount": 2, "DirectionMode": "two-way", "OSMWidthMeters": 4.0, "ScaledOSMWidthStuds": 14.285712, "GameplayMinimumStuds": 28.0, "FinalWidthStuds": 28.0}}, {"type": "Feature", "geometry": {"type": "LineString", "coordinates": [[566777.6789843949, 5950686.211956964], [566778.6951712477, 5950687.650701764]]}, "properties": {"bicycle": "yes", "highway": "footway", "surface": "paving_stones", "osm_id": 1484209120, "tile_500": "NO_E566500_N5950500_500", "tile_250": "NO_E566750_N5950500_250", "LaneCount": 2, "DirectionMode": "two-way", "OSMWidthMeters": 2.0, "ScaledOSMWidthStuds": 7.142856, "GameplayMinimumStuds": 7.0, "FinalWidthStuds": 7.142856}}, {"type": "Feature", "geometry": {"type": "LineString", "coordinates": [[566747.5184777485, 5950706.056684387], [566777.6789843949, 5950686.211956964]]}, "properties": {"highway": "path", "surface": "ground", "osm_id": 1484209121, "tile_500": "NO_E566500_N5950500_500", "tile_250": "NO_E566750_N5950500_250", "LaneCount": 2, "DirectionMode": "two-way", "OSMWidthMeters": 1.5, "ScaledOSMWidthStuds": 5.357142, "GameplayMinimumStuds": 6.0, "FinalWidthStuds": 6.0}}, {"type": "Feature", "geometry": {"type": "LineString", "coordinates": [[566800.770057888, 5950704.72247733], [566792.699825247, 5950710.393765548]]}, "properties": {"highway": "footway", "surface": "paving_stones", "osm_id": 1484209126, "tile_500": "NO_E566500_N5950500_500", "tile_250": "NO_E566750_N5950500_250", "LaneCount": 2, "DirectionMode": "two-way", "OSMWidthMeters": 2.0, "ScaledOSMWidthStuds": 7.142856, "GameplayMinimumStuds": 7.0, "FinalWidthStuds": 7.142856}}, {"type": "Feature", "geometry": {"type": "LineString", "coordinates": [[566820.2661274986, 5950707.203226985], [566823.9426135411, 5950705.441838821]]}, "properties": {"highway": "footway", "surface": "paving_stones", "osm_id": 1484209127, "tile_500": "NO_E566500_N5950500_500", "tile_250": "NO_E566750_N5950500_250", "LaneCount": 2, "DirectionMode": "two-way", "OSMWidthMeters": 2.0, "ScaledOSMWidthStuds": 7.142856, "GameplayMinimumStuds": 7.0, "FinalWidthStuds": 7.142856}}, {"type": "Feature", "geometry": {"type": "LineString", "coordinates": [[566821.7541276797, 5950710.284402043], [566820.2661274986, 5950707.203226985]]}, "properties": {"bicycle": "yes", "foot": "yes", "highway": "path", "surface": "paving_stones", "osm_id": 1484209128, "tile_500": "NO_E566500_N5950500_500", "tile_250": "NO_E566750_N5950500_250", "LaneCount": 2, "DirectionMode": "two-way", "OSMWidthMeters": 1.5, "ScaledOSMWidthStuds": 5.357142, "GameplayMinimumStuds": 6.0, "FinalWidthStuds": 6.0}}, {"type": "Feature", "geometry": {"type": "LineString", "coordinates": [[566820.2661274986, 5950707.203226985], [566818.9065134062, 5950704.379806702]]}, "properties": {"highway": "footway", "osm_id": 1484209129, "tile_500": "NO_E566500_N5950500_500", "tile_250": "NO_E566750_N5950500_250", "LaneCount": 2, "DirectionMode": "two-way", "OSMWidthMeters": 2.0, "ScaledOSMWidthStuds": 7.142856, "GameplayMinimumStuds": 7.0, "FinalWidthStuds": 7.142856}}, {"type": "Feature", "geometry": {"type": "LineString", "coordinates": [[566823.1411796274, 5950703.76134273], [566820.3844008441, 5950697.969312309]]}, "properties": {"handrail:center": "yes", "handrail:left": "yes", "handrail:right": "yes", "highway": "steps", "incline": "up", "level": "0;1", "step_count": "14", "surface": "concrete", "tactile_paving": "yes", "osm_id": 1484209130, "tile_500": "NO_E566500_N5950500_500", "tile_250": "NO_E566750_N5950500_250", "LaneCount": 2, "DirectionMode": "two-way", "OSMWidthMeters": 2.0, "ScaledOSMWidthStuds": 7.142856, "GameplayMinimumStuds": 28.0, "FinalWidthStuds": 28.0}}, {"type": "Feature", "geometry": {"type": "LineString", "coordinates": [[566818.9065134062, 5950704.379806702], [566819.4653517553, 5950696.665467959]]}, "properties": {"highway": "footway", "layer": "1", "level": "1", "surface": "paving_stones", "osm_id": 1484209131, "tile_500": "NO_E566500_N5950500_500", "tile_250": "NO_E566750_N5950500_250", "LaneCount": 2, "DirectionMode": "two-way", "OSMWidthMeters": 2.0, "ScaledOSMWidthStuds": 7.142856, "GameplayMinimumStuds": 7.0, "FinalWidthStuds": 7.142856}}, {"type": "Feature", "geometry": {"type": "LineString", "coordinates": [[566820.3844008441, 5950697.969312309], [566818.7986949219, 5950695.721288719]]}, "properties": {"highway": "footway", "layer": "1", "level": "1", "surface": "paving_stones", "osm_id": 1484209132, "tile_500": "NO_E566500_N5950500_500", "tile_250": "NO_E566750_N5950500_250", "LaneCount": 2, "DirectionMode": "two-way", "OSMWidthMeters": 2.0, "ScaledOSMWidthStuds": 7.142856, "GameplayMinimumStuds": 7.0, "FinalWidthStuds": 7.142856}}, {"type": "Feature", "geometry": {"type": "LineString", "coordinates": [[566825.1221330836, 5950707.928879301], [566823.1411796274, 5950703.76134273]]}, "properties": {"highway": "footway", "surface": "paving_stones", "osm_id": 1484209133, "tile_500": "NO_E566500_N5950500_500", "tile_250": "NO_E566750_N5950500_250", "LaneCount": 2, "DirectionMode": "two-way", "OSMWidthMeters": 2.0, "ScaledOSMWidthStuds": 7.142856, "GameplayMinimumStuds": 7.0, "FinalWidthStuds": 7.142856}}, {"type": "Feature", "geometry": {"type": "LineString", "coordinates": [[566842.7022533413, 5950643.730344045], [566840.2424239864, 5950644.440833043]]}, "properties": {"highway": "footway", "surface": "paving_stones", "osm_id": 1484209135, "tile_500": "NO_E566500_N5950500_500", "tile_250": "NO_E566750_N5950500_250", "LaneCount": 2, "DirectionMode": "two-way", "OSMWidthMeters": 2.0, "ScaledOSMWidthStuds": 7.142856, "GameplayMinimumStuds": 7.0, "FinalWidthStuds": 7.142856}}, {"type": "Feature", "geometry": {"type": "LineString", "coordinates": [[566807.8804817385, 5950669.071917852], [566806.9809113956, 5950667.790607955]]}, "properties": {"highway": "footway", "surface": "paving_stones", "osm_id": 1484209137, "tile_500": "NO_E566500_N5950500_500", "tile_250": "NO_E566750_N5950500_250", "LaneCount": 2, "DirectionMode": "two-way", "OSMWidthMeters": 2.0, "ScaledOSMWidthStuds": 7.142856, "GameplayMinimumStuds": 7.0, "FinalWidthStuds": 7.142856}}, {"type": "Feature", "geometry": {"type": "LineString", "coordinates": [[566843.273468497, 5950651.839101731], [566844.7341232789, 5950650.8139472045]]}, "properties": {"highway": "footway", "surface": "paving_stones", "osm_id": 1484209140, "tile_500": "NO_E566500_N5950500_500", "tile_250": "NO_E566750_N5950500_250", "LaneCount": 2, "DirectionMode": "two-way", "OSMWidthMeters": 2.0, "ScaledOSMWidthStuds": 7.142856, "GameplayMinimumStuds": 7.0, "FinalWidthStuds": 7.142856}}, {"type": "Feature", "geometry": {"type": "LineString", "coordinates": [[566859.7983447494, 5950669.1547969235], [566860.3651881696, 5950668.762292524]]}, "properties": {"highway": "footway", "surface": "paving_stones", "osm_id": 1484209141, "tile_500": "NO_E566500_N5950500_500", "tile_250": "NO_E566750_N5950500_250", "LaneCount": 2, "DirectionMode": "two-way", "OSMWidthMeters": 2.0, "ScaledOSMWidthStuds": 7.142856, "GameplayMinimumStuds": 7.0, "FinalWidthStuds": 7.142856}}, {"type": "Feature", "geometry": {"type": "LineString", "coordinates": [[566847.6822557383, 5950651.979790414], [566848.249100135, 5950651.587284552]]}, "properties": {"bridge": "yes", "highway": "footway", "layer": "1", "level": "1", "surface": "metal_grid", "osm_id": 1484209142, "tile_500": "NO_E566500_N5950500_500", "tile_250": "NO_E566750_N5950500_250", "LaneCount": 2, "DirectionMode": "two-way", "OSMWidthMeters": 2.0, "ScaledOSMWidthStuds": 7.142856, "GameplayMinimumStuds": 7.0, "FinalWidthStuds": 7.142856}}, {"type": "Feature", "geometry": {"type": "LineString", "coordinates": [[566848.249100135, 5950651.587284552], [566842.7022533413, 5950643.730344045]]}, "properties": {"handrail:left": "yes", "handrail:right": "yes", "highway": "steps", "incline": "down", "layer": "1", "step_count": "21", "surface": "metal_grid", "osm_id": 1484209143, "tile_500": "NO_E566500_N5950500_500", "tile_250": "NO_E566750_N5950500_250", "LaneCount": 2, "DirectionMode": "two-way", "OSMWidthMeters": 2.0, "ScaledOSMWidthStuds": 7.142856, "GameplayMinimumStuds": 28.0, "FinalWidthStuds": 28.0}}, {"type": "Feature", "geometry": {"type": "LineString", "coordinates": [[566777.9020001385, 5950689.564425094], [566840.2424239864, 5950644.440833043], [566866.856946164, 5950677.956859283]]}, "properties": {"bicycle": "yes", "highway": "footway", "surface": "paving_stones", "osm_id": 1484209144, "tile_500": "NO_E566500_N5950500_500", "tile_250": "NO_E566750_N5950500_250", "LaneCount": 2, "DirectionMode": "two-way", "OSMWidthMeters": 2.0, "ScaledOSMWidthStuds": 7.142856, "GameplayMinimumStuds": 7.0, "FinalWidthStuds": 7.142856}}, {"type": "Feature", "geometry": {"type": "LineString", "coordinates": [[566820.2661274986, 5950707.203226985], [566797.0046689659, 5950716.4414856145]]}, "properties": {"bicycle": "yes", "foot": "yes", "highway": "path", "surface": "paving_stones", "osm_id": 1484209145, "tile_500": "NO_E566500_N5950500_500", "tile_250": "NO_E566750_N5950500_250", "LaneCount": 2, "DirectionMode": "two-way", "OSMWidthMeters": 1.5, "ScaledOSMWidthStuds": 5.357142, "GameplayMinimumStuds": 6.0, "FinalWidthStuds": 6.0}}, {"type": "Feature", "geometry": {"type": "LineString", "coordinates": [[566741.7750097867, 5950765.872843593], [566887.7154549563, 5950657.12349831]]}, "properties": {"bicycle": "designated", "foot": "designated", "highway": "path", "lit": "yes", "segregated": "no", "surface": "paving_stones", "osm_id": 1484209146, "tile_500": "NO_E566500_N5950500_500", "tile_250": "NO_E566750_N5950500_250", "LaneCount": 2, "DirectionMode": "two-way", "OSMWidthMeters": 1.5, "ScaledOSMWidthStuds": 5.357142, "GameplayMinimumStuds": 6.0, "FinalWidthStuds": 6.0}}, {"type": "Feature", "geometry": {"type": "LineString", "coordinates": [[566793.8892395529, 5950738.629340663], [566784.2583333948, 5950725.451162438]]}, "properties": {"highway": "service", "incline": "down", "service": "driveway", "osm_id": 1484209147, "tile_500": "NO_E566500_N5950500_500", "tile_250": "NO_E566750_N5950500_250", "LaneCount": 2, "DirectionMode": "two-way", "OSMWidthMeters": 4.0, "ScaledOSMWidthStuds": 14.285712, "GameplayMinimumStuds": 28.0, "FinalWidthStuds": 28.0}}]}