{"type": "FeatureCollection", "features": [{"type": "Feature", "geometry": {"type": "Point", "coordinates": [563763.253781419, 5954724.296217043]}, "properties": {"bus": "yes", "name": "Quickborn-Heide, Feldweg", "public_transport": "stop_position", "osm_id": 20432852, "tile_500": "NO_E563500_N5954500_500", "tile_250": "NO_E563750_N5954500_250", "amenity": "", "shop": "", "railway": ""}}, {"type": "Feature", "geometry": {"type": "Point", "coordinates": [567492.6114344503, 5953194.615048093]}, "properties": {"bus": "yes", "name": "Harksh\u00f6rn, Harckesheyde (Ost)", "public_transport": "stop_position", "osm_id": 21316955, "tile_500": "NO_E567000_N5953000_500", "tile_250": "NO_E567250_N5953000_250", "amenity": "", "shop": "", "railway": ""}}, {"type": "Feature", "geometry": {"type": "Point", "coordinates": [565028.911669833, 5945518.478922224]}, "properties": {"bus": "yes", "name": "Garstedt, S\u00fcdportal", "public_transport": "stop_position", "osm_id": 21392359, "tile_500": "NO_E565000_N5945500_500", "tile_250": "NO_E565000_N5945500_250", "amenity": "", "shop": "", "railway": ""}}, {"type": "Feature", "geometry": {"type": "Point", "coordinates": [569095.4317220367, 5948752.864790447]}, "properties": {"bus": "yes", "name": "Glash\u00fctte, Friedhof", "public_transport": "stop_position", "osm_id": 21522192, "tile_500": "NO_E569000_N5948500_500", "tile_250": "NO_E569000_N5948750_250", "amenity": "", "shop": "", "railway": ""}}, {"type": "Feature", "geometry": {"type": "Point", "coordinates": [568482.1119160422, 5949374.3746809]}, "properties": {"bus": "yes", "name": "Glash\u00fctte, ZOB", "public_transport": "stop_position", "osm_id": 21739981, "tile_500": "NO_E568000_N5949000_500", "tile_250": "NO_E568250_N5949250_250", "amenity": "", "shop": "", "railway": ""}}, {"type": "Feature", "geometry": {"type": "Point", "coordinates": [565706.9086294924, 5955837.530201451]}, "properties": {"bus": "yes", "name": "Harksheide, SOS-Kinderdorf", "public_transport": "stop_position", "osm_id": 27410915, "tile_500": "NO_E565500_N5955500_500", "tile_250": "NO_E565500_N5955750_250", "amenity": "", "shop": "", "railway": ""}}, {"type": "Feature", "geometry": {"type": "Point", "coordinates": [564618.4027159414, 5956567.156771364]}, "properties": {"name": "Meeschensee", "operator": "AKN Eisenbahn GmbH", "public_transport": "stop_position", "railway": "stop", "train": "yes", "osm_id": 130582692, "tile_500": "NO_E564500_N5956500_500", "tile_250": "NO_E564500_N5956500_250", "amenity": "", "shop": ""}}, {"type": "Feature", "geometry": {"type": "Point", "coordinates": [565237.4703554345, 5953818.3118898785]}, "properties": {"hvv:psv_type": "A", "name": "Friedrichsgabe", "network": "Hamburger Verkehrsverbund", "network:short": "HVV", "network:wikidata": "Q896916", "operator": "AKN", "public_transport": "station", "railway": "halt", "railway:ref": "AFRG", "train": "yes", "uic_name": "Friedrichsgabe", "uic_ref": "8079024", "wheelchair": "no", "wikidata": "Q19606473", "osm_id": 130582713, "tile_500": "NO_E565000_N5953500_500", "tile_250": "NO_E565000_N5953750_250", "amenity": "", "shop": ""}}, {"type": "Feature", "geometry": {"type": "Point", "coordinates": [565533.6130221669, 5946854.7179255625]}, "properties": {"bus": "yes", "name": "Valvo", "public_transport": "stop_position", "osm_id": 246657483, "tile_500": "NO_E565500_N5946500_500", "tile_250": "NO_E565500_N5946750_250", "amenity": "", "shop": "", "railway": ""}}, {"type": "Feature", "geometry": {"type": "Point", "coordinates": [566215.2857104104, 5951139.376469591]}, "properties": {"bus": "yes", "name": "Harksheide, Uhlenkamp", "network": "HVV", "public_transport": "stop_position", "osm_id": 247472798, "tile_500": "NO_E566000_N5951000_500", "tile_250": "NO_E566000_N5951000_250", "amenity": "", "shop": "", "railway": ""}}, {"type": "Feature", "geometry": {"type": "Point", "coordinates": [566172.4490261503, 5948180.690379522]}, "properties": {"name": "Ochsenzoll", "public_transport": "stop_position", "railway": "stop", "subway": "yes", "osm_id": 247639972, "tile_500": "NO_E566000_N5948000_500", "tile_250": "NO_E566000_N5948000_250", "amenity": "", "shop": ""}}, {"type": "Feature", "geometry": {"type": "Point", "coordinates": [566500.5813678453, 5951580.132414737]}, "properties": {"bus": "yes", "name": "Harksheide, Festsaal Falkenberg", "public_transport": "stop_position", "osm_id": 247651689, "tile_500": "NO_E566500_N5951500_500", "tile_250": "NO_E566500_N5951500_250", "amenity": "", "shop": "", "railway": ""}}, {"type": "Feature", "geometry": {"type": "Point", "coordinates": [565510.6904857937, 5951479.602686086]}, "properties": {"name": "Norderstedt Mitte", "network": "HVV", "public_transport": "stop_position", "railway": "stop", "subway": "yes", "wheelchair": "yes", "osm_id": 250976987, "tile_500": "NO_E565500_N5951000_500", "tile_250": "NO_E565500_N5951250_250", "amenity": "", "shop": ""}}, {"type": "Feature", "geometry": {"type": "Point", "coordinates": [566173.4097592785, 5948164.0799537]}, "properties": {"name": "Ochsenzoll", "public_transport": "stop_position", "railway": "stop", "subway": "yes", "osm_id": 250979613, "tile_500": "NO_E566000_N5948000_500", "tile_250": "NO_E566000_N5948000_250", "amenity": "", "shop": ""}}, {"type": "Feature", "geometry": {"type": "Point", "coordinates": [564494.9119985724, 5950327.937644468]}, "properties": {"bus": "yes", "name": "Garstedt, Harthagen", "public_transport": "stop_position", "osm_id": 253469100, "tile_500": "NO_E564000_N5950000_500", "tile_250": "NO_E564250_N5950250_250", "amenity": "", "shop": "", "railway": ""}}, {"type": "Feature", "geometry": {"type": "Point", "coordinates": [570475.3867990721, 5955505.110641613]}, "properties": {"bus": "yes", "name": "Wilstedt, Gewerbegebiet", "public_transport": "stop_position", "osm_id": 266284089, "tile_500": "NO_E570000_N5955500_500", "tile_250": "NO_E570250_N5955500_250", "amenity": "", "shop": "", "railway": ""}}, {"type": "Feature", "geometry": {"type": "Point", "coordinates": [563764.1362155622, 5947722.502922063]}, "properties": {"bus": "yes", "name": "Garstedt, Ohlenhoff", "public_transport": "stop_position", "osm_id": 269765397, "tile_500": "NO_E563500_N5947500_500", "tile_250": "NO_E563750_N5947500_250", "amenity": "", "shop": "", "railway": ""}}, {"type": "Feature", "geometry": {"type": "Point", "coordinates": [565071.7704488215, 5955563.06963549]}, "properties": {"name": "Haslohfurth", "operator": "AKN Eisenbahn GmbH", "public_transport": "stop_position", "railway": "stop", "train": "yes", "osm_id": 271920583, "tile_500": "NO_E565000_N5955500_500", "tile_250": "NO_E565000_N5955500_250", "amenity": "", "shop": ""}}, {"type": "Feature", "geometry": {"type": "Point", "coordinates": [565294.4511668072, 5954419.184422885]}, "properties": {"hvv:psv_type": "A", "name": "Quickborner Stra\u00dfe", "network": "Hamburger Verkehrsverbund", "network:short": "HVV", "network:wikidata": "Q896916", "operator": "AKN", "public_transport": "station", "railway": "halt", "railway:ref": "AQBS", "train": "yes", "uic_name": "Quickborner Stra\u00dfe", "uic_ref": "8079028", "wheelchair": "no", "wikidata": "Q19606416", "osm_id": 271920817, "tile_500": "NO_E565000_N5954000_500", "tile_250": "NO_E565250_N5954250_250", "amenity": "", "shop": ""}}, {"type": "Feature", "geometry": {"type": "Point", "coordinates": [565763.5841689096, 5956586.867978644]}, "properties": {"addr:city": "Henstedt-Ulzburg", "addr:country": "DE", "addr:housenumber": "45", "addr:postcode": "24558", "addr:street": "Wilstedter Stra\u00dfe", "amenity": "pharmacy", "check_date:opening_hours": "2025-08-07", "contact:phone": "+4941937376", "healthcare": "pharmacy", "name": "Apotheke auf dem Rhen", "opening_hours": "Mo-Fr 08:00-19:00; Sa 08:00-13:00", "operator": "PHARMAZEUTIX", "website": "https://www.pharmazeutix.de/", "wheelchair": "yes", "osm_id": 271926726, "tile_500": "NO_E565500_N5956500_500", "tile_250": "NO_E565750_N5956500_250", "shop": "", "public_transport": "", "railway": ""}}, {"type": "Feature", "geometry": {"type": "Point", "coordinates": [565765.062747362, 5956534.635052074]}, "properties": {"name": "Wagner", "opening_hours": "Mo-Fr 05:30-17:00; Sa 05:30-12:00; Su 07:00-11:00", "owner": "Jan Wagner", "shop": "bakery", "start_date": "2023-07-01", "toilets:wheelchair": "no", "wheelchair": "yes", "osm_id": 271942076, "tile_500": "NO_E565500_N5956500_500", "tile_250": "NO_E565750_N5956500_250", "amenity": "", "public_transport": "", "railway": ""}}, {"type": "Feature", "geometry": {"type": "Point", "coordinates": [562180.0821761696, 5956699.901544236]}, "properties": {"hvv:psv_type": "A", "internet_access": "wlan", "internet_access:fee": "no", "internet_access:ssid": "MobyKlick", "name": "Tanneneck", "operator": "AKN", "public_transport": "station", "railway": "halt", "train": "yes", "uic_name": "Tanneneck", "uic_ref": "8007051", "wheelchair": "yes", "wikidata": "Q19601723", "osm_id": 272111255, "tile_500": "NO_E562000_N5956500_500", "tile_250": "NO_E562000_N5956500_250", "amenity": "", "shop": ""}}, {"type": "Feature", "geometry": {"type": "Point", "coordinates": [562059.9143077875, 5955288.072482219]}, "properties": {"addr:city": "Quickborn", "addr:housenumber": "9", "addr:postcode": "25451", "addr:street": "Pascalstra\u00dfe", "brand": "famila", "brand:wikidata": "Q1395108", "brand:wikipedia": "de:Famila", "check_date": "2026-04-25", "diet:halal": "no", "diet:kosher": "no", "fax": "+49 4106 760849", "internet_access": "wlan", "internet_access:fee": "no", "name": "famila", "opening_hours": "Mo-Sa 07:00-21:00", "organic": "yes", "payment:cash": "yes", "payment:coins": "yes", "payment:girocard": "yes", "phone": "+49 4106 76080", "shop": "supermarket", "website": "https://www.famila-nordost.de/wqwarenhaus/quickborn/", "wheelchair": "yes", "osm_id": 273206683, "tile_500": "NO_E562000_N5955000_500", "tile_250": "NO_E562000_N5955250_250", "amenity": "", "public_transport": "", "railway": ""}}, {"type": "Feature", "geometry": {"type": "Point", "coordinates": [562915.3048451158, 5956697.780753152]}, "properties": {"bus": "yes", "name": "Quickborn-Heide, Behnkeweg", "public_transport": "stop_position", "osm_id": 275209705, "tile_500": "NO_E562500_N5956500_500", "tile_250": "NO_E562750_N5956500_250", "amenity": "", "shop": "", "railway": ""}}, {"type": "Feature", "geometry": {"type": "Point", "coordinates": [562900.1774405792, 5956705.155148916]}, "properties": {"bus": "yes", "name": "Quickborn-Heide, Behnkeweg", "public_transport": "stop_position", "osm_id": 277498750, "tile_500": "NO_E562500_N5956500_500", "tile_250": "NO_E562750_N5956500_250", "amenity": "", "shop": "", "railway": ""}}, {"type": "Feature", "geometry": {"type": "Point", "coordinates": [565161.9854824332, 5948527.937542449]}, "properties": {"bus": "yes", "name": "Garstedt, Europaallee", "public_transport": "stop_position", "osm_id": 282568788, "tile_500": "NO_E565000_N5948500_500", "tile_250": "NO_E565000_N5948500_250", "amenity": "", "shop": "", "railway": ""}}, {"type": "Feature", "geometry": {"type": "Point", "coordinates": [565497.1824153208, 5951331.645246547]}, "properties": {"bus": "yes", "local_ref": "B", "name": "U A Norderstedt Mitte", "public_transport": "stop_position", "osm_id": 290921065, "tile_500": "NO_E565000_N5951000_500", "tile_250": "NO_E565250_N5951250_250", "amenity": "", "shop": "", "railway": ""}}, {"type": "Feature", "geometry": {"type": "Point", "coordinates": [565524.5432023671, 5951332.427852326]}, "properties": {"bus": "yes", "local_ref": "A", "name": "U A Norderstedt Mitte", "public_transport": "stop_position", "osm_id": 290921135, "tile_500": "NO_E565500_N5951000_500", "tile_250": "NO_E565500_N5951250_250", "amenity": "", "shop": "", "railway": ""}}, {"type": "Feature", "geometry": {"type": "Point", "coordinates": [563973.4959104942, 5948146.5633901]}, "properties": {"bus": "yes", "name": "Garstedt, Alte Dorfstra\u00dfe", "public_transport": "stop_position", "osm_id": 293880258, "tile_500": "NO_E563500_N5948000_500", "tile_250": "NO_E563750_N5948000_250", "amenity": "", "shop": "", "railway": ""}}, {"type": "Feature", "geometry": {"type": "Point", "coordinates": [565068.1174445807, 5948893.474350199]}, "properties": {"addr:city": "Norderstedt", "addr:country": "DE", "addr:housenumber": "38-44a", "addr:postcode": "22850", "addr:street": "Berliner Allee", "amenity": "fast_food", "brand": "Burger King", "brand:wikidata": "Q177054", "brand:wikipedia": "en:Burger King", "check_date": "2025-12-08", "contact:phone": "+49 40 51312123", "contact:website": "https://www.burgerking.de/store-locator/store/restaurant_8825", "cuisine": "burger", "delivery": "yes", "description": "Keine Eismaschine", "diet:vegetarian": "yes", "drive_through": "no", "indoor_seating": "yes", "level": "0", "name": "Burger King", "opening_hours": "Mo-Su 09:30-23:00", "operator": "DFM Hamburg GmbH & Co. KG", "outdoor_seating": "no", "payment:cash": "yes", "payment:coins": "yes", "payment:credit_cards": "yes", "payment:debit_cards": "yes", "payment:mastercard": "yes", "payment:visa": "yes", "ref": "8825", "takeaway": "yes", "wheelchair": "yes", "osm_id": 296097118, "tile_500": "NO_E565000_N5948500_500", "tile_250": "NO_E565000_N5948750_250", "shop": "", "public_transport": "", "railway": ""}}, {"type": "Feature", "geometry": {"type": "Point", "coordinates": [565065.6610247784, 5948824.296478369]}, "properties": {"addr:city": "Norderstedt", "addr:country": "DE", "addr:housenumber": "34a", "addr:postcode": "22850", "addr:street": "Berliner Allee", "amenity": "pharmacy", "check_date:opening_hours": "2022-05-25", "contact:fax": "+49 40 52385226", "contact:phone": "+49 40 5236569", "contact:website": "http://www.coppernicus-apotheke.de", "dispensing": "yes", "healthcare": "pharmacy", "level": "0", "name": "Coppernicus-Apotheke", "opening_hours": "Mo-Fr 08:30-19:00; Sa 09:00-18:00; PH off", "operator": "Wiebke Heide", "wheelchair": "yes", "osm_id": 296097119, "tile_500": "NO_E565000_N5948500_500", "tile_250": "NO_E565000_N5948750_250", "shop": "", "public_transport": "", "railway": ""}}, {"type": "Feature", "geometry": {"type": "Point", "coordinates": [565068.789117553, 5948883.613914542]}, "properties": {"check_date:opening_hours": "2022-08-22", "dog": "no", "indoor_seating": "yes", "level": "0", "name": "Allaf", "opening_hours": "Mo-Sa 05:00-20:00; Su,PH 05:00-18:00", "outdoor_seating": "no", "shop": "bakery", "surveillance": "indoor", "wheelchair": "yes", "osm_id": 296097120, "tile_500": "NO_E565000_N5948500_500", "tile_250": "NO_E565000_N5948750_250", "amenity": "", "public_transport": "", "railway": ""}}, {"type": "Feature", "geometry": {"type": "Point", "coordinates": [565443.2923724754, 5952487.007058663]}, "properties": {"local_ref": "2", "name": "Moorbekhalle (Schulzentrum Nord)", "operator": "AKN Eisenbahn GmbH", "public_transport": "stop_position", "railway": "stop", "train": "yes", "osm_id": 296236567, "tile_500": "NO_E565000_N5952000_500", "tile_250": "NO_E565250_N5952250_250", "amenity": "", "shop": ""}}, {"type": "Feature", "geometry": {"type": "Point", "coordinates": [565697.9798232651, 5956663.137205529]}, "properties": {"bus": "yes", "name": "Rhen, Wilstedter Stra\u00dfe", "public_transport": "stop_position", "osm_id": 314072908, "tile_500": "NO_E565500_N5956500_500", "tile_250": "NO_E565500_N5956500_250", "amenity": "", "shop": "", "railway": ""}}, {"type": "Feature", "geometry": {"type": "Point", "coordinates": [566263.4682385076, 5953391.472822235]}, "properties": {"bus": "yes", "name": "Harksheide, Harckesstieg", "public_transport": "stop_position", "osm_id": 315805924, "tile_500": "NO_E566000_N5953000_500", "tile_250": "NO_E566250_N5953250_250", "amenity": "", "shop": "", "railway": ""}}, {"type": "Feature", "geometry": {"type": "Point", "coordinates": [565398.6108607278, 5951514.302472957]}, "properties": {"addr:housenumber": "78", "addr:street": "Rathausallee", "amenity": "police", "check_date": "2026-02-01", "contact:phone": "+49405353620", "name": "Norderstedt-Mitte", "wheelchair": "limited", "osm_id": 321455425, "tile_500": "NO_E565000_N5951500_500", "tile_250": "NO_E565250_N5951500_250", "shop": "", "public_transport": "", "railway": ""}}, {"type": "Feature", "geometry": {"type": "Point", "coordinates": [565140.0457730169, 5948827.108102631]}, "properties": {"addr:city": "Norderstedt", "addr:housenumber": "38-44a", "addr:postcode": "22850", "addr:street": "Berliner Allee", "alt_name": "Haspa", "amenity": "bank", "brand": "Hamburger Sparkasse", "brand:wikidata": "Q1573140", "brand:wikipedia": "de:Hamburger Sparkasse", "level": "0", "name": "Hamburger Sparkasse", "opening_hours": "Mo,We,Fr 09:30-16:00; Tu,Th 09:30-18:00; PH,Sa,Su off", "operator": "Hamburger Sparkasse", "short_name": "Haspa", "website": "https://www.haspa.de/", "wheelchair": "yes", "osm_id": 334344575, "tile_500": "NO_E565000_N5948500_500", "tile_250": "NO_E565000_N5948750_250", "shop": "", "public_transport": "", "railway": ""}}, {"type": "Feature", "geometry": {"type": "Point", "coordinates": [567506.2995668076, 5953204.637503551]}, "properties": {"bus": "yes", "name": "Harksh\u00f6rn, Harckesheyde (Ost)", "public_transport": "stop_position", "osm_id": 335185364, "tile_500": "NO_E567500_N5953000_500", "tile_250": "NO_E567500_N5953000_250", "amenity": "", "shop": "", "railway": ""}}, {"type": "Feature", "geometry": {"type": "Point", "coordinates": [568370.905999564, 5949079.995092561]}, "properties": {"addr:city": "Norderstedt", "addr:housenumber": "516", "addr:postcode": "22851", "addr:street": "Tangstedter Landstra\u00dfe", "amenity": "fuel", "brand": "HEM", "brand:wikidata": "Q109930239", "fuel:diesel": "yes", "fuel:e10": "yes", "fuel:lpg": "yes", "fuel:octane_91": "yes", "fuel:octane_95": "yes", "fuel:octane_98": "yes", "name": "HEM", "opening_hours": "Mo-Sa 06:00-22:00; Su,PH 07:00-22:00", "operator": "Erol Kurnaz", "payment:american_express": "yes", "payment:cash": "yes", "payment:coins": "yes", "payment:contactless": "yes", "payment:dkv": "yes", "payment:girocard": "yes", "payment:logpay": "yes", "payment:maestro": "yes", "payment:mastercard": "yes", "payment:novofleet": "yes", "payment:uta": "yes", "payment:visa": "yes", "phone": "+49 40 50016702", "website": "https://www.hem-tankstelle.de/partner/HEM/Norderstedt/Tangstedter-Landstr-516", "osm_id": 355861899, "tile_500": "NO_E568000_N5949000_500", "tile_250": "NO_E568250_N5949000_250", "shop": "", "public_transport": "", "railway": ""}}, {"type": "Feature", "geometry": {"type": "Point", "coordinates": [564547.8402215602, 5946153.955984191]}, "properties": {"bus": "yes", "name": "Garstedt, Nordportbogen (Ost)", "network": "HVV", "public_transport": "stop_position", "osm_id": 356045341, "tile_500": "NO_E564500_N5946000_500", "tile_250": "NO_E564500_N5946000_250", "amenity": "", "shop": "", "railway": ""}}, {"type": "Feature", "geometry": {"type": "Point", "coordinates": [566588.4521598401, 5951068.702952344]}, "properties": {"addr:city": "Norderstedt", "addr:housenumber": "3-5", "addr:postcode": "22844", "addr:street": "Marktplatz", "amenity": "restaurant", "cuisine": "chinese", "email": "info@mongolei-norderstedt.de", "fax": "+49 40 55440568", "name": "China Restaurant Mongolei", "opening_hours": "Mo,We-Fr 12:00-15:00,17:00-22:00; Sa,Su,PH 12:00-22:00; Tu off", "operator": "Shixin Wang", "outdoor_seating": "no", "phone": "+49 40 55440598", "ref:vatin": "DE244536005", "reservation": "yes", "takeaway": "yes", "toilets:wheelchair": "no", "website": "https://mongolei-norderstedt.jimdo.com/", "website:menu": "https://s786fbcae954c12b2.jimcontent.com/download/version/1638723499/module/12444758335/name/Speisekarte%20online%2001a.pdf", "wheelchair": "limited", "osm_id": 356809795, "tile_500": "NO_E566500_N5951000_500", "tile_250": "NO_E566500_N5951000_250", "shop": "", "public_transport": "", "railway": ""}}, {"type": "Feature", "geometry": {"type": "Point", "coordinates": [565937.0534963598, 5951612.425514577]}, "properties": {"bus": "yes", "name": "Friedrichsgabe, Langenharmer Weg", "public_transport": "stop_position", "osm_id": 357537396, "tile_500": "NO_E565500_N5951500_500", "tile_250": "NO_E565750_N5951500_250", "amenity": "", "shop": "", "railway": ""}}, {"type": "Feature", "geometry": {"type": "Point", "coordinates": [568232.7862214755, 5948981.156393626]}, "properties": {"bus": "yes", "name": "Glash\u00fctte, Hans-Salb-Stra\u00dfe", "public_transport": "stop_position", "osm_id": 366753155, "tile_500": "NO_E568000_N5948500_500", "tile_250": "NO_E568000_N5948750_250", "amenity": "", "shop": "", "railway": ""}}, {"type": "Feature", "geometry": {"type": "Point", "coordinates": [565878.3827422336, 5953092.899701028]}, "properties": {"addr:city": "Norderstedt", "addr:housenumber": "398", "addr:postcode": "22846", "addr:street": "Ulzburger Stra\u00dfe", "amenity": "restaurant", "contact:facebook": "https://www.facebook.com/China-Restaurant-Lee-Hoo-Fook-154071211292254/", "cuisine": "chinese", "level": "0", "name": "China Restaurant Lee Hoo Fook", "opening_hours": "Tu-Sa 12:00-15:00,17:30-23:00; Su 12:00-22:00", "phone": "+49 40 5261788", "wheelchair": "limited", "osm_id": 367029080, "tile_500": "NO_E565500_N5953000_500", "tile_250": "NO_E565750_N5953000_250", "shop": "", "public_transport": "", "railway": ""}}, {"type": "Feature", "geometry": {"type": "Point", "coordinates": [565955.6399595303, 5951957.785818232]}, "properties": {"addr:city": "Norderstedt", "addr:housenumber": "363e", "addr:postcode": "22846", "addr:street": "Ulzburger Stra\u00dfe", "amenity": "bank", "atm": "yes", "email": "service@spk-suedholstein.de", "fax": "+49 4321 4087000", "name": "Sparkasse S\u00fcdholstein", "opening_hours": "Mo,Th 09:00-12:00,14:00-18:00; Tu,Fr 09:00-12:00,14:00-16:00; We 09:00-12:00", "operator": "Sparkasse S\u00fcdholstein", "phone": "+49 4321 4084444", "website": "https://www.spk-suedholstein.de/de/home/service/filiale-finden.html?n=true&stref=iconbox#details/10451", "wheelchair": "limited", "osm_id": 367030914, "tile_500": "NO_E565500_N5951500_500", "tile_250": "NO_E565750_N5951750_250", "shop": "", "public_transport": "", "railway": ""}}, {"type": "Feature", "geometry": {"type": "Point", "coordinates": [568544.2547744848, 5949964.816998047]}, "properties": {"bus": "yes", "name": "Glash\u00fctte, Arlaustieg", "public_transport": "stop_position", "osm_id": 370450220, "tile_500": "NO_E568500_N5949500_500", "tile_250": "NO_E568500_N5949750_250", "amenity": "", "shop": "", "railway": ""}}, {"type": "Feature", "geometry": {"type": "Point", "coordinates": [564347.6947384356, 5948060.666956424]}, "properties": {"bus": "yes", "name": "Garstedt, Friedhof", "public_transport": "stop_position", "osm_id": 372430207, "tile_500": "NO_E564000_N5948000_500", "tile_250": "NO_E564250_N5948000_250", "amenity": "", "shop": "", "railway": ""}}, {"type": "Feature", "geometry": {"type": "Point", "coordinates": [565308.9370373732, 5946820.166877285]}, "properties": {"amenity": "fast_food", "cuisine": "german", "indoor_seating": "no", "name": "Grill Palast Pommes Prinz", "outdoor_seating": "no", "osm_id": 378852770, "tile_500": "NO_E565000_N5946500_500", "tile_250": "NO_E565250_N5946750_250", "shop": "", "public_transport": "", "railway": ""}}, {"type": "Feature", "geometry": {"type": "Point", "coordinates": [565185.302718906, 5947776.903767029]}, "properties": {"addr:city": "Norderstedt", "addr:housenumber": "110", "addr:postcode": "22848", "addr:street": "Ohechaussee", "amenity": "restaurant", "check_date": "2022-12-25", "cuisine": "greek", "name": "Olympia Grill", "opening_hours": "We-Sa 15:00-21:00; Su-Mo 12:00-21:00; Tu OFF; PH 12:00-21:00", "operator": "Anna Christoforidou", "phone": "+49 40 51329990", "website": "https://olympiagrill-norderstedt.de/", "osm_id": 412469205, "tile_500": "NO_E565000_N5947500_500", "tile_250": "NO_E565000_N5947750_250", "shop": "", "public_transport": "", "railway": ""}}, {"type": "Feature", "geometry": {"type": "Point", "coordinates": [564673.9587384698, 5950850.371575056]}, "properties": {"addr:city": "Norderstedt", "addr:country": "DE", "addr:housenumber": "290", "addr:postcode": "22846", "addr:street": "Friedrichsgaber Weg", "amenity": "restaurant", "cuisine": "international", "email": "info@kims-norderstedt.de", "mobile": "+49 171 5320127", "name": "KiM's Norderstedt", "opening_hours": "We-Fr 15:00-22:00, Sa 12:00-00:00, Su 12:00-20:00", "owner": "Joris Sabban & Lukas Kugelmann", "phone": "+49 40 52110497", "website": "https://kims-norderstedt.de/", "osm_id": 441297257, "tile_500": "NO_E564500_N5950500_500", "tile_250": "NO_E564500_N5950750_250", "shop": "", "public_transport": "", "railway": ""}}, {"type": "Feature", "geometry": {"type": "Point", "coordinates": [564935.2634826496, 5951485.322928528]}, "properties": {"addr:city": "Norderstedt", "addr:country": "DE", "addr:housenumber": "83b", "addr:postcode": "22846", "addr:street": "Rathausallee", "amenity": "restaurant", "cuisine": "greek", "name": "Ionios", "opening_hours": "Tu-Sa 11:30-14:30,17:30-23:00; Su,PH 11:30-21:00", "phone": "+49 40 5224412", "website": "https://www.ionios.de/", "wheelchair": "yes", "osm_id": 441298293, "tile_500": "NO_E564500_N5951000_500", "tile_250": "NO_E564750_N5951250_250", "shop": "", "public_transport": "", "railway": ""}}, {"type": "Feature", "geometry": {"type": "Point", "coordinates": [565346.3170300153, 5951394.513147841]}, "properties": {"addr:city": "Norderstedt", "addr:housenumber": "35-39", "addr:postcode": "22846", "addr:street": "Rathausallee", "brand": "EDEKA", "brand:wikidata": "Q701755", "brand:wikipedia": "de:Edeka", "currency:EUR": "yes", "email": "info@edeka.de", "name": "EDEKA", "opening_hours": "Mo-Sa 08:00-20:00", "operator": "EDEKA Hebig", "organic": "yes", "payment:cash": "yes", "payment:coins": "yes", "payment:contactless": "yes", "payment:credit_cards": "yes", "payment:debit_cards": "yes", "payment:girocard": "yes", "payment:mastercard": "yes", "payment:visa": "yes", "payment:visa_debit": "yes", "phone": "+49 176 413 133 42", "shop": "supermarket", "website": "https://www.edeka.de/eh/nord/edeka-hebig-rathausallee-35-39/index.jsp", "wheelchair": "yes", "osm_id": 444713589, "tile_500": "NO_E565000_N5951000_500", "tile_250": "NO_E565250_N5951250_250", "amenity": "", "public_transport": "", "railway": ""}}, {"type": "Feature", "geometry": {"type": "Point", "coordinates": [566030.1192979995, 5952063.8299599355]}, "properties": {"amenity": "restaurant", "indoor_seating": "yes", "name": "Flame", "outdoor_seating": "yes", "wheelchair": "no", "osm_id": 455482288, "tile_500": "NO_E566000_N5952000_500", "tile_250": "NO_E566000_N5952000_250", "shop": "", "public_transport": "", "railway": ""}}, {"type": "Feature", "geometry": {"type": "Point", "coordinates": [565678.7697241348, 5956586.512440842]}, "properties": {"addr:city": "Henstedt-Ulzburg", "addr:housenumber": "13", "addr:postcode": "24558", "addr:street": "Norderstedter Stra\u00dfe", "amenity": "fast_food", "cuisine": "greek", "name": "Hellas Grill", "opening_hours": "Tu-Fr 15:00-21:00; Sa 16:00-22:00; Su 16:00-21:00", "phone": "+49 4193 8859855", "website": "https://www.hellasgrill-online.de/", "wheelchair": "limited", "osm_id": 459502629, "tile_500": "NO_E565500_N5956500_500", "tile_250": "NO_E565500_N5956500_250", "shop": "", "public_transport": "", "railway": ""}}, {"type": "Feature", "geometry": {"type": "Point", "coordinates": [565343.0981393362, 5951376.297658482]}, "properties": {"addr:city": "Norderstedt", "addr:country": "DE", "addr:housenumber": "35", "addr:postcode": "22846", "addr:street": "Rathausallee", "amenity": "restaurant", "name": "Lenci's", "wheelchair": "yes", "osm_id": 484262671, "tile_500": "NO_E565000_N5951000_500", "tile_250": "NO_E565250_N5951250_250", "shop": "", "public_transport": "", "railway": ""}}, {"type": "Feature", "geometry": {"type": "Point", "coordinates": [565240.5849479343, 5954391.461983926]}, "properties": {"amenity": "restaurant", "cuisine": "indian", "indoor_seating": "yes", "name": "Mehfil Indian Food", "old_name": "La Veranda", "outdoor_seating": "yes", "toilets:wheelchair": "no", "wheelchair": "yes", "osm_id": 497828595, "tile_500": "NO_E565000_N5954000_500", "tile_250": "NO_E565000_N5954250_250", "shop": "", "public_transport": "", "railway": ""}}, {"type": "Feature", "geometry": {"type": "Point", "coordinates": [565537.2503519467, 5946905.686241822]}, "properties": {"bus": "yes", "name": "Valvo", "public_transport": "stop_position", "osm_id": 529509541, "tile_500": "NO_E565500_N5946500_500", "tile_250": "NO_E565500_N5946750_250", "amenity": "", "shop": "", "railway": ""}}, {"type": "Feature", "geometry": {"type": "Point", "coordinates": [565431.6502517533, 5948799.650328619]}, "properties": {"addr:city": "Norderstedt", "addr:country": "DE", "addr:housenumber": "11", "addr:postcode": "22850", "addr:street": "L\u00fctjenmoor", "amenity": "school", "check_date": "2024-04-18", "name": "Grundschule L\u00fctjenmoor", "osm_id": 599186804, "tile_500": "NO_E565000_N5948500_500", "tile_250": "NO_E565250_N5948750_250", "shop": "", "public_transport": "", "railway": ""}}, {"type": "Feature", "geometry": {"type": "Point", "coordinates": [565975.9149234218, 5952088.515182378]}, "properties": {"amenity": "restaurant", "cuisine": "indian", "diet:vegan": "yes", "indoor_seating": "yes", "name": "Tandoor", "outdoor_seating": "yes", "wheelchair": "limited", "osm_id": 601012675, "tile_500": "NO_E565500_N5952000_500", "tile_250": "NO_E565750_N5952000_250", "shop": "", "public_transport": "", "railway": ""}}, {"type": "Feature", "geometry": {"type": "Point", "coordinates": [566007.2158057713, 5952259.302018372]}, "properties": {"addr:city": "Norderstedt", "addr:housenumber": "328", "addr:postcode": "22846", "addr:street": "Ulzburger Stra\u00dfe", "amenity": "fast_food", "branch": "Norderstedt", "brand": "Smiley's", "brand:wikidata": "Q60998945", "cuisine": "pizza", "delivery": "yes", "diet:vegetarian": "yes", "drive_through": "no", "email": "info@smileys.de", "name": "Smiley's", "opening_hours": "Mo-Su 11:00-00:00", "operator": "Smiley's Franchise GmbH", "payment:cash": "yes", "payment:ec_cards": "yes", "phone": "+49 40 5261199", "ref:vatin": "DE813331054", "smoking": "no", "takeaway": "yes", "website": "https://www.smileys.de/bestellen/Norderstedt", "wheelchair": "yes", "osm_id": 601012677, "tile_500": "NO_E566000_N5952000_500", "tile_250": "NO_E566000_N5952250_250", "shop": "", "public_transport": "", "railway": ""}}, {"type": "Feature", "geometry": {"type": "Point", "coordinates": [565034.583413689, 5952292.126758415]}, "properties": {"bus": "yes", "name": "Garstedt, Hainholz", "public_transport": "stop_position", "osm_id": 602222294, "tile_500": "NO_E565000_N5952000_500", "tile_250": "NO_E565000_N5952250_250", "amenity": "", "shop": "", "railway": ""}}, {"type": "Feature", "geometry": {"type": "Point", "coordinates": [565150.8479147329, 5952143.256432889]}, "properties": {"bus": "yes", "name": "Friedrichsgabe, Waldstra\u00dfe", "public_transport": "stop_position", "osm_id": 602388004, "tile_500": "NO_E565000_N5952000_500", "tile_250": "NO_E565000_N5952000_250", "amenity": "", "shop": "", "railway": ""}}, {"type": "Feature", "geometry": {"type": "Point", "coordinates": [568651.6759518213, 5949297.769362671]}, "properties": {"addr:city": "Norderstedt", "addr:country": "DE", "addr:housenumber": "66", "addr:postcode": "22851", "addr:street": "Mittelstra\u00dfe", "brand": "Penny", "brand:wikidata": "Q284688", "brand:wikipedia": "en:Penny (supermarket)", "name": "PENNY", "opening_hours": "Mo-Sa 07:00-21:00", "shop": "supermarket", "wheelchair": "yes", "osm_id": 603659330, "tile_500": "NO_E568500_N5949000_500", "tile_250": "NO_E568500_N5949250_250", "amenity": "", "public_transport": "", "railway": ""}}, {"type": "Feature", "geometry": {"type": "Point", "coordinates": [568616.877394645, 5949313.829205875]}, "properties": {"addr:city": "Norderstedt", "addr:country": "DE", "addr:housenumber": "74", "addr:postcode": "22851", "addr:street": "Mittelstra\u00dfe", "amenity": "pharmacy", "contact:email": "eichen-apotheke-norderstedt@t-online.de", "contact:fax": "+49 40 5248780", "contact:phone": "+49 40 5244383", "contact:website": "https://www.eichen-apotheke-norderstedt.de/", "dispensing": "yes", "healthcare": "pharmacy", "name": "Eichen-Apotheke", "opening_hours": "Mo-Tu 08:30-18:30; We 08:30-18:00; Th-Fr 08:30-18:30;Sa 08:30-12:30; PH off", "operator": "Michael Steffen", "wheelchair": "yes", "osm_id": 603660304, "tile_500": "NO_E568500_N5949000_500", "tile_250": "NO_E568500_N5949250_250", "shop": "", "public_transport": "", "railway": ""}}, {"type": "Feature", "geometry": {"type": "Point", "coordinates": [565888.0607223287, 5948525.049559949]}, "properties": {"access:covid19": "yes", "addr:city": "Norderstedt", "addr:housenumber": "6", "addr:postcode": "22848", "addr:street": "Am Tarpenufer", "amenity": "pharmacy", "check_date:opening_hours": "2026-04-08", "delivery:covid19": "yes", "dispensing": "yes", "fax": "+49 40 52950714", "healthcare": "pharmacy", "name": "Tarpenbek Apotheke", "opening_hours": "Mo-Th 08:30-18:30; Sa 08:30-13:00; Fr 08:30-17:00", "operator": "D. Hagemeister", "phone": "+49 40 5296995", "website": "http://www.tarpenbek.de/", "wheelchair": "yes", "osm_id": 660138721, "tile_500": "NO_E565500_N5948500_500", "tile_250": "NO_E565750_N5948500_250", "shop": "", "public_transport": "", "railway": ""}}, {"type": "Feature", "geometry": {"type": "Point", "coordinates": [565221.1333078877, 5948940.372714413]}, "properties": {"addr:city": "Norderstedt", "addr:country": "DE", "addr:housenumber": "24", "addr:postcode": "22850", "addr:street": "Europaallee", "amenity": "police", "check_date": "2025-04-04", "fax": "+49 40 52806209", "name": "Polizeirevier Norderstedt", "phone": "+49 40 528060", "wheelchair": "yes", "osm_id": 660330538, "tile_500": "NO_E565000_N5948500_500", "tile_250": "NO_E565000_N5948750_250", "shop": "", "public_transport": "", "railway": ""}}, {"type": "Feature", "geometry": {"type": "Point", "coordinates": [568209.5382004644, 5948771.770639883]}, "properties": {"bus": "yes", "name": "Glash\u00fctte, B\u00f6ttgerstra\u00dfe", "public_transport": "stop_position", "osm_id": 667060720, "tile_500": "NO_E568000_N5948500_500", "tile_250": "NO_E568000_N5948750_250", "amenity": "", "shop": "", "railway": ""}}, {"type": "Feature", "geometry": {"type": "Point", "coordinates": [568579.5010773713, 5949405.995735909]}, "properties": {"addr:city": "Norderstedt", "addr:housenumber": "228", "addr:postcode": "22851", "addr:street": "Segeberger Chaussee", "amenity": "fuel", "compressed_air": "yes", "fuel:diesel": "yes", "fuel:lpg": "yes", "fuel:octane_91": "yes", "fuel:octane_95": "yes", "name": "Berendsen Automobile", "osm_id": 667060724, "tile_500": "NO_E568500_N5949000_500", "tile_250": "NO_E568500_N5949250_250", "shop": "", "public_transport": "", "railway": ""}}, {"type": "Feature", "geometry": {"type": "Point", "coordinates": [568808.951140359, 5949671.5235838955]}, "properties": {"bus": "yes", "name": "Glash\u00fctte, Glash\u00fctter Kirchenweg", "public_transport": "stop_position", "osm_id": 667060727, "tile_500": "NO_E568500_N5949500_500", "tile_250": "NO_E568750_N5949500_250", "amenity": "", "shop": "", "railway": ""}}, {"type": "Feature", "geometry": {"type": "Point", "coordinates": [566152.8974320506, 5948168.252984087]}, "properties": {"check_date:opening_hours": "2025-03-04", "diet:vegetarian": "yes", "indoor_seating": "yes", "name": "B\u00e4ckerei Allaf", "opening_hours": "Mo-Fr 04:00-19:00; Sa 05:00-14:00", "opening_hours:signed": "no", "outdoor_seating": "no", "shop": "bakery", "wheelchair": "yes", "osm_id": 671764547, "tile_500": "NO_E566000_N5948000_500", "tile_250": "NO_E566000_N5948000_250", "amenity": "", "public_transport": "", "railway": ""}}, {"type": "Feature", "geometry": {"type": "Point", "coordinates": [566080.8398965927, 5948188.524850316]}, "properties": {"addr:city": "Hamburg", "addr:country": "DE", "addr:housenumber": "655", "addr:postcode": "22419", "addr:street": "Langenhorner Chaussee", "amenity": "restaurant", "contact:email": "ez_imeya@hotmail.com", "contact:website": "https://koezbingoel.eatbu.com/?lang=de", "cuisine": "kebab;turkish", "email": "ez_imeya@hotmail.com", "name": "K\u00f6z Bing\u00f6l", "opening_hours": "Su-Th 05:00-00:00; Fr-Sa 05:00-01:00", "outdoor_seating": "yes", "phone": "+49 40 53035550", "takeaway": "yes", "website": "https://koezbingoel.eatbu.com/", "wheelchair": "limited", "osm_id": 671764559, "tile_500": "NO_E566000_N5948000_500", "tile_250": "NO_E566000_N5948000_250", "shop": "", "public_transport": "", "railway": ""}}, {"type": "Feature", "geometry": {"type": "Point", "coordinates": [566071.5425863927, 5948213.563652657]}, "properties": {"addr:city": "Hamburg", "addr:housenumber": "657", "addr:postcode": "22419", "addr:street": "Langenhorner Chaussee", "alt_name": "Haspa", "amenity": "bank", "atm": "yes", "brand": "Hamburger Sparkasse", "brand:wikidata": "Q1573140", "brand:wikipedia": "de:Hamburger Sparkasse", "description": "Filiale Langenhorn (220)", "name": "Hamburger Sparkasse", "opening_hours": "Mo,Tu,Fr 09:00-16:00; Tu,Th 09:00-18:00", "operator": "Hamburger Sparkasse", "short_name": "Haspa", "website": "https://www.haspa.de/", "wheelchair": "yes", "osm_id": 674732079, "tile_500": "NO_E566000_N5948000_500", "tile_250": "NO_E566000_N5948000_250", "shop": "", "public_transport": "", "railway": ""}}, {"type": "Feature", "geometry": {"type": "Point", "coordinates": [562261.2196063672, 5955544.0954816695]}, "properties": {"addr:city": "Quickborn", "addr:country": "DE", "addr:housenumber": "13a", "addr:postcode": "25451", "addr:street": "Pascalkehre", "amenity": "restaurant", "name": "Zum goldenen Bullen", "opening_hours": "Mo-Fr 07:30-16:30", "operator": "Eurest", "osm_id": 682267843, "tile_500": "NO_E562000_N5955500_500", "tile_250": "NO_E562250_N5955500_250", "shop": "", "public_transport": "", "railway": ""}}, {"type": "Feature", "geometry": {"type": "Point", "coordinates": [565644.9817495756, 5957126.879961597]}, "properties": {"addr:city": "Henstedt-Ulzburg", "addr:country": "DE", "addr:housenumber": "20", "addr:postcode": "24558", "addr:street": "Theodor-Storm-Stra\u00dfe", "amenity": "kindergarten", "check_date": "2025-08-07", "name": "Kindergarten Theodor-Storm-Stra\u00dfe", "osm_id": 687715434, "tile_500": "NO_E565500_N5957000_500", "tile_250": "NO_E565500_N5957000_250", "shop": "", "public_transport": "", "railway": ""}}, {"type": "Feature", "geometry": {"type": "Point", "coordinates": [565717.9600871201, 5946912.138113731]}, "properties": {"amenity": "kindergarten", "name": "Kindergarten Spatzennest im Valvo-Park", "wheelchair": "no", "osm_id": 691699542, "tile_500": "NO_E565500_N5946500_500", "tile_250": "NO_E565500_N5946750_250", "shop": "", "public_transport": "", "railway": ""}}, {"type": "Feature", "geometry": {"type": "Point", "coordinates": [565263.1185355128, 5951363.322908922]}, "properties": {"addr:city": "Norderstedt", "addr:housenumber": "110-112", "addr:postcode": "22846", "addr:street": "Buckh\u00f6rner Moor", "brand": "ALDI Nord", "brand:wikidata": "Q41171373", "brand:wikipedia": "en:Aldi", "currency:EUR": "yes", "name": "ALDI Nord", "opening_hours": "Wegen Umbau bis Oktober geschlossen", "organic": "yes", "payment:cash": "yes", "payment:coins": "yes", "payment:contactless": "yes", "payment:credit_cards": "yes", "payment:debit_cards": "yes", "payment:girocard": "yes", "payment:maestro": "yes", "payment:mastercard": "yes", "payment:visa": "yes", "payment:visa_debit": "yes", "shop": "supermarket", "website": "https://www.aldi-nord.de/tools/filialen-und-oeffnungszeiten/schleswig-holstein/norderstedt/buckhoerner-moor-110-112.html", "wheelchair": "yes", "osm_id": 706304083, "tile_500": "NO_E565000_N5951000_500", "tile_250": "NO_E565250_N5951250_250", "amenity": "", "public_transport": "", "railway": ""}}, {"type": "Feature", "geometry": {"type": "Point", "coordinates": [565774.9736497957, 5953689.491650456]}, "properties": {"addr:city": "Norderstedt", "addr:country": "DE", "addr:housenumber": "2", "addr:postcode": "22844", "addr:street": "Erlengang", "amenity": "pharmacy", "contact:phone": "+49 40 5222698", "dispensing": "yes", "drive_through": "no", "healthcare": "pharmacy", "name": "Erlen-Apotheke", "network": "mea - meine apotheke", "opening_hours": "Mo,Tu,Th,Fr 08:00-18:30; Sa 08:30-13:00; We 08:00-14:00", "operator": "Monika Suhrbier", "website": "https://www.erlen-apotheke-norderstedt.de/", "wheelchair": "yes", "osm_id": 706476658, "tile_500": "NO_E565500_N5953500_500", "tile_250": "NO_E565750_N5953500_250", "shop": "", "public_transport": "", "railway": ""}}, {"type": "Feature", "geometry": {"type": "Point", "coordinates": [565479.7831498509, 5951432.626261511]}, "properties": {"addr:city": "Norderstedt", "addr:housenumber": "70", "addr:postcode": "22846", "addr:street": "Rathausallee", "amenity": "bank", "atm": "yes", "brand": "Sparda-Bank Hamburg", "brand:wikidata": "Q1231375", "brand:wikipedia": "de:Sparda-Bank (Deutschland)", "check_date:opening_hours": "2026-05-31", "email": "serviceteam@sparda-bank-hamburg.de", "fax": "+49 40 5500551111", "level": "0", "name": "Sparda-Bank Hamburg", "opening_hours": "Mo-Tu 09:00-14:00,15:00-18:00; We,Fr 09:00-14:00; Th 09:00-14:00,15:00-18:00", "operator": "Sparda-Bank Hamburg", "phone": "+49 40 5500550", "website": "https://www.sparda-bank-hamburg.de/hilfe-und-service/ihr-weg-zu-uns/standorte-uebersicht/standortsuche.html/l/norderstedt/rathausallee-70/808396", "wheelchair": "yes", "osm_id": 725257587, "tile_500": "NO_E565000_N5951000_500", "tile_250": "NO_E565250_N5951250_250", "shop": "", "public_transport": "", "railway": ""}}, {"type": "Feature", "geometry": {"type": "Point", "coordinates": [565742.8435453532, 5953656.171163672]}, "properties": {"addr:city": "Norderstedt", "addr:country": "DE", "addr:housenumber": "5-7", "addr:postcode": "22844", "addr:street": "Erlengang", "alt_name": "B\u00e4ckerei Nitt", "amenity": "cafe", "check_date": "2022-11-29", "name": "B\u00e4ckerei Nitt - ERLEN Caf\u00e9", "opening_hours": "Mo-Fr 06:00-18:00; Sa 06:00-13:00; Su 07:00-17:00", "operator": "B\u00e4ckerei-Konditorei Nitt", "phone": "+49 40 32593141", "shop": "bakery", "toilets:wheelchair": "yes", "website": "https://baeckerei-nitt.de/", "wheelchair": "yes", "osm_id": 732078002, "tile_500": "NO_E565500_N5953500_500", "tile_250": "NO_E565500_N5953500_250", "public_transport": "", "railway": ""}}, {"type": "Feature", "geometry": {"type": "Point", "coordinates": [564950.3685473878, 5946328.866435018]}, "properties": {"amenity": "fuel", "fuel:cng": "no", "fuel:lpg": "yes", "name": "Propan-Gesellschaft mbH", "opening_hours": "Mo-Th 07:00-16:00; Fr 07:00-14:45", "source": "http://www.gas-tankstellen.de", "osm_id": 732714690, "tile_500": "NO_E564500_N5946000_500", "tile_250": "NO_E564750_N5946250_250", "shop": "", "public_transport": "", "railway": ""}}, {"type": "Feature", "geometry": {"type": "Point", "coordinates": [566015.1191401499, 5952089.356068885]}, "properties": {"addr:city": "Norderstedt", "addr:housenumber": "308-310", "addr:postcode": "22846", "addr:street": "Ulzburger Stra\u00dfe", "branch": "Ulzburger Meile", "brand": "PENNY", "brand:wikidata": "Q284688", "brand:wikipedia": "en:Penny (supermarket)", "currency:EUR": "yes", "name": "PENNY", "opening_hours": "Mo-Sa 07:00-22:00", "organic": "yes", "payment:cash": "yes", "payment:coins": "yes", "payment:contactless": "yes", "payment:credit_cards": "yes", "payment:debit_cards": "yes", "payment:girocard": "yes", "payment:mastercard": "yes", "payment:visa": "yes", "payment:visa_debit": "yes", "shop": "supermarket", "wheelchair": "yes", "osm_id": 732830904, "tile_500": "NO_E566000_N5952000_500", "tile_250": "NO_E566000_N5952000_250", "amenity": "", "public_transport": "", "railway": ""}}, {"type": "Feature", "geometry": {"type": "Point", "coordinates": [565507.7314293314, 5951346.369113598]}, "properties": {"addr:city": "Norderstedt", "addr:country": "DE", "addr:housenumber": "31-33", "addr:postcode": "22846", "addr:street": "Rathausallee", "check_date:opening_hours": "2026-02-15", "indoor_seating": "no", "level": "0", "name": "Bahn B\u00e4ckerei", "opening_hours": "Mo-Fr 04:00-18:00; Sa 06:00-15:00", "opening_hours:signed": "no", "outdoor_seating": "no", "shop": "bakery", "takeaway": "only", "wheelchair": "yes", "osm_id": 732874260, "tile_500": "NO_E565500_N5951000_500", "tile_250": "NO_E565500_N5951250_250", "amenity": "", "public_transport": "", "railway": ""}}, {"type": "Feature", "geometry": {"type": "Point", "coordinates": [565280.2558033846, 5951404.219963104]}, "properties": {"amenity": "cafe", "cuisine": "coffee_shop", "name": "Moorbek Cafe", "opening_hours": "Mo-Fr 07:00-19:00; Sa 07:00-17:00; Su,PH 08:00-17:00", "shop": "bakery", "wheelchair": "yes", "osm_id": 732874279, "tile_500": "NO_E565000_N5951000_500", "tile_250": "NO_E565250_N5951250_250", "public_transport": "", "railway": ""}}, {"type": "Feature", "geometry": {"type": "Point", "coordinates": [565502.8787227826, 5951478.792603174]}, "properties": {"name": "Norderstedt Mitte", "network": "HVV", "operator": "AKN Eisenbahn GmbH", "public_transport": "stop_position", "railway": "stop", "train": "yes", "wheelchair": "yes", "osm_id": 741740405, "tile_500": "NO_E565500_N5951000_500", "tile_250": "NO_E565500_N5951250_250", "amenity": "", "shop": ""}}, {"type": "Feature", "geometry": {"type": "Point", "coordinates": [570167.8092813983, 5956199.401273604]}, "properties": {"bus": "yes", "name": "Wilstedt, Weg am Sportplatz", "public_transport": "stop_position", "osm_id": 743446330, "tile_500": "NO_E570000_N5956000_500", "tile_250": "NO_E570000_N5956000_250", "amenity": "", "shop": "", "railway": ""}}, {"type": "Feature", "geometry": {"type": "Point", "coordinates": [570374.0085759733, 5955887.096318451]}, "properties": {"bus": "yes", "name": "Wilstedt, Dorfplatz", "public_transport": "stop_position", "osm_id": 743446387, "tile_500": "NO_E570000_N5955500_500", "tile_250": "NO_E570250_N5955750_250", "amenity": "", "shop": "", "railway": ""}}, {"type": "Feature", "geometry": {"type": "Point", "coordinates": [565932.6714922457, 5948823.738529124]}, "properties": {"addr:city": "Norderstedt", "addr:housenumber": "10", "addr:postcode": "22850", "addr:street": "Ulzburger Stra\u00dfe", "amenity": "pharmacy", "check_date": "2019-10-09", "dispensing": "yes", "email": "info@norderstedt-apotheke.de", "fax": "+49 40 52950367", "healthcare": "pharmacy", "name": "Norderstedt-Apotheke", "opening_hours": "Mo-Fr 08:30-18:30; Sa 08:30-12:30", "operator": "Matthias Hergert", "phone": "+49 40 5296634", "website": "http://www.norderstedt-apotheke.de", "wheelchair": "yes", "osm_id": 747789933, "tile_500": "NO_E565500_N5948500_500", "tile_250": "NO_E565750_N5948750_250", "shop": "", "public_transport": "", "railway": ""}}, {"type": "Feature", "geometry": {"type": "Point", "coordinates": [566800.840826852, 5948671.548802613]}, "properties": {"addr:city": "Norderstedt", "addr:country": "DE", "addr:housenumber": "124", "addr:postcode": "22850", "addr:street": "Am Kielortplatz", "amenity": "pharmacy", "description": "E-Rezept \u00fcber Website m\u00f6glich, durch Scannen von Foto.", "fax": "+49 40 993421", "healthcare": "pharmacy", "name": "Spitzweg-Apotheke", "opening_hours": "Mo-Fr 08:30-13:00; Sa 08:30-13:00", "phone": "+49 40 5293030", "website": "https://www.spitzweg-apotheke-norderstedt.de", "wheelchair": "yes", "osm_id": 747789935, "tile_500": "NO_E566500_N5948500_500", "tile_250": "NO_E566750_N5948500_250", "shop": "", "public_transport": "", "railway": ""}}, {"type": "Feature", "geometry": {"type": "Point", "coordinates": [564864.3357755052, 5949444.228204906]}, "properties": {"addr:city": "Norderstedt", "addr:country": "DE", "addr:housenumber": "15", "addr:postcode": "22850", "addr:street": "Kohfurth", "branch": "Norderstedt-Garstedt", "brand": "EDEKA", "brand:wikidata": "Q701755", "check_date:opening_hours": "2022-11-29", "email": "kontakt@hayunga.de", "name": "EDEKA", "opening_hours": "Mo-Th 07:00-20:00; Fr-Sa 07:00-21:00; PH off", "operator": "HAYUNGA\u2018s E Kohfurth GmbH", "organic": "yes", "phone": "+49 40 21907142", "shop": "supermarket", "start_date": "2007", "website": "https://hayunga.de/kontakt/", "wheelchair": "yes", "osm_id": 762331280, "tile_500": "NO_E564500_N5949000_500", "tile_250": "NO_E564750_N5949250_250", "amenity": "", "public_transport": "", "railway": ""}}, {"type": "Feature", "geometry": {"type": "Point", "coordinates": [565704.2695902259, 5951334.229127066]}, "properties": {"addr:city": "Norderstedt", "addr:housenumber": "13b", "addr:postcode": "22846", "addr:street": "Rathausallee", "amenity": "bank", "drive_through": "no", "name": "Norderstedter Bank", "opening_hours": "Mo-Fr 09:00-13:00, Mo,Tu,Fr 14:30-16:00, Th 14:30-18:00", "operator": "Volksbank Raiffeisenbank eG", "wheelchair": "yes", "osm_id": 773591716, "tile_500": "NO_E565500_N5951000_500", "tile_250": "NO_E565500_N5951250_250", "shop": "", "public_transport": "", "railway": ""}}, {"type": "Feature", "geometry": {"type": "Point", "coordinates": [565731.7282922794, 5951320.48221258]}, "properties": {"addr:city": "Norderstedt", "addr:housenumber": "11a", "addr:postcode": "22846", "addr:street": "Rathausallee", "amenity": "pharmacy", "check_date:opening_hours": "2025-05-03", "dispensing": "yes", "email": "Rathaus-Apo.Gericke@t-online.de", "fax": "+49 40 5254149", "healthcare": "pharmacy", "name": "Rathaus-Apotheke", "opening_hours": "Mo-Fr 08:30-18:30", "operator": "Hans Joachim Gericke", "phone": "+49 40 5251240", "website": "https://www.rathaus-apotheke-norderstedt.de/", "wheelchair": "yes", "osm_id": 773591718, "tile_500": "NO_E565500_N5951000_500", "tile_250": "NO_E565500_N5951250_250", "shop": "", "public_transport": "", "railway": ""}}, {"type": "Feature", "geometry": {"type": "Point", "coordinates": [566516.1634571316, 5951134.785914455]}, "properties": {"addr:city": "Norderstedt", "addr:country": "DE", "addr:housenumber": "33-41", "addr:postcode": "22844", "addr:street": "Alter Kirchenweg", "indoor_seating": "yes", "name": "Tackmann", "opening_hours": "Mo-Sa 07:00-18:00; Su 08:00-18:00", "outdoor_seating": "yes", "phone": "+49 40 53008288", "shop": "bakery", "toilets:wheelchair": "no", "website": "https://baeckerei-tackmann.de/location/norderstedt-coffee-house/", "wheelchair": "limited", "osm_id": 773595499, "tile_500": "NO_E566500_N5951000_500", "tile_250": "NO_E566500_N5951000_250", "amenity": "", "public_transport": "", "railway": ""}}, {"type": "Feature", "geometry": {"type": "Point", "coordinates": [565841.5191057846, 5953010.563511512]}, "properties": {"addr:city": "Norderstedt", "addr:housenumber": "483", "addr:postcode": "22846", "addr:street": "Ulzburger Stra\u00dfe", "branch": "Hauptgesch\u00e4ft Norderstedt", "check_date": "2022-11-29", "contact:email": "thomas.nitt@wtnet.de", "contact:website": "https://baeckerei-nitt.de/", "email": "info@baeckerei-nitt.de", "fax": "+49 40 52682063", "indoor_seating": "no", "name": "B\u00e4ckerei-Konditorei Nitt", "opening_hours": "Mo-Sa 06:00-12:00", "operator": "Thomas Nitt", "outdoor_seating": "no", "phone": "+49 40 5222153", "ref:vatin": "DE1115803287", "shop": "bakery", "takeaway": "only", "wheelchair": "yes", "osm_id": 773596595, "tile_500": "NO_E565500_N5953000_500", "tile_250": "NO_E565750_N5953000_250", "amenity": "", "public_transport": "", "railway": ""}}, {"type": "Feature", "geometry": {"type": "Point", "coordinates": [568609.1333034079, 5949283.305131986]}, "properties": {"addr:city": "Norderstedt", "addr:housenumber": "58", "addr:postcode": "22851", "addr:street": "Mittelstra\u00dfe", "name": "Glash\u00fctter Markt", "shop": "bakery", "osm_id": 803863748, "tile_500": "NO_E568500_N5949000_500", "tile_250": "NO_E568500_N5949250_250", "amenity": "", "public_transport": "", "railway": ""}}, {"type": "Feature", "geometry": {"type": "Point", "coordinates": [568194.9848559636, 5948693.601651207]}, "properties": {"amenity": "bank", "atm": "yes", "name": "Sparkasse S\u00fcdholstein", "opening_hours": "Mo-We,Fr 09:00-12:00; Th 14:00-18:00", "osm_id": 803884795, "tile_500": "NO_E568000_N5948500_500", "tile_250": "NO_E568000_N5948500_250", "shop": "", "public_transport": "", "railway": ""}}, {"type": "Feature", "geometry": {"type": "Point", "coordinates": [565432.8444758387, 5948772.728205025]}, "properties": {"addr:city": "Norderstedt", "addr:country": "DE", "addr:housenumber": "7", "addr:postcode": "22850", "addr:street": "L\u00fctjenmoor", "amenity": "school", "name": "Willy-Brandt-Schule", "school:de": "Gemeinschaftsschule", "website": "https://www.wbs-norderstedt.de/", "wheelchair": "yes", "osm_id": 835455517, "tile_500": "NO_E565000_N5948500_500", "tile_250": "NO_E565250_N5948750_250", "shop": "", "public_transport": "", "railway": ""}}, {"type": "Feature", "geometry": {"type": "Point", "coordinates": [565611.4794064325, 5951381.4117368655]}, "properties": {"addr:city": "Norderstedt", "addr:country": "DE", "addr:housenumber": "21a", "addr:postcode": "22846", "addr:street": "Rathausallee", "alt_name": "Haspa", "amenity": "bank", "atm": "yes", "brand": "Hamburger Sparkasse", "brand:wikidata": "Q1573140", "brand:wikipedia": "de:Hamburger Sparkasse", "name": "Hamburger Sparkasse", "opening_hours": "Mo,We,Fr 09:30-13:00; Tu,Th 09:30-18:00", "operator": "Hamburger Sparkasse", "short_name": "Haspa", "website": "https://www.haspa.de/", "wheelchair": "yes", "osm_id": 854778258, "tile_500": "NO_E565500_N5951000_500", "tile_250": "NO_E565500_N5951250_250", "shop": "", "public_transport": "", "railway": ""}}, {"type": "Feature", "geometry": {"type": "Point", "coordinates": [562003.6516909654, 5955258.920258458]}, "properties": {"addr:city": "Quickborn", "addr:country": "DE", "addr:housenumber": "9", "addr:postcode": "25451", "addr:street": "Pascalstra\u00dfe", "amenity": "pharmacy", "dispensing": "yes", "email": "info@pascal-apotheke.de", "fax": "+49 4106 12 50 40", "healthcare": "pharmacy", "name": "Pascal Apotheke", "note": "de: Nachtschalter", "opening_hours": "Mo-Fr 08:00-20:00", "phone": "+49 4106 125036", "website": "https://www.pascalapotheke.de/", "wheelchair": "yes", "osm_id": 880883842, "tile_500": "NO_E562000_N5955000_500", "tile_250": "NO_E562000_N5955250_250", "shop": "", "public_transport": "", "railway": ""}}, {"type": "Feature", "geometry": {"type": "Point", "coordinates": [562009.6740267437, 5955283.846691548]}, "properties": {"addr:city": "Quickborn", "addr:housenumber": "9", "addr:postcode": "25451", "addr:street": "Pascalstra\u00dfe", "brand": "Kolls", "brand:wikidata": "Q107151170", "currency:EUR": "yes", "indoor_seating": "yes", "name": "Kolls", "opening_hours": "Mo-Sa 07:00-21:00", "operator": "B\u00e4ckerei Konditorei Kolls GmbH", "outdoor_seating": "no", "payment:cash": "yes", "payment:coins": "yes", "payment:girocard": "yes", "phone": "+49 4106 626839", "shop": "bakery", "website": "https://www.baeckerei-kolls.de/filiale/quickborn-heide-pascalstrasse/", "wheelchair": "yes", "osm_id": 913336808, "tile_500": "NO_E562000_N5955000_500", "tile_250": "NO_E562000_N5955250_250", "amenity": "", "public_transport": "", "railway": ""}}, {"type": "Feature", "geometry": {"type": "Point", "coordinates": [565523.1904507211, 5952008.752211566]}, "properties": {"addr:city": "Norderstedt", "addr:housenumber": "38", "addr:postcode": "22846", "addr:street": "Waldstra\u00dfe", "amenity": "fast_food", "check_date:opening_hours": "2023-01-14", "indoor_seating": "yes", "name": "Froque Croque", "opening_hours": "Mo-Su 11:00-22:00", "outdoor_seating": "no", "takeaway": "yes", "wheelchair": "limited", "osm_id": 970280413, "tile_500": "NO_E565500_N5952000_500", "tile_250": "NO_E565500_N5952000_250", "shop": "", "public_transport": "", "railway": ""}}, {"type": "Feature", "geometry": {"type": "Point", "coordinates": [565850.9167962074, 5948560.769669902]}, "properties": {"addr:city": "Norderstedt", "addr:housenumber": "11", "addr:postcode": "22848", "addr:street": "Ohechaussee", "amenity": "restaurant", "name": "Mellow", "opening_hours": "Tu-Th 11:30-22:00; Fr 11:30-23:00; Sa 09:30-23:00; Su 09:30-21:00", "phone": "+49 40 30 8500 07", "toilets:wheelchair": "yes", "website": "https://restaurant-mellow.de/#start", "wheelchair": "yes", "wheelchair:description": "Toilette mit Fahrstuhl ins Kellergescho\u00df", "osm_id": 983452211, "tile_500": "NO_E565500_N5948500_500", "tile_250": "NO_E565750_N5948500_250", "shop": "", "public_transport": "", "railway": ""}}, {"type": "Feature", "geometry": {"type": "Point", "coordinates": [565870.9951607214, 5948523.341377756]}, "properties": {"addr:housenumber": "8", "addr:street": "Am Tarpenufer", "amenity": "restaurant", "check_date:opening_hours": "2026-04-08", "cuisine": "italian", "name": "Ristorante Romantica", "opening_hours": "Th-Tu,PH 12:00-14:30,17:00-22:00", "payment:credit_cards": "yes", "payment:debit_cards": "yes", "phone": "+49 40 5293042", "website": "https://ristoranteromantica.de/", "wheelchair": "limited", "osm_id": 983452213, "tile_500": "NO_E565500_N5948500_500", "tile_250": "NO_E565750_N5948500_250", "shop": "", "public_transport": "", "railway": ""}}, {"type": "Feature", "geometry": {"type": "Point", "coordinates": [567121.4383599028, 5947854.298646561]}, "properties": {"name": "Kiwittsmoor", "public_transport": "stop_position", "railway": "stop", "subway": "yes", "osm_id": 1006716774, "tile_500": "NO_E567000_N5947500_500", "tile_250": "NO_E567000_N5947750_250", "amenity": "", "shop": ""}}, {"type": "Feature", "geometry": {"type": "Point", "coordinates": [565580.3078752176, 5944931.808905413]}, "properties": {"bus": "yes", "name": "Ermlandweg", "network": "HVV", "public_transport": "stop_position", "osm_id": 1045318124, "tile_500": "NO_E565500_N5944500_500", "tile_250": "NO_E565500_N5944750_250", "amenity": "", "shop": "", "railway": ""}}, {"type": "Feature", "geometry": {"type": "Point", "coordinates": [565552.375803644, 5944938.028864548]}, "properties": {"bus": "yes", "name": "Ermlandweg", "network": "HVV", "public_transport": "stop_position", "osm_id": 1045318128, "tile_500": "NO_E565500_N5944500_500", "tile_250": "NO_E565500_N5944750_250", "amenity": "", "shop": "", "railway": ""}}, {"type": "Feature", "geometry": {"type": "Point", "coordinates": [565303.6662200976, 5944977.963389119]}, "properties": {"bus": "yes", "name": "Krohnstiegtunnel", "network": "HVV", "public_transport": "stop_position", "osm_id": 1045348030, "tile_500": "NO_E565000_N5944500_500", "tile_250": "NO_E565250_N5944750_250", "amenity": "", "shop": "", "railway": ""}}, {"type": "Feature", "geometry": {"type": "Point", "coordinates": [565324.896313503, 5944969.69048224]}, "properties": {"bus": "yes", "name": "Krohnstiegtunnel", "network": "HVV", "public_transport": "stop_position", "osm_id": 1045348096, "tile_500": "NO_E565000_N5944500_500", "tile_250": "NO_E565250_N5944750_250", "amenity": "", "shop": "", "railway": ""}}, {"type": "Feature", "geometry": {"type": "Point", "coordinates": [564503.4645844017, 5944558.455896339]}, "properties": {"bus": "yes", "name": "Sperlingsweg", "public_transport": "stop_position", "osm_id": 1045420919, "tile_500": "NO_E564500_N5944500_500", "tile_250": "NO_E564500_N5944500_250", "amenity": "", "shop": "", "railway": ""}}, {"type": "Feature", "geometry": {"type": "Point", "coordinates": [567813.0914444986, 5949948.80041299]}, "properties": {"addr:city": "Norderstedt", "addr:housenumber": "174", "addr:postcode": "22851", "addr:street": "Poppenb\u00fctteler Stra\u00dfe", "check_date:opening_hours": "2026-03-28", "name": "Nahkauf", "opening_hours": "Mo-Sa 07:00-20:00", "shop": "supermarket", "wheelchair": "yes", "osm_id": 1071995397, "tile_500": "NO_E567500_N5949500_500", "tile_250": "NO_E567750_N5949750_250", "amenity": "", "public_transport": "", "railway": ""}}, {"type": "Feature", "geometry": {"type": "Point", "coordinates": [567095.0932318673, 5953677.553920249]}, "properties": {"bus": "yes", "name": "Harksh\u00f6rn, M\u00fchlenweg (Mitte)", "public_transport": "stop_position", "osm_id": 1122509653, "tile_500": "NO_E567000_N5953500_500", "tile_250": "NO_E567000_N5953500_250", "amenity": "", "shop": "", "railway": ""}}, {"type": "Feature", "geometry": {"type": "Point", "coordinates": [565446.9969430307, 5952495.393015869]}, "properties": {"local_ref": "1", "name": "Moorbekhalle (Schulzentrum Nord)", "operator": "AKN Eisenbahn GmbH", "public_transport": "stop_position", "railway": "stop", "train": "yes", "osm_id": 1161821063, "tile_500": "NO_E565000_N5952000_500", "tile_250": "NO_E565250_N5952250_250", "amenity": "", "shop": ""}}, {"type": "Feature", "geometry": {"type": "Point", "coordinates": [564542.7408031898, 5956693.68706515]}, "properties": {"name": "Meeschensee", "operator": "AKN Eisenbahn GmbH", "public_transport": "stop_position", "railway": "stop", "train": "yes", "osm_id": 1163085051, "tile_500": "NO_E564500_N5956500_500", "tile_250": "NO_E564500_N5956500_250", "amenity": "", "shop": ""}}, {"type": "Feature", "geometry": {"type": "Point", "coordinates": [565240.6869850124, 5953810.022379015]}, "properties": {"name": "Friedrichsgabe", "operator": "AKN Eisenbahn GmbH", "public_transport": "stop_position", "railway": "stop", "train": "yes", "osm_id": 1174229327, "tile_500": "NO_E565000_N5953500_500", "tile_250": "NO_E565000_N5953750_250", "amenity": "", "shop": ""}}, {"type": "Feature", "geometry": {"type": "Point", "coordinates": [568444.5399292802, 5949328.405196878]}, "properties": {"bus": "yes", "name": "Glash\u00fctte, ZOB", "public_transport": "stop_position", "osm_id": 1212571822, "tile_500": "NO_E568000_N5949000_500", "tile_250": "NO_E568250_N5949250_250", "amenity": "", "shop": "", "railway": ""}}, {"type": "Feature", "geometry": {"type": "Point", "coordinates": [565299.0471990728, 5954416.522283011]}, "properties": {"name": "Quickborner Stra\u00dfe", "operator": "AKN Eisenbahn GmbH", "public_transport": "stop_position", "railway": "stop", "train": "yes", "osm_id": 1216281131, "tile_500": "NO_E565000_N5954000_500", "tile_250": "NO_E565250_N5954250_250", "amenity": "", "shop": ""}}, {"type": "Feature", "geometry": {"type": "Point", "coordinates": [567282.3739700337, 5951541.317801087]}, "properties": {"bus": "yes", "name": "Harksheide, Stormarnstra\u00dfe", "public_transport": "stop_position", "osm_id": 1247278282, "tile_500": "NO_E567000_N5951500_500", "tile_250": "NO_E567250_N5951500_250", "amenity": "", "shop": "", "railway": ""}}, {"type": "Feature", "geometry": {"type": "Point", "coordinates": [564902.2049301374, 5949435.260144467]}, "properties": {"addr:city": "Norderstedt", "addr:country": "DE", "addr:housenumber": "15", "addr:postcode": "22850", "addr:street": "Kohfurth", "amenity": "pharmacy", "contact:fax": "+49 40 32593201", "contact:website": "https://www.bach-apotheke-app.de/", "dispensing": "yes", "healthcare": "pharmacy", "name": "Bach-Apotheke", "opening_hours": "Mo-Fr 08:30-19:00; Sa 09:00-16:00; PH off", "operator": "Martina Bach", "phone": "+49 40 32593200", "osm_id": 1333818714, "tile_500": "NO_E564500_N5949000_500", "tile_250": "NO_E564750_N5949250_250", "shop": "", "public_transport": "", "railway": ""}}, {"type": "Feature", "geometry": {"type": "Point", "coordinates": [565340.3544429014, 5950108.99919597]}, "properties": {"name": "Richtweg", "public_transport": "stop_position", "railway": "stop", "subway": "yes", "osm_id": 1374832877, "tile_500": "NO_E565000_N5950000_500", "tile_250": "NO_E565250_N5950000_250", "amenity": "", "shop": ""}}, {"type": "Feature", "geometry": {"type": "Point", "coordinates": [565337.7555076992, 5950110.687724655]}, "properties": {"name": "Richtweg", "public_transport": "stop_position", "railway": "stop", "subway": "yes", "osm_id": 1374832878, "tile_500": "NO_E565000_N5950000_500", "tile_250": "NO_E565250_N5950000_250", "amenity": "", "shop": ""}}, {"type": "Feature", "geometry": {"type": "Point", "coordinates": [566127.7100948655, 5948141.293284632]}, "properties": {"addr:city": "Hamburg", "addr:country": "DE", "addr:housenumber": "660", "addr:postcode": "22419", "addr:street": "Langenhorner Chaussee", "amenity": "restaurant", "check_date:opening_hours": "2023-09-13", "cuisine": "chinese", "email": "info@konfuzius-restaurant.de", "internet_access": "no", "name": "Konfuzius", "opening_hours": "Mo-Su 11:30-23:00", "payment:credit_cards": "yes", "payment:debit_cards": "yes", "phone": "+49 40 53789998", "smoking": "no", "toilets:wheelchair": "yes", "website": "https://www.konfuzius-restaurant.de/", "wheelchair": "yes", "osm_id": 1384359328, "tile_500": "NO_E566000_N5948000_500", "tile_250": "NO_E566000_N5948000_250", "shop": "", "public_transport": "", "railway": ""}}, {"type": "Feature", "geometry": {"type": "Point", "coordinates": [563934.1358703774, 5948273.665692583]}, "properties": {"addr:city": "Norderstedt", "addr:country": "DE", "addr:housenumber": "5", "addr:postcode": "22848", "addr:street": "Friedrichsgaber Weg", "amenity": "fast_food", "contact:facebook": "https://www.facebook.com/Papp-Satt-Norderstedt-506986489413987/", "cuisine": "german", "delivery": "yes", "diet:halal": "no", "email": "info@pappsatt-norderstedt.de", "indoor_seating": "yes", "name": "Papp Satt", "opening_hours": "Mo-Fr 08:00-16:00", "operator": "Eckhardt Nehrig", "outdoor_seating": "yes", "payment:cash": "yes", "payment:coins": "yes", "phone": "+49 40 5282670", "ref:vatin": "DE1115708108", "takeaway": "yes", "website": "http://www.pappsatt-norderstedt.de/", "wheelchair": "limited", "osm_id": 1385113455, "tile_500": "NO_E563500_N5948000_500", "tile_250": "NO_E563750_N5948250_250", "shop": "", "public_transport": "", "railway": ""}}, {"type": "Feature", "geometry": {"type": "Point", "coordinates": [565220.7275944301, 5948952.462252931]}, "properties": {"addr:city": "Norderstedt", "addr:country": "DE", "addr:housenumber": "24", "addr:postcode": "22850", "addr:street": "Europaallee", "amenity": "police", "fax": "+49 40 52806 109", "name": "Kriminalpolizeiau\u00dfenstelle Norderstedt", "phone": "+49 40 52806 0", "wheelchair": "yes", "osm_id": 1425590542, "tile_500": "NO_E565000_N5948500_500", "tile_250": "NO_E565000_N5948750_250", "shop": "", "public_transport": "", "railway": ""}}, {"type": "Feature", "geometry": {"type": "Point", "coordinates": [565996.6616867381, 5952416.892886643]}, "properties": {"addr:city": "Norderstedt", "addr:country": "DE", "addr:housenumber": "332b", "addr:postcode": "22846", "addr:street": "Ulzburger Stra\u00dfe", "amenity": "restaurant", "cuisine": "sushi", "name": "Soul Sushi Norderstedt", "website": "https://soulsushi.de/", "wheelchair": "limited", "osm_id": 1457137466, "tile_500": "NO_E565500_N5952000_500", "tile_250": "NO_E565750_N5952250_250", "shop": "", "public_transport": "", "railway": ""}}, {"type": "Feature", "geometry": {"type": "Point", "coordinates": [565073.1836830904, 5955564.847364389]}, "properties": {"hvv:psv_type": "A", "name": "Haslohfurth", "operator": "AKN Eisenbahn GmbH", "railway": "halt", "railway:ref": "AHLF", "train": "yes", "uic_name": "Haslohfurth", "uic_ref": "8079025", "wheelchair": "no", "wikidata": "Q19606343", "osm_id": 1472514793, "tile_500": "NO_E565000_N5955500_500", "tile_250": "NO_E565000_N5955500_250", "amenity": "", "shop": "", "public_transport": ""}}, {"type": "Feature", "geometry": {"type": "Point", "coordinates": [564511.5629075062, 5946440.869151593]}, "properties": {"bus": "yes", "name": "Garstedt, Niendorfer Stra\u00dfe (Mitte)", "network": "Hamburger Verkehrsverbund", "public_transport": "stop_position", "ref": "360386", "osm_id": 1572598636, "tile_500": "NO_E564500_N5946000_500", "tile_250": "NO_E564500_N5946250_250", "amenity": "", "shop": "", "railway": ""}}, {"type": "Feature", "geometry": {"type": "Point", "coordinates": [565122.9842010338, 5945410.3466856135]}, "properties": {"bus": "yes", "name": "Garstedt, S\u00fcdportal", "public_transport": "stop_position", "osm_id": 1591409153, "tile_500": "NO_E565000_N5945000_500", "tile_250": "NO_E565000_N5945250_250", "amenity": "", "shop": "", "railway": ""}}, {"type": "Feature", "geometry": {"type": "Point", "coordinates": [565522.6319473548, 5951367.173574183]}, "properties": {"bus": "yes", "local_ref": "Nur zum Aussteigen", "name": "U A Norderstedt Mitte", "public_transport": "stop_position", "osm_id": 1605800106, "tile_500": "NO_E565500_N5951000_500", "tile_250": "NO_E565500_N5951250_250", "amenity": "", "shop": "", "railway": ""}}, {"type": "Feature", "geometry": {"type": "Point", "coordinates": [562240.2474782254, 5953327.038742655]}, "properties": {"bus": "yes", "name": "Quickborn, Hasloher Weg", "public_transport": "stop_position", "osm_id": 1605800133, "tile_500": "NO_E562000_N5953000_500", "tile_250": "NO_E562000_N5953250_250", "amenity": "", "shop": "", "railway": ""}}, {"type": "Feature", "geometry": {"type": "Point", "coordinates": [565638.8069393404, 5950041.515588004]}, "properties": {"bus": "yes", "name": "Garstedt, Forstweg", "operator": "HVV", "public_transport": "stop_position", "osm_id": 1619054209, "tile_500": "NO_E565500_N5950000_500", "tile_250": "NO_E565500_N5950000_250", "amenity": "", "shop": "", "railway": ""}}, {"type": "Feature", "geometry": {"type": "Point", "coordinates": [565640.5104296171, 5950824.324138969]}, "properties": {"bus": "yes", "name": "Garstedt, Ulzburger Stra\u00dfe 186", "public_transport": "stop_position", "osm_id": 1619054236, "tile_500": "NO_E565500_N5950500_500", "tile_250": "NO_E565500_N5950750_250", "amenity": "", "shop": "", "railway": ""}}, {"type": "Feature", "geometry": {"type": "Point", "coordinates": [566093.892501648, 5951648.614952934]}, "properties": {"bus": "yes", "name": "Friedrichsgabe, Langenharmer Weg", "public_transport": "stop_position", "osm_id": 1619071439, "tile_500": "NO_E566000_N5951500_500", "tile_250": "NO_E566000_N5951500_250", "amenity": "", "shop": "", "railway": ""}}, {"type": "Feature", "geometry": {"type": "Point", "coordinates": [565154.7911608455, 5952153.5259443475]}, "properties": {"bus": "yes", "name": "Friedrichsgabe, Waldstra\u00dfe", "public_transport": "stop_position", "osm_id": 1628471496, "tile_500": "NO_E565000_N5952000_500", "tile_250": "NO_E565000_N5952000_250", "amenity": "", "shop": "", "railway": ""}}, {"type": "Feature", "geometry": {"type": "Point", "coordinates": [563291.1236105345, 5945913.824232426]}, "properties": {"amenity": "restaurant", "cuisine": "german", "name": "Kaminski", "osm_id": 1633400952, "tile_500": "NO_E563000_N5945500_500", "tile_250": "NO_E563250_N5945750_250", "shop": "", "public_transport": "", "railway": ""}}, {"type": "Feature", "geometry": {"type": "Point", "coordinates": [567112.680889921, 5955765.334093315]}, "properties": {"bus": "yes", "name": "Harksheide, Beim Br\u00fcderhof", "public_transport": "stop_position", "osm_id": 1650873242, "tile_500": "NO_E567000_N5955500_500", "tile_250": "NO_E567000_N5955750_250", "amenity": "", "shop": "", "railway": ""}}, {"type": "Feature", "geometry": {"type": "Point", "coordinates": [564831.8337919223, 5946802.833381284]}, "properties": {"bus": "yes", "name": "Garstedt, Gewerbe im Park", "public_transport": "stop_position", "osm_id": 1653391439, "tile_500": "NO_E564500_N5946500_500", "tile_250": "NO_E564750_N5946750_250", "amenity": "", "shop": "", "railway": ""}}, {"type": "Feature", "geometry": {"type": "Point", "coordinates": [564736.7081591486, 5946809.978422757]}, "properties": {"bus": "yes", "name": "Garstedt, Gewerbe im Park", "public_transport": "stop_position", "osm_id": 1653391653, "tile_500": "NO_E564500_N5946500_500", "tile_250": "NO_E564500_N5946750_250", "amenity": "", "shop": "", "railway": ""}}, {"type": "Feature", "geometry": {"type": "Point", "coordinates": [565127.1501542922, 5948869.145479585]}, "properties": {"hha_ref": "GA", "hvv:barrier_free": "yes", "hvv:psv_type": "U", "name": "Garstedt", "public_transport": "stop_position", "railway": "stop", "subway": "yes", "wheelchair": "yes", "osm_id": 1669874334, "tile_500": "NO_E565000_N5948500_500", "tile_250": "NO_E565000_N5948750_250", "amenity": "", "shop": ""}}, {"type": "Feature", "geometry": {"type": "Point", "coordinates": [562133.5707937073, 5956776.116899449]}, "properties": {"bus": "yes", "name": "A Tanneneck", "public_transport": "stop_position", "osm_id": 1670280910, "tile_500": "NO_E562000_N5956500_500", "tile_250": "NO_E562000_N5956750_250", "amenity": "", "shop": "", "railway": ""}}, {"type": "Feature", "geometry": {"type": "Point", "coordinates": [569968.802390641, 5951043.126489965]}, "properties": {"bus": "yes", "name": "Glash\u00fctte, Siegfriedstra\u00dfe", "public_transport": "stop_position", "osm_id": 1718577885, "tile_500": "NO_E569500_N5951000_500", "tile_250": "NO_E569750_N5951000_250", "amenity": "", "shop": "", "railway": ""}}, {"type": "Feature", "geometry": {"type": "Point", "coordinates": [570036.5621297618, 5951115.853483816]}, "properties": {"bus": "yes", "name": "Glash\u00fctte, Siegfriedstra\u00dfe", "public_transport": "stop_position", "osm_id": 1718577886, "tile_500": "NO_E570000_N5951000_500", "tile_250": "NO_E570000_N5951000_250", "amenity": "", "shop": "", "railway": ""}}, {"type": "Feature", "geometry": {"type": "Point", "coordinates": [568212.3667028229, 5948992.676873265]}, "properties": {"bus": "yes", "name": "Glash\u00fctte, Hans-Salb-Stra\u00dfe", "public_transport": "stop_position", "osm_id": 1718583448, "tile_500": "NO_E568000_N5948500_500", "tile_250": "NO_E568000_N5948750_250", "amenity": "", "shop": "", "railway": ""}}, {"type": "Feature", "geometry": {"type": "Point", "coordinates": [568085.376407321, 5948350.838420249]}, "properties": {"bus": "yes", "name": "Hasloher Kehre", "public_transport": "stop_position", "osm_id": 1718594468, "tile_500": "NO_E568000_N5948000_500", "tile_250": "NO_E568000_N5948250_250", "amenity": "", "shop": "", "railway": ""}}, {"type": "Feature", "geometry": {"type": "Point", "coordinates": [568079.1030734095, 5948380.735423912]}, "properties": {"bus": "yes", "name": "Hasloher Kehre", "public_transport": "stop_position", "osm_id": 1718594471, "tile_500": "NO_E568000_N5948000_500", "tile_250": "NO_E568000_N5948250_250", "amenity": "", "shop": "", "railway": ""}}, {"type": "Feature", "geometry": {"type": "Point", "coordinates": [569072.0055351922, 5949163.885871624]}, "properties": {"bus": "yes", "name": "Glash\u00fctte, Robert-Koch-Stra\u00dfe (West)", "public_transport": "stop_position", "osm_id": 1718626182, "tile_500": "NO_E569000_N5949000_500", "tile_250": "NO_E569000_N5949000_250", "amenity": "", "shop": "", "railway": ""}}, {"type": "Feature", "geometry": {"type": "Point", "coordinates": [569074.6239522541, 5949202.758736562]}, "properties": {"bus": "yes", "name": "Glash\u00fctte, Robert-Koch-Stra\u00dfe (West)", "public_transport": "stop_position", "osm_id": 1718626183, "tile_500": "NO_E569000_N5949000_500", "tile_250": "NO_E569000_N5949000_250", "amenity": "", "shop": "", "railway": ""}}, {"type": "Feature", "geometry": {"type": "Point", "coordinates": [569100.3928974431, 5948711.099096075]}, "properties": {"bus": "yes", "name": "Glash\u00fctte, Friedhof", "public_transport": "stop_position", "osm_id": 1718628118, "tile_500": "NO_E569000_N5948500_500", "tile_250": "NO_E569000_N5948500_250", "amenity": "", "shop": "", "railway": ""}}, {"type": "Feature", "geometry": {"type": "Point", "coordinates": [565227.9999717119, 5948646.222733214]}, "properties": {"addr:city": "Norderstedt", "addr:housenumber": "4", "addr:postcode": "22850", "addr:street": "Europaallee", "amenity": "bank", "brand": "HypoVereinsbank", "brand:wikidata": "Q220189", "brand:wikipedia": "en:HypoVereinsbank", "name": "HypoVereinsbank", "opening_hours": "Mo-Fr 10:00-13:00, Tu 14:00-16:00, Th 16:00-18:00", "website": "http://www.hvb.de", "wheelchair": "limited", "osm_id": 1727933786, "tile_500": "NO_E565000_N5948500_500", "tile_250": "NO_E565000_N5948500_250", "shop": "", "public_transport": "", "railway": ""}}, {"type": "Feature", "geometry": {"type": "Point", "coordinates": [568121.024202051, 5948744.292189667]}, "properties": {"addr:city": "Norderstedt", "addr:country": "DE", "addr:housenumber": "555", "addr:postcode": "22851", "addr:street": "Tangstedter Landstra\u00dfe", "amenity": "pharmacy", "check_date": "2024-07-26", "check_date:opening_hours": "2024-07-26", "dispensing": "yes", "email": "glashuetter-apotheke@t-online.de", "fax": "+49 40 52983812", "healthcare": "pharmacy", "name": "Glash\u00fctter Apotheke", "opening_hours": "Mo-Fr 08:30-18:30; Sa 08:30-12:30", "operator": "Michael Steffen e.K.", "phone": "+49 40 5244681", "website": "https://www.glashuetter-apotheke-norderstedt.de/", "osm_id": 1770500904, "tile_500": "NO_E568000_N5948500_500", "tile_250": "NO_E568000_N5948500_250", "shop": "", "public_transport": "", "railway": ""}}, {"type": "Feature", "geometry": {"type": "Point", "coordinates": [568137.3936486039, 5948748.8136780625]}, "properties": {"brand": "Dat Backhus", "brand:wikidata": "Q62093175", "check_date": "2022-11-29", "name": "Dat Backhus", "opening_hours": "Mo-Sa 08:00-20:00", "shop": "bakery", "osm_id": 1770599876, "tile_500": "NO_E568000_N5948500_500", "tile_250": "NO_E568000_N5948500_250", "amenity": "", "public_transport": "", "railway": ""}}, {"type": "Feature", "geometry": {"type": "Point", "coordinates": [564907.5305680122, 5954896.3636004785]}, "properties": {"bus": "yes", "name": "Friedrichsgabe, Beim Umspannwerk", "public_transport": "stop_position", "osm_id": 1800495486, "tile_500": "NO_E564500_N5954500_500", "tile_250": "NO_E564750_N5954750_250", "amenity": "", "shop": "", "railway": ""}}, {"type": "Feature", "geometry": {"type": "Point", "coordinates": [564862.3146067556, 5954907.85508967]}, "properties": {"bus": "yes", "name": "Friedrichsgabe, Beim Umspannwerk", "public_transport": "stop_position", "osm_id": 1800495487, "tile_500": "NO_E564500_N5954500_500", "tile_250": "NO_E564750_N5954750_250", "amenity": "", "shop": "", "railway": ""}}, {"type": "Feature", "geometry": {"type": "Point", "coordinates": [566484.3419691565, 5951134.21252392]}, "properties": {"addr:city": "Norderstedt", "addr:country": "DE", "addr:housenumber": "33-41", "addr:postcode": "22844", "addr:street": "Alter Kirchenweg", "amenity": "fast_food", "cuisine": "kebab", "delivery": "yes", "drive_through": "no", "email": "hasan.kalkan@t-online.de", "indoor_seating": "yes", "name": "Kalkan Kebap House", "opening_hours": "Mo-Su 11:00-23:00", "operator": "Mustafa Yilmaz", "outdoor_seating": "yes", "payment:cash": "yes", "payment:coins": "yes", "payment:contactless": "yes", "payment:credit_cards": "yes", "payment:debit_cards": "yes", "payment:girocard": "yes", "payment:mastercard": "yes", "payment:visa": "yes", "payment:visa_debit": "yes", "phone": "+49 40 30980630", "takeaway": "yes", "website": "https://www.kalkankebaphouse.de/", "wheelchair": "yes", "osm_id": 1808645945, "tile_500": "NO_E566000_N5951000_500", "tile_250": "NO_E566250_N5951000_250", "shop": "", "public_transport": "", "railway": ""}}, {"type": "Feature", "geometry": {"type": "Point", "coordinates": [565957.4588900103, 5951728.8803187795]}, "properties": {"bus": "yes", "name": "Friedrichsgabe, Langenharmer Weg", "public_transport": "stop_position", "osm_id": 1852678654, "tile_500": "NO_E565500_N5951500_500", "tile_250": "NO_E565750_N5951500_250", "amenity": "", "shop": "", "railway": ""}}, {"type": "Feature", "geometry": {"type": "Point", "coordinates": [565985.3819393043, 5952326.781785904]}, "properties": {"bus": "yes", "name": "Friedrichsgabe, Weg am Denkmal", "public_transport": "stop_position", "osm_id": 1852678655, "tile_500": "NO_E565500_N5952000_500", "tile_250": "NO_E565750_N5952250_250", "amenity": "", "shop": "", "railway": ""}}, {"type": "Feature", "geometry": {"type": "Point", "coordinates": [565967.6963549553, 5952449.922678483]}, "properties": {"bus": "yes", "name": "Friedrichsgabe, Weg am Denkmal", "public_transport": "stop_position", "osm_id": 1852678659, "tile_500": "NO_E565500_N5952000_500", "tile_250": "NO_E565750_N5952250_250", "amenity": "", "shop": "", "railway": ""}}, {"type": "Feature", "geometry": {"type": "Point", "coordinates": [565855.5794946987, 5953008.924960722]}, "properties": {"bus": "yes", "name": "Friedrichsgabe, Harckesheyde (West)", "old_name": "Friedrichsgabe, Heidberg", "public_transport": "stop_position", "osm_id": 1852678663, "tile_500": "NO_E565500_N5953000_500", "tile_250": "NO_E565750_N5953000_250", "amenity": "", "shop": "", "railway": ""}}, {"type": "Feature", "geometry": {"type": "Point", "coordinates": [565849.747856823, 5953084.886477762]}, "properties": {"bus": "yes", "name": "Friedrichsgabe, Harckesheyde (West)", "old_name": "Friedrichsgabe, Heidberg", "public_transport": "stop_position", "osm_id": 1852678666, "tile_500": "NO_E565500_N5953000_500", "tile_250": "NO_E565750_N5953000_250", "amenity": "", "shop": "", "railway": ""}}, {"type": "Feature", "geometry": {"type": "Point", "coordinates": [565803.9684309307, 5953635.87584217]}, "properties": {"bus": "yes", "name": "Friedrichsgabe, Bahnhofstra\u00dfe", "old_name": "Friedrichsgabe, M\u00fchlenweg (West)", "public_transport": "stop_position", "osm_id": 1852678670, "tile_500": "NO_E565500_N5953500_500", "tile_250": "NO_E565750_N5953500_250", "amenity": "", "shop": "", "railway": ""}}, {"type": "Feature", "geometry": {"type": "Point", "coordinates": [565793.5834367945, 5953754.7357866485]}, "properties": {"bus": "yes", "name": "Friedrichsgabe, Bahnhofstra\u00dfe", "old_name": "Friedrichsgabe, M\u00fchlenweg (West)", "public_transport": "stop_position", "osm_id": 1852678677, "tile_500": "NO_E565500_N5953500_500", "tile_250": "NO_E565750_N5953750_250", "amenity": "", "shop": "", "railway": ""}}, {"type": "Feature", "geometry": {"type": "Point", "coordinates": [565743.2614045965, 5954287.413616086]}, "properties": {"bus": "yes", "name": "Friedrichsgabe, Irisgang", "old_name": "Friedrichsgabe, Pestalozzistra\u00dfe", "public_transport": "stop_position", "osm_id": 1852678681, "tile_500": "NO_E565500_N5954000_500", "tile_250": "NO_E565500_N5954250_250", "amenity": "", "shop": "", "railway": ""}}, {"type": "Feature", "geometry": {"type": "Point", "coordinates": [565738.7319659778, 5954328.109151341]}, "properties": {"bus": "yes", "name": "Friedrichsgabe, Irisgang", "old_name": "Friedrichsgabe, Pestalozzistra\u00dfe", "public_transport": "stop_position", "osm_id": 1852678688, "tile_500": "NO_E565500_N5954000_500", "tile_250": "NO_E565500_N5954250_250", "amenity": "", "shop": "", "railway": ""}}, {"type": "Feature", "geometry": {"type": "Point", "coordinates": [565372.8767805295, 5954377.092861266]}, "properties": {"bus": "yes", "name": "A Quickborner Stra\u00dfe", "public_transport": "stop_position", "osm_id": 1852678689, "tile_500": "NO_E565000_N5954000_500", "tile_250": "NO_E565250_N5954250_250", "amenity": "", "shop": "", "railway": ""}}, {"type": "Feature", "geometry": {"type": "Point", "coordinates": [565394.5255692548, 5954377.906701757]}, "properties": {"bus": "yes", "name": "A Quickborner Stra\u00dfe", "public_transport": "stop_position", "osm_id": 1852678694, "tile_500": "NO_E565000_N5954000_500", "tile_250": "NO_E565250_N5954250_250", "amenity": "", "shop": "", "railway": ""}}, {"type": "Feature", "geometry": {"type": "Point", "coordinates": [563799.1904799421, 5954706.681419858]}, "properties": {"bus": "yes", "name": "Quickborn-Heide, Feldweg", "public_transport": "stop_position", "osm_id": 1852678709, "tile_500": "NO_E563500_N5954500_500", "tile_250": "NO_E563750_N5954500_250", "amenity": "", "shop": "", "railway": ""}}, {"type": "Feature", "geometry": {"type": "Point", "coordinates": [562814.7950289447, 5955390.408285919]}, "properties": {"bus": "yes", "name": "Quickborn-Heide, Ulzburger Landstra\u00dfe", "public_transport": "stop_position", "osm_id": 1852678737, "tile_500": "NO_E562500_N5955000_500", "tile_250": "NO_E562750_N5955250_250", "amenity": "", "shop": "", "railway": ""}}, {"type": "Feature", "geometry": {"type": "Point", "coordinates": [562769.1102299407, 5955404.69525929]}, "properties": {"bus": "yes", "name": "Quickborn-Heide, Ulzburger Landstra\u00dfe", "public_transport": "stop_position", "osm_id": 1852678747, "tile_500": "NO_E562500_N5955000_500", "tile_250": "NO_E562750_N5955250_250", "amenity": "", "shop": "", "railway": ""}}, {"type": "Feature", "geometry": {"type": "Point", "coordinates": [562102.3625868543, 5955446.216482519]}, "properties": {"bus": "yes", "name": "Quickborn-Heide, Pascalkehre", "public_transport": "stop_position", "osm_id": 1852678755, "tile_500": "NO_E562000_N5955000_500", "tile_250": "NO_E562000_N5955250_250", "amenity": "", "shop": "", "railway": ""}}, {"type": "Feature", "geometry": {"type": "Point", "coordinates": [562975.3466817742, 5955595.878065369]}, "properties": {"bus": "yes", "name": "Quickborn-Heide, Lornsenstra\u00dfe", "public_transport": "stop_position", "osm_id": 1852678757, "tile_500": "NO_E562500_N5955500_500", "tile_250": "NO_E562750_N5955500_250", "amenity": "", "shop": "", "railway": ""}}, {"type": "Feature", "geometry": {"type": "Point", "coordinates": [562107.6977047239, 5955755.786856258]}, "properties": {"bus": "yes", "name": "Quickborn-Heide, Grandweg", "public_transport": "stop_position", "osm_id": 1852678760, "tile_500": "NO_E562000_N5955500_500", "tile_250": "NO_E562000_N5955750_250", "amenity": "", "shop": "", "railway": ""}}, {"type": "Feature", "geometry": {"type": "Point", "coordinates": [563134.533094762, 5955929.008014718]}, "properties": {"bus": "yes", "name": "Quickborn-Heide, Hermann-L\u00f6ns-Stra\u00dfe", "public_transport": "stop_position", "osm_id": 1852678769, "tile_500": "NO_E563000_N5955500_500", "tile_250": "NO_E563000_N5955750_250", "amenity": "", "shop": "", "railway": ""}}, {"type": "Feature", "geometry": {"type": "Point", "coordinates": [563189.0633473231, 5956049.315420232]}, "properties": {"bus": "yes", "name": "Quickborn-Heide, Hermann-L\u00f6ns-Stra\u00dfe", "public_transport": "stop_position", "osm_id": 1852678773, "tile_500": "NO_E563000_N5956000_500", "tile_250": "NO_E563000_N5956000_250", "amenity": "", "shop": "", "railway": ""}}, {"type": "Feature", "geometry": {"type": "Point", "coordinates": [563306.6498771643, 5956347.931022162]}, "properties": {"bus": "yes", "name": "Quickborn-Heide, Hinrich-Fehrs-Stra\u00dfe", "public_transport": "stop_position", "osm_id": 1852678806, "tile_500": "NO_E563000_N5956000_500", "tile_250": "NO_E563250_N5956250_250", "amenity": "", "shop": "", "railway": ""}}, {"type": "Feature", "geometry": {"type": "Point", "coordinates": [562140.4945999174, 5956768.664586006]}, "properties": {"bus": "yes", "name": "A Tanneneck", "public_transport": "stop_position", "osm_id": 1852678823, "tile_500": "NO_E562000_N5956500_500", "tile_250": "NO_E562000_N5956750_250", "amenity": "", "shop": "", "railway": ""}}, {"type": "Feature", "geometry": {"type": "Point", "coordinates": [562661.5784011208, 5957061.87490699]}, "properties": {"bus": "yes", "name": "Quickborn-Heide, Kiefernweg", "old_name": "Quickborn-Heide, Tanneneckweg", "public_transport": "stop_position", "osm_id": 1852678874, "tile_500": "NO_E562500_N5957000_500", "tile_250": "NO_E562500_N5957000_250", "amenity": "", "shop": "", "railway": ""}}, {"type": "Feature", "geometry": {"type": "Point", "coordinates": [562730.16663982, 5957072.707430794]}, "properties": {"bus": "yes", "name": "Quickborn-Heide, Kiefernweg", "old_name": "Quickborn-Heide, Tanneneckweg", "public_transport": "stop_position", "osm_id": 1852678880, "tile_500": "NO_E562500_N5957000_500", "tile_250": "NO_E562500_N5957000_250", "amenity": "", "shop": "", "railway": ""}}, {"type": "Feature", "geometry": {"type": "Point", "coordinates": [561977.9622735758, 5957073.095758012]}, "properties": {"bus": "yes", "name": "Ellerau, Moortwiete", "public_transport": "stop_position", "osm_id": 1852678905, "tile_500": "NO_E561500_N5957000_500", "tile_250": "NO_E561750_N5957000_250", "amenity": "", "shop": "", "railway": ""}}, {"type": "Feature", "geometry": {"type": "Point", "coordinates": [565998.1786098847, 5951955.357515951]}, "properties": {"addr:city": "Norderstedt", "addr:housenumber": "302", "addr:postcode": "22846", "addr:street": "Ulzburger Stra\u00dfe", "amenity": "restaurant", "cuisine": "sushi", "indoor_seating": "yes", "name": "Sushi Dreams", "outdoor_seating": "yes", "toilets:wheelchair": "yes", "wheelchair": "limited", "wheelchair:description": "Der Eingang hat eine Stufe, aber im Laden ist alles sehr breit.\nEs gibt sogar ein extra Behindertengerechtes WC.", "osm_id": 1893849853, "tile_500": "NO_E565500_N5951500_500", "tile_250": "NO_E565750_N5951750_250", "shop": "", "public_transport": "", "railway": ""}}, {"type": "Feature", "geometry": {"type": "Point", "coordinates": [565967.6294920938, 5952025.240625055]}, "properties": {"amenity": "fast_food", "asb": "thai", "name": "Ha Long", "osm_id": 1893849875, "tile_500": "NO_E565500_N5952000_500", "tile_250": "NO_E565750_N5952000_250", "shop": "", "public_transport": "", "railway": ""}}, {"type": "Feature", "geometry": {"type": "Point", "coordinates": [565969.0215455455, 5952315.813891661]}, "properties": {"addr:city": "Norderstedt", "addr:housenumber": "407", "addr:postcode": "22846", "addr:street": "Ulzburger Stra\u00dfe", "amenity": "fast_food", "cuisine": "kebab", "delivery": "yes", "email": "talgin70@gmail.com", "name": "Arkadasch Schnell-Restaurant", "opening_hours": "Mo-Su 11:30-21:45", "operator": "Turan Algin", "phone": "+49 40 52610920", "ref:vatin": "DE288924683", "takeaway": "yes", "website": "https://www.arkadasch-kebap.de/", "wheelchair": "limited", "osm_id": 1893849918, "tile_500": "NO_E565500_N5952000_500", "tile_250": "NO_E565750_N5952250_250", "shop": "", "public_transport": "", "railway": ""}}, {"type": "Feature", "geometry": {"type": "Point", "coordinates": [565876.763157959, 5952745.908044764]}, "properties": {"amenity": "bank", "name": "Sparkasse Holstein", "wheelchair": "yes", "osm_id": 1893849955, "tile_500": "NO_E565500_N5952500_500", "tile_250": "NO_E565750_N5952500_250", "shop": "", "public_transport": "", "railway": ""}}, {"type": "Feature", "geometry": {"type": "Point", "coordinates": [565905.3342675285, 5952772.224759879]}, "properties": {"addr:city": "Norderstedt", "addr:country": "DE", "addr:housenumber": "358", "addr:postcode": "22846", "addr:street": "Ulzburger Stra\u00dfe", "amenity": "fast_food", "cuisine": "burger", "diet:vegetarian": "yes", "name": "Bugsy Burger", "opening_hours": "Tu-Th 12:00-21:00; Fr,Sa 12:00-22:00; Su 13:00-21:00; Mo off", "phone": "+49 40 35700654", "website": "https://www.bugsyburger.com/", "wheelchair": "yes", "osm_id": 1893849968, "tile_500": "NO_E565500_N5952500_500", "tile_250": "NO_E565750_N5952750_250", "shop": "", "public_transport": "", "railway": ""}}, {"type": "Feature", "geometry": {"type": "Point", "coordinates": [565744.1411971304, 5951224.750946339]}, "properties": {"addr:city": "Norderstedt", "addr:country": "DE", "addr:housenumber": "279", "addr:postcode": "22850", "addr:street": "Ulzburger Stra\u00dfe", "amenity": "restaurant", "cuisine": "greek", "email": "info@restaurant-naxos.de", "fax": "+49 40 30 98 26 10", "indoor_seating": "yes", "name": "Restaurant Naxos", "opening_hours": "Mo-Fr 11:30-14:30,17:00-23:00; Sa-Su 11:30-23:00", "outdoor_seating": "yes", "phone": "+49 40 525 77 33", "website": "https://www.restaurant-naxos.de/", "wheelchair": "limited", "osm_id": 2124838272, "tile_500": "NO_E565500_N5951000_500", "tile_250": "NO_E565500_N5951000_250", "shop": "", "public_transport": "", "railway": ""}}, {"type": "Feature", "geometry": {"type": "Point", "coordinates": [566005.4753144169, 5952229.133906754]}, "properties": {"addr:city": "Norderstedt", "addr:housenumber": "324", "addr:postcode": "22846", "addr:street": "Ulzburger Stra\u00dfe", "amenity": "cafe", "check_date": "2022-11-29", "cuisine": "cake;coffee;breakfast;pastry", "name": "B\u00e4ckerei Nitt - Caf\u00e9 an der Ulzburger Stra\u00dfe 324", "opening_hours": "Mo-Fr 06:00-18:00; Sa 06:00-12:00; Su 07:00-12:00", "operator": "B\u00e4ckerei-Konditorei Nitt", "outdoor_seating": "yes", "phone": "+49 40 81972950", "shop": "bakery", "toilets:wheelchair": "no", "website": "https://www.baeckerei-nitt.de/filialen/norderstedt/", "wheelchair": "yes", "osm_id": 2183115064, "tile_500": "NO_E566000_N5952000_500", "tile_250": "NO_E566000_N5952000_250", "public_transport": "", "railway": ""}}, {"type": "Feature", "geometry": {"type": "Point", "coordinates": [567844.2866029281, 5951086.336550222]}, "properties": {"bus": "yes", "name": "Glash\u00fctte, Glasmoorstra\u00dfe", "public_transport": "stop_position", "osm_id": 2200184960, "tile_500": "NO_E567500_N5951000_500", "tile_250": "NO_E567750_N5951000_250", "amenity": "", "shop": "", "railway": ""}}, {"type": "Feature", "geometry": {"type": "Point", "coordinates": [566899.4530518756, 5951470.947819611]}, "properties": {"bus": "yes", "name": "Harksheide, Waldschneise", "network": "HVV", "public_transport": "stop_position", "ref": "493", "osm_id": 2200184961, "tile_500": "NO_E566500_N5951000_500", "tile_250": "NO_E566750_N5951250_250", "amenity": "", "shop": "", "railway": ""}}, {"type": "Feature", "geometry": {"type": "Point", "coordinates": [565725.8115990489, 5957272.7796960175]}, "properties": {"bus": "yes", "name": "Rhen, Alter Postweg", "public_transport": "stop_position", "osm_id": 2246282183, "tile_500": "NO_E565500_N5957000_500", "tile_250": "NO_E565500_N5957250_250", "amenity": "", "shop": "", "railway": ""}}, {"type": "Feature", "geometry": {"type": "Point", "coordinates": [567106.6587713092, 5948888.995093057]}, "properties": {"entrance": "yes", "name": "Backzeit", "shop": "bakery", "osm_id": 2292780738, "tile_500": "NO_E567000_N5948500_500", "tile_250": "NO_E567000_N5948750_250", "amenity": "", "public_transport": "", "railway": ""}}, {"type": "Feature", "geometry": {"type": "Point", "coordinates": [566572.4643109211, 5948738.807491495]}, "properties": {"addr:city": "Norderstedt", "addr:housenumber": "51A", "addr:postcode": "22850", "addr:street": "Segeberger Chaussee", "amenity": "restaurant", "cuisine": "greek", "name": "Yamass", "opening_hours": "Tu-Sa 17:00-24:00; Su 15:00-23:00", "phone": "+49 40 529 6180", "website": "https://yamass.eatbu.com", "osm_id": 2297267349, "tile_500": "NO_E566500_N5948500_500", "tile_250": "NO_E566500_N5948500_250", "shop": "", "public_transport": "", "railway": ""}}, {"type": "Feature", "geometry": {"type": "Point", "coordinates": [564678.4201044736, 5948695.981313508]}, "properties": {"bus": "yes", "name": "Garstedt, Achternfelde", "public_transport": "stop_position", "osm_id": 2329681549, "tile_500": "NO_E564500_N5948500_500", "tile_250": "NO_E564500_N5948500_250", "amenity": "", "shop": "", "railway": ""}}, {"type": "Feature", "geometry": {"type": "Point", "coordinates": [566569.7767426023, 5956090.584314373]}, "properties": {"bus": "yes", "name": "Rhen, Paracelsus-Klinik", "public_transport": "stop_position", "osm_id": 2344132356, "tile_500": "NO_E566500_N5956000_500", "tile_250": "NO_E566500_N5956000_250", "amenity": "", "shop": "", "railway": ""}}, {"type": "Feature", "geometry": {"type": "Point", "coordinates": [565115.0931712623, 5948868.822490016]}, "properties": {"name": "Garstedt", "public_transport": "stop_position", "railway": "stop", "subway": "yes", "wheelchair": "yes", "osm_id": 2399463013, "tile_500": "NO_E565000_N5948500_500", "tile_250": "NO_E565000_N5948750_250", "amenity": "", "shop": ""}}, {"type": "Feature", "geometry": {"type": "Point", "coordinates": [565051.9447458455, 5948881.277505401]}, "properties": {"bus": "yes", "local_ref": "A", "name": "U Garstedt", "public_transport": "stop_position", "osm_id": 2399463707, "tile_500": "NO_E565000_N5948500_500", "tile_250": "NO_E565000_N5948750_250", "amenity": "", "shop": "", "railway": ""}}, {"type": "Feature", "geometry": {"type": "Point", "coordinates": [565032.911104537, 5948897.7490237355]}, "properties": {"bus": "yes", "local_ref": "B", "name": "U Garstedt", "public_transport": "stop_position", "osm_id": 2399463710, "tile_500": "NO_E565000_N5948500_500", "tile_250": "NO_E565000_N5948750_250", "amenity": "", "shop": "", "railway": ""}}, {"type": "Feature", "geometry": {"type": "Point", "coordinates": [568628.7965921625, 5949313.113234548]}, "properties": {"addr:city": "Norderstedt", "addr:country": "DE", "addr:housenumber": "74", "addr:postcode": "22851", "addr:street": "Mittelstra\u00dfe", "amenity": "pub", "branch": "Biergrube", "brand": "Sch\u00e4fer's", "brand:wikidata": "Q1464562", "name": "Sch\u00e4fer's", "opening_hours": "Mo-Sa 14:00-00:00; Su 16:00-00:00", "shop": "bakery", "osm_id": 2417738030, "tile_500": "NO_E568500_N5949000_500", "tile_250": "NO_E568500_N5949250_250", "public_transport": "", "railway": ""}}, {"type": "Feature", "geometry": {"type": "Point", "coordinates": [568752.3055573645, 5949625.917347218]}, "properties": {"addr:housenumber": "241", "addr:postcode": "22851", "addr:street": "Segeberger Chaussee", "amenity": "restaurant", "cuisine": "italian", "name": "Barolo", "osm_id": 2439265402, "tile_500": "NO_E568500_N5949500_500", "tile_250": "NO_E568750_N5949500_250", "shop": "", "public_transport": "", "railway": ""}}, {"type": "Feature", "geometry": {"type": "Point", "coordinates": [563520.0581919993, 5955980.675265132]}, "properties": {"bus": "yes", "name": "Quickborn-Heide, Heideweg", "public_transport": "stop_position", "osm_id": 2454660048, "tile_500": "NO_E563500_N5955500_500", "tile_250": "NO_E563500_N5955750_250", "amenity": "", "shop": "", "railway": ""}}, {"type": "Feature", "geometry": {"type": "Point", "coordinates": [563744.4831746692, 5956375.72260403]}, "properties": {"bus": "yes", "name": "Quickborn-Heide, Kiefernhain", "public_transport": "stop_position", "osm_id": 2454660049, "tile_500": "NO_E563500_N5956000_500", "tile_250": "NO_E563500_N5956250_250", "amenity": "", "shop": "", "railway": ""}}, {"type": "Feature", "geometry": {"type": "Point", "coordinates": [563447.6244852161, 5956565.237945496]}, "properties": {"bus": "yes", "name": "Quickborn-Heide, Waldschule", "public_transport": "stop_position", "osm_id": 2454660052, "tile_500": "NO_E563000_N5956500_500", "tile_250": "NO_E563250_N5956500_250", "amenity": "", "shop": "", "railway": ""}}, {"type": "Feature", "geometry": {"type": "Point", "coordinates": [564379.4332563389, 5948081.809334495]}, "properties": {"bus": "yes", "name": "Garstedt, Friedhof", "public_transport": "stop_position", "osm_id": 2464756443, "tile_500": "NO_E564000_N5948000_500", "tile_250": "NO_E564250_N5948000_250", "amenity": "", "shop": "", "railway": ""}}, {"type": "Feature", "geometry": {"type": "Point", "coordinates": [567740.8083494612, 5949093.461745219]}, "properties": {"addr:city": "Norderstedt", "addr:country": "DE", "addr:housenumber": "147", "addr:street": "Segeberger Chaussee", "amenity": "kindergarten", "check_date": "2023-07-02", "entrance": "yes", "name": "Kindergarten am B\u00f6hmerwald", "osm_id": 2468095460, "tile_500": "NO_E567500_N5949000_500", "tile_250": "NO_E567500_N5949000_250", "shop": "", "public_transport": "", "railway": ""}}, {"type": "Feature", "geometry": {"type": "Point", "coordinates": [569267.3653785179, 5950291.504213889]}, "properties": {"bus": "yes", "name": "Glash\u00fctte, Hofweg", "public_transport": "stop_position", "osm_id": 2506193251, "tile_500": "NO_E569000_N5950000_500", "tile_250": "NO_E569250_N5950250_250", "amenity": "", "shop": "", "railway": ""}}, {"type": "Feature", "geometry": {"type": "Point", "coordinates": [569122.413281733, 5954045.86867721]}, "properties": {"bus": "yes", "name": "Wilstedt, Heidestra\u00dfe", "public_transport": "stop_position", "osm_id": 2517633364, "tile_500": "NO_E569000_N5954000_500", "tile_250": "NO_E569000_N5954000_250", "amenity": "", "shop": "", "railway": ""}}, {"type": "Feature", "geometry": {"type": "Point", "coordinates": [567908.1386734312, 5949806.221004521]}, "properties": {"bus": "yes", "name": "Glash\u00fctte, Op den Kamp", "old_name": "Glash\u00fctter Damm", "public_transport": "stop_position", "osm_id": 2799796075, "tile_500": "NO_E567500_N5949500_500", "tile_250": "NO_E567750_N5949750_250", "amenity": "", "shop": "", "railway": ""}}, {"type": "Feature", "geometry": {"type": "Point", "coordinates": [567906.7244509711, 5949813.589052464]}, "properties": {"bus": "yes", "name": "Glash\u00fctte, Op den Kamp", "old_name": "Glash\u00fctter Damm", "public_transport": "stop_position", "osm_id": 2799796076, "tile_500": "NO_E567500_N5949500_500", "tile_250": "NO_E567750_N5949750_250", "amenity": "", "shop": "", "railway": ""}}, {"type": "Feature", "geometry": {"type": "Point", "coordinates": [568010.7264794597, 5949399.268604373]}, "properties": {"bus": "yes", "name": "Norderstedt, Schulzentrum S\u00fcd", "public_transport": "stop_position", "osm_id": 2799796077, "tile_500": "NO_E568000_N5949000_500", "tile_250": "NO_E568000_N5949250_250", "amenity": "", "shop": "", "railway": ""}}, {"type": "Feature", "geometry": {"type": "Point", "coordinates": [567995.6054127967, 5949461.929765017]}, "properties": {"bus": "yes", "name": "Norderstedt, Schulzentrum S\u00fcd", "public_transport": "stop_position", "osm_id": 2799796078, "tile_500": "NO_E567500_N5949000_500", "tile_250": "NO_E567750_N5949250_250", "amenity": "", "shop": "", "railway": ""}}, {"type": "Feature", "geometry": {"type": "Point", "coordinates": [567885.3967918541, 5950249.847933112]}, "properties": {"bus": "yes", "name": "Glash\u00fctte, Lindenweg", "public_transport": "stop_position", "osm_id": 2799896040, "tile_500": "NO_E567500_N5950000_500", "tile_250": "NO_E567750_N5950000_250", "amenity": "", "shop": "", "railway": ""}}, {"type": "Feature", "geometry": {"type": "Point", "coordinates": [567871.29813805, 5950390.493091669]}, "properties": {"bus": "yes", "name": "Glash\u00fctte, Lindenweg", "public_transport": "stop_position", "osm_id": 2799896041, "tile_500": "NO_E567500_N5950000_500", "tile_250": "NO_E567750_N5950250_250", "amenity": "", "shop": "", "railway": ""}}, {"type": "Feature", "geometry": {"type": "Point", "coordinates": [566854.8322691275, 5951479.680914416]}, "properties": {"bus": "yes", "name": "Harksheide, Waldschneise", "network": "HVV", "public_transport": "stop_position", "ref": "493", "osm_id": 2799970301, "tile_500": "NO_E566500_N5951000_500", "tile_250": "NO_E566750_N5951250_250", "amenity": "", "shop": "", "railway": ""}}, {"type": "Feature", "geometry": {"type": "Point", "coordinates": [566447.1143544144, 5951594.129540299]}, "properties": {"bus": "yes", "name": "Harksheide, Festsaal Falkenberg", "public_transport": "stop_position", "osm_id": 2800120572, "tile_500": "NO_E566000_N5951500_500", "tile_250": "NO_E566250_N5951500_250", "amenity": "", "shop": "", "railway": ""}}, {"type": "Feature", "geometry": {"type": "Point", "coordinates": [564437.7349794375, 5951181.369181491]}, "properties": {"bus": "yes", "name": "Garstedt, Helgolandstra\u00dfe", "public_transport": "stop_position", "osm_id": 2801486229, "tile_500": "NO_E564000_N5951000_500", "tile_250": "NO_E564250_N5951000_250", "amenity": "", "shop": "", "railway": ""}}, {"type": "Feature", "geometry": {"type": "Point", "coordinates": [564446.8257842495, 5951181.872358163]}, "properties": {"bus": "yes", "name": "Garstedt, Helgolandstra\u00dfe", "public_transport": "stop_position", "osm_id": 2801486230, "tile_500": "NO_E564000_N5951000_500", "tile_250": "NO_E564250_N5951000_250", "amenity": "", "shop": "", "railway": ""}}, {"type": "Feature", "geometry": {"type": "Point", "coordinates": [564481.970563237, 5950432.154305651]}, "properties": {"bus": "yes", "name": "Garstedt, Harthagen", "public_transport": "stop_position", "osm_id": 2801566617, "tile_500": "NO_E564000_N5950000_500", "tile_250": "NO_E564250_N5950250_250", "amenity": "", "shop": "", "railway": ""}}, {"type": "Feature", "geometry": {"type": "Point", "coordinates": [565035.2256991233, 5949404.92133102]}, "properties": {"bus": "yes", "name": "Garstedt, Kohfurth", "public_transport": "stop_position", "osm_id": 2802013855, "tile_500": "NO_E565000_N5949000_500", "tile_250": "NO_E565000_N5949250_250", "amenity": "", "shop": "", "railway": ""}}, {"type": "Feature", "geometry": {"type": "Point", "coordinates": [564970.0430959538, 5949462.769988769]}, "properties": {"bus": "yes", "name": "Garstedt, Kohfurth", "public_transport": "stop_position", "osm_id": 2802013856, "tile_500": "NO_E564500_N5949000_500", "tile_250": "NO_E564750_N5949250_250", "amenity": "", "shop": "", "railway": ""}}, {"type": "Feature", "geometry": {"type": "Point", "coordinates": [565666.1817522678, 5952321.812443166]}, "properties": {"addr:city": "Norderstedt", "addr:country": "DE", "addr:housenumber": "15", "addr:postcode": "22846", "addr:street": "Moorbekstra\u00dfe", "amenity": "school", "check_date": "2024-07-02", "isced:level": "2", "name": "Gemeinschaftsschule Friedrichsgabe", "old_name": "Regionalschule Friedrichsgabe", "school:DE": "Gemeinschaftsschule", "website": "https://gems-friedrichsgabe.lernnetz.de/", "osm_id": 2849937732, "tile_500": "NO_E565500_N5952000_500", "tile_250": "NO_E565500_N5952250_250", "shop": "", "public_transport": "", "railway": ""}}, {"type": "Feature", "geometry": {"type": "Point", "coordinates": [567851.4852855353, 5949476.924993886]}, "properties": {"addr:city": "Norderstedt", "addr:housenumber": "230", "addr:postcode": "22851", "addr:street": "Poppenb\u00fctteler Stra\u00dfe", "amenity": "school", "check_date": "2024-08-18", "name": "Gemeinschaftsschule Ossenmoorpark", "school:de": "Gemeinschaftsschule", "website": "https://gems-ossenmoorpark.lernnetz.de/", "wheelchair": "yes", "osm_id": 2850106231, "tile_500": "NO_E567500_N5949000_500", "tile_250": "NO_E567750_N5949250_250", "shop": "", "public_transport": "", "railway": ""}}, {"type": "Feature", "geometry": {"type": "Point", "coordinates": [565585.7928968488, 5952302.4947091]}, "properties": {"addr:city": "Norderstedt", "addr:country": "DE", "addr:housenumber": "15", "addr:postcode": "22846", "addr:street": "Moorbekstra\u00dfe", "amenity": "school", "check_date": "2024-07-28", "isced:level": "2;3", "name": "Lessing-Gymnasium Norderstedt", "school:DE": "Gymnasium", "website": "https://www.lg-n.de/", "osm_id": 2850106232, "tile_500": "NO_E565500_N5952000_500", "tile_250": "NO_E565500_N5952250_250", "shop": "", "public_transport": "", "railway": ""}}, {"type": "Feature", "geometry": {"type": "Point", "coordinates": [567863.8761649714, 5949433.9414496105]}, "properties": {"addr:city": "Norderstedt", "addr:housenumber": "230", "addr:postcode": "22851", "addr:street": "Poppenb\u00fctteler Stra\u00dfe", "amenity": "school", "check_date": "2024-08-18", "name": "Lise-Meitner-Gymnasium", "school:de": "Gymnasium", "website": "https://lise-meitner-gymnasium.lernnetz.de/", "wheelchair": "yes", "osm_id": 2850106233, "tile_500": "NO_E567500_N5949000_500", "tile_250": "NO_E567750_N5949250_250", "shop": "", "public_transport": "", "railway": ""}}, {"type": "Feature", "geometry": {"type": "Point", "coordinates": [565673.2553004809, 5954916.678944076]}, "properties": {"bus": "yes", "name": "Harksheide, Zwickm\u00f6hlen", "public_transport": "stop_position", "osm_id": 2961047500, "tile_500": "NO_E565500_N5954500_500", "tile_250": "NO_E565500_N5954750_250", "amenity": "", "shop": "", "railway": ""}}, {"type": "Feature", "geometry": {"type": "Point", "coordinates": [566173.1370849381, 5948171.2419963265]}, "properties": {"hha_ref": "OZ", "hvv:barrier_free": "no", "hvv:psv_type": "U", "name": "Ochsenzoll", "network": "HVV", "operator": "Hamburger Hochbahn AG", "public_transport": "station", "railway": "station", "station": "subway", "subway": "yes", "toilets:wheelchair": "no", "wheelchair": "yes", "wikidata": "Q2466023", "osm_id": 3034089808, "tile_500": "NO_E566000_N5948000_500", "tile_250": "NO_E566000_N5948000_250", "amenity": "", "shop": ""}}, {"type": "Feature", "geometry": {"type": "Point", "coordinates": [567837.5085199922, 5949929.92530474]}, "properties": {"name": "Dat Backhus", "shop": "bakery", "osm_id": 3054397313, "tile_500": "NO_E567500_N5949500_500", "tile_250": "NO_E567750_N5949750_250", "amenity": "", "public_transport": "", "railway": ""}}, {"type": "Feature", "geometry": {"type": "Point", "coordinates": [567861.4796428513, 5949950.59018363]}, "properties": {"addr:housenumber": "180", "addr:street": "Poppenb\u00fctteler Stra\u00dfe", "amenity": "restaurant", "capacity": "10", "cuisine": "italian;pizza", "email": "Bhandalbet@yahoo.de", "name": "Bella Italia Pizzeria", "opening_hours": "Mo-Fr 11:00-21:45; Sa 15:00-21:45; Su 13:30-21:45", "phone": "+49 40 53008629", "self_service": "no", "website": "https://www.bella-norderstedt.de/", "website:menu": "https://www.restablo.de/restaurant/bella-italia-pizzeria-norderstedt.html", "osm_id": 3054397314, "tile_500": "NO_E567500_N5949500_500", "tile_250": "NO_E567750_N5949750_250", "shop": "", "public_transport": "", "railway": ""}}, {"type": "Feature", "geometry": {"type": "Point", "coordinates": [565495.786912166, 5951368.712626401]}, "properties": {"bus": "yes", "local_ref": "C", "name": "U A Norderstedt Mitte", "public_transport": "stop_position", "osm_id": 3082186872, "tile_500": "NO_E565000_N5951000_500", "tile_250": "NO_E565250_N5951250_250", "amenity": "", "shop": "", "railway": ""}}, {"type": "Feature", "geometry": {"type": "Point", "coordinates": [567395.428563116, 5953636.239746821]}, "properties": {"bus": "yes", "name": "Harksh\u00f6rn, Gewerbecentrum M\u00fchlenweg", "public_transport": "stop_position", "osm_id": 3102082922, "tile_500": "NO_E567000_N5953500_500", "tile_250": "NO_E567250_N5953500_250", "amenity": "", "shop": "", "railway": ""}}, {"type": "Feature", "geometry": {"type": "Point", "coordinates": [565215.7775616787, 5948515.543127116]}, "properties": {"bus": "yes", "name": "Garstedt, Europaallee", "public_transport": "stop_position", "osm_id": 3108349155, "tile_500": "NO_E565000_N5948500_500", "tile_250": "NO_E565000_N5948500_250", "amenity": "", "shop": "", "railway": ""}}, {"type": "Feature", "geometry": {"type": "Point", "coordinates": [567205.8494578121, 5951647.565684499]}, "properties": {"addr:city": "Norderstedt", "addr:country": "DE", "addr:housenumber": "33-41", "addr:postcode": "22844", "addr:street": "Stormarnstra\u00dfe", "brand": "Dat Backhus", "brand:wikidata": "Q62093175", "check_date": "2023-10-10", "contact:website": "http://www.dat-backhus.de/", "internet_access": "no", "name": "Dat Backhus", "opening_hours": "Mo-Sa 08:00-20:30; Su 08:00-14:00; PH off", "payment:cash": "yes", "payment:contactless": "yes", "payment:girocard": "yes", "payment:mastercard": "yes", "payment:visa": "yes", "shop": "bakery", "wheelchair": "limited", "osm_id": 3138435809, "tile_500": "NO_E567000_N5951500_500", "tile_250": "NO_E567000_N5951500_250", "amenity": "", "public_transport": "", "railway": ""}}, {"type": "Feature", "geometry": {"type": "Point", "coordinates": [567196.6616679332, 5951670.957111026]}, "properties": {"addr:city": "Norderstedt", "addr:country": "DE", "addr:housenumber": "33-41", "addr:postcode": "22844", "addr:street": "Stormarnstra\u00dfe", "amenity": "pharmacy", "check_date": "2023-10-10", "dispensing": "yes", "drive_through": "no", "email": "info@vitalhus.de", "fax": "+49 40 879778 82", "healthcare": "pharmacy", "internet_access": "no", "name": "Vitalhus. Die Apotheke", "opening_hours": "Mo-Fr 08:00-20:00; Sa 08:00-18:00; PH off", "operator": "Christoph Steinhart", "payment:cash": "yes", "payment:mastercard": "yes", "payment:visa": "yes", "phone": "+49 40 879778 81", "ref:vatin": "DE262233748", "website": "https://www.vitalhus.de", "wheelchair": "yes", "osm_id": 3138435821, "tile_500": "NO_E567000_N5951500_500", "tile_250": "NO_E567000_N5951500_250", "shop": "", "public_transport": "", "railway": ""}}, {"type": "Feature", "geometry": {"type": "Point", "coordinates": [565211.0341726186, 5948556.480648645]}, "properties": {"addr:city": "Norderstedt", "addr:housenumber": "1", "addr:postcode": "22850", "addr:street": "Europaallee", "amenity": "bank", "atm": "yes", "brand": "Commerzbank", "brand:wikidata": "Q157617", "brand:wikipedia": "de:Commerzbank", "name": "Commerzbank", "opening_hours": "Mo-Fr 09:30-13:00, Mo,We 14:00-16:00, Tu,Th 14:00-18:00; PH,Sa,Su off", "osm_id": 3248392173, "tile_500": "NO_E565000_N5948500_500", "tile_250": "NO_E565000_N5948500_250", "shop": "", "public_transport": "", "railway": ""}}, {"type": "Feature", "geometry": {"type": "Point", "coordinates": [565227.0975795606, 5948584.209945625]}, "properties": {"addr:city": "Norderstedt", "addr:housenumber": "147", "addr:postcode": "22848", "addr:street": "Ochsenzoller Stra\u00dfe", "amenity": "pharmacy", "dispensing": "yes", "email": "infoscandia-apotheke@t-online.de", "fax": "+49 40 5239359", "healthcare": "pharmacy", "name": "Scandia-Apotheke", "opening_hours": "Mo-Fr 09:00-18:30; Sa 09:00-13:00; PH,Su off", "phone": "+49 40 5231045", "website": "https://scandia-apotheke.com/", "osm_id": 3248392177, "tile_500": "NO_E565000_N5948500_500", "tile_250": "NO_E565000_N5948500_250", "shop": "", "public_transport": "", "railway": ""}}, {"type": "Feature", "geometry": {"type": "Point", "coordinates": [565206.610442176, 5948638.626296717]}, "properties": {"addr:city": "Norderstedt", "addr:housenumber": "21", "addr:postcode": "22850", "addr:street": "Europaallee", "amenity": "restaurant", "cuisine": "korean", "email": "info@yang-zi.de", "fax": "+49 40 528 83 821", "name": "Restaurant Yang-Zi", "owner": "Hyun-Woo Jung", "phone": "+49 40 528 83 820", "start_date": "1996", "website": "https://yang-zi.de/", "osm_id": 3248392178, "tile_500": "NO_E565000_N5948500_500", "tile_250": "NO_E565000_N5948500_250", "shop": "", "public_transport": "", "railway": ""}}, {"type": "Feature", "geometry": {"type": "Point", "coordinates": [565734.3990095721, 5951368.767094026]}, "properties": {"addr:city": "Norderstedt", "addr:housenumber": "10", "addr:postcode": "22846", "addr:street": "Rathausallee", "amenity": "restaurant", "indoor_seating": "yes", "name": "Fantasia bei Alberto", "outdoor_seating": "yes", "wheelchair": "yes", "osm_id": 3265265482, "tile_500": "NO_E565500_N5951000_500", "tile_250": "NO_E565500_N5951250_250", "shop": "", "public_transport": "", "railway": ""}}, {"type": "Feature", "geometry": {"type": "Point", "coordinates": [565295.9803567387, 5951400.499762202]}, "properties": {"addr:city": "Norderstedt", "addr:country": "DE", "addr:housenumber": "35/39", "addr:postcode": "22846", "addr:street": "Rathausallee", "amenity": "pharmacy", "dispensing": "yes", "email": "info@moorbek-apotheke.de", "fax": "+49 40 5261798", "healthcare": "pharmacy", "name": "Moorbek Apotheke", "opening_hours": "Mo-Fr 08:30-19:00; Sa 09:00-16:00", "operator": "Nicolas Ahlers", "phone": "+49 40 5227552", "website": "https://www.moorbek-apotheke.de/", "wheelchair": "yes", "osm_id": 3265265486, "tile_500": "NO_E565000_N5951000_500", "tile_250": "NO_E565250_N5951250_250", "shop": "", "public_transport": "", "railway": ""}}, {"type": "Feature", "geometry": {"type": "Point", "coordinates": [565582.0418301024, 5951436.179833349]}, "properties": {"addr:city": "Norderstedt", "addr:housenumber": "60", "addr:postcode": "22846", "addr:street": "Rathausallee", "amenity": "restaurant", "cuisine": "regional", "diet:vegetarian": "yes", "indoor_seating": "yes", "microbrewery": "yes", "name": "Hopfenliebe Brauhaus", "opening_hours": "Mo,Su off, Tu-Th 16:00-24:00, Fr,Sa 16:00-01:00", "outdoor_seating": "yes", "toilets:wheelchair": "no", "wheelchair": "limited", "osm_id": 3265265487, "tile_500": "NO_E565500_N5951000_500", "tile_250": "NO_E565500_N5951250_250", "shop": "", "public_transport": "", "railway": ""}}, {"type": "Feature", "geometry": {"type": "Point", "coordinates": [565786.1082209357, 5951343.598884839]}, "properties": {"amenity": "bank", "osm_id": 3265265490, "tile_500": "NO_E565500_N5951000_500", "tile_250": "NO_E565750_N5951250_250", "name": "", "shop": "", "public_transport": "", "railway": ""}}, {"type": "Feature", "geometry": {"type": "Point", "coordinates": [565593.5983210619, 5951391.5544998925]}, "properties": {"brand": "B\u00e4cker Andresen", "brand:wikidata": "Q111152310", "check_date": "2026-02-15", "check_date:opening_hours": "2026-02-15", "indoor_seating": "yes", "name": "B\u00e4ckerei Andresen", "opening_hours": "Mo-Fr 06:00-18:00; Sa 07:00-13:00; Su 07:00-12:00", "outdoor_seating": "yes", "shop": "bakery", "wheelchair": "yes", "osm_id": 3265295258, "tile_500": "NO_E565500_N5951000_500", "tile_250": "NO_E565500_N5951250_250", "amenity": "", "public_transport": "", "railway": ""}}, {"type": "Feature", "geometry": {"type": "Point", "coordinates": [564750.6275741132, 5948656.117739639]}, "properties": {"addr:city": "Norderstedt", "addr:housenumber": "4", "addr:postcode": "22850", "addr:street": "Achternfelde", "amenity": "pharmacy", "dispensing": "yes", "email": "info@hubertusnorderstedt.de", "fax": "+49 40 5344036", "healthcare": "pharmacy", "name": "Hubertus-Apotheke", "opening_hours": "Mo-Fr 08:15-13:00,14:00-18:30; Sa 09:00-13:00", "operator": "Dr. Thomas Meyer", "phone": "+49 40 5231228", "website": "http://www.hubertusnorderstedt.de", "osm_id": 3327735843, "tile_500": "NO_E564500_N5948500_500", "tile_250": "NO_E564750_N5948500_250", "shop": "", "public_transport": "", "railway": ""}}, {"type": "Feature", "geometry": {"type": "Point", "coordinates": [565444.0618100525, 5952507.547457475]}, "properties": {"hvv:psv_type": "A", "internet_access": "wlan", "internet_access:fee": "no", "name": "Moorbekhalle (Schulzentrum Nord)", "network": "Hamburger Verkehrsverbund", "network:short": "HVV", "network:wikidata": "Q896916", "operator": "AKN", "public_transport": "station", "railway": "halt", "railway:ref": "AMBH", "train": "yes", "uic_name": "Moorbekhalle", "uic_ref": "8079023", "wheelchair": "yes", "wikidata": "Q19606564", "osm_id": 3386295732, "tile_500": "NO_E565000_N5952500_500", "tile_250": "NO_E565250_N5952500_250", "amenity": "", "shop": ""}}, {"type": "Feature", "geometry": {"type": "Point", "coordinates": [564580.21384557, 5956630.756218279]}, "properties": {"hvv:psv_type": "A", "name": "Meeschensee", "network": "Hamburger Verkehrsverbund", "network:short": "HVV", "network:wikidata": "Q896916", "operator": "AKN", "public_transport": "station", "railway": "halt", "railway:ref": "AMSS", "train": "yes", "uic_name": "Meeschensee", "uic_ref": "8079026", "wheelchair": "no", "wikidata": "Q19606255", "osm_id": 3403700871, "tile_500": "NO_E564500_N5956500_500", "tile_250": "NO_E564500_N5956500_250", "amenity": "", "shop": ""}}, {"type": "Feature", "geometry": {"type": "Point", "coordinates": [568836.5368761872, 5949718.44018182]}, "properties": {"bus": "yes", "name": "Glash\u00fctte, Glash\u00fctter Kirchenweg", "public_transport": "stop_position", "osm_id": 3429342037, "tile_500": "NO_E568500_N5949500_500", "tile_250": "NO_E568750_N5949500_250", "amenity": "", "shop": "", "railway": ""}}, {"type": "Feature", "geometry": {"type": "Point", "coordinates": [565289.6144560858, 5954413.074969919]}, "properties": {"name": "Quickborner Stra\u00dfe", "operator": "AKN Eisenbahn GmbH", "public_transport": "stop_position", "railway": "stop", "train": "yes", "osm_id": 3442821854, "tile_500": "NO_E565000_N5954000_500", "tile_250": "NO_E565250_N5954250_250", "amenity": "", "shop": ""}}, {"type": "Feature", "geometry": {"type": "Point", "coordinates": [565235.7313590487, 5953810.509777518]}, "properties": {"name": "Friedrichsgabe", "operator": "AKN Eisenbahn GmbH", "public_transport": "stop_position", "railway": "stop", "train": "yes", "osm_id": 3442854094, "tile_500": "NO_E565000_N5953500_500", "tile_250": "NO_E565000_N5953750_250", "amenity": "", "shop": ""}}, {"type": "Feature", "geometry": {"type": "Point", "coordinates": [565351.302947755, 5950128.94680479]}, "properties": {"hha_ref": "RW", "hvv:psv_type": "U", "name": "Richtweg", "network": "HVV", "operator": "Hamburger Hochbahn AG", "public_transport": "station", "railway": "halt", "station": "subway", "subway": "yes", "wheelchair": "yes", "wikidata": "Q2466054", "wikipedia": "en:Richtweg (Hamburg U-Bahn station)", "osm_id": 3452417420, "tile_500": "NO_E565000_N5950000_500", "tile_250": "NO_E565250_N5950000_250", "amenity": "", "shop": ""}}, {"type": "Feature", "geometry": {"type": "Point", "coordinates": [565072.0855187259, 5955577.428129263]}, "properties": {"name": "Haslohfurth", "operator": "AKN Eisenbahn GmbH", "public_transport": "stop_position", "railway": "stop", "train": "yes", "osm_id": 3455556438, "tile_500": "NO_E565000_N5955500_500", "tile_250": "NO_E565000_N5955500_250", "amenity": "", "shop": ""}}, {"type": "Feature", "geometry": {"type": "Point", "coordinates": [564677.3856282524, 5952574.123427757]}, "properties": {"bus": "yes", "name": "Friedrichsgabe, Waldstra\u00dfe (Friedhof)", "public_transport": "stop_position", "osm_id": 3470412403, "tile_500": "NO_E564500_N5952500_500", "tile_250": "NO_E564500_N5952500_250", "amenity": "", "shop": "", "railway": ""}}, {"type": "Feature", "geometry": {"type": "Point", "coordinates": [568469.395145169, 5949311.587072546]}, "properties": {"bus": "yes", "name": "Glash\u00fctte, ZOB", "public_transport": "stop_position", "osm_id": 3470945081, "tile_500": "NO_E568000_N5949000_500", "tile_250": "NO_E568250_N5949250_250", "amenity": "", "shop": "", "railway": ""}}, {"type": "Feature", "geometry": {"type": "Point", "coordinates": [567193.4221543132, 5951922.008594609]}, "properties": {"bus": "yes", "name": "Norderstedt, Stadtpark", "public_transport": "stop_position", "osm_id": 3471193290, "tile_500": "NO_E567000_N5951500_500", "tile_250": "NO_E567000_N5951750_250", "amenity": "", "shop": "", "railway": ""}}, {"type": "Feature", "geometry": {"type": "Point", "coordinates": [568818.9552431022, 5949568.464397999]}, "properties": {"bus": "yes", "name": "Glash\u00fctte, Glash\u00fctter Kirchenweg", "public_transport": "stop_position", "osm_id": 3474961644, "tile_500": "NO_E568500_N5949500_500", "tile_250": "NO_E568750_N5949500_250", "amenity": "", "shop": "", "railway": ""}}, {"type": "Feature", "geometry": {"type": "Point", "coordinates": [568808.479148797, 5949579.360260186]}, "properties": {"bus": "yes", "name": "Glash\u00fctte, Glash\u00fctter Kirchenweg", "public_transport": "stop_position", "osm_id": 3474961645, "tile_500": "NO_E568500_N5949500_500", "tile_250": "NO_E568750_N5949500_250", "amenity": "", "shop": "", "railway": ""}}, {"type": "Feature", "geometry": {"type": "Point", "coordinates": [567853.57703241, 5949947.682997983]}, "properties": {"addr:city": "Norderstedt", "addr:housenumber": "180", "addr:postcode": "22851", "addr:street": "Poppenb\u00fctteler Stra\u00dfe", "amenity": "bank", "atm": "yes", "operator": "Norderstedter Bank", "osm_id": 3494692854, "tile_500": "NO_E567500_N5949500_500", "tile_250": "NO_E567750_N5949750_250", "name": "", "shop": "", "public_transport": "", "railway": ""}}, {"type": "Feature", "geometry": {"type": "Point", "coordinates": [566166.3177074783, 5948212.149468968]}, "properties": {"addr:city": "Hamburg", "addr:country": "DE", "addr:housenumber": "666", "addr:postcode": "22419", "addr:street": "Langenhorner Chaussee", "brand": "REWE", "brand:wikidata": "Q16968817", "brand:wikipedia": "en:REWE", "check_date:opening_hours": "2025-03-04", "contact:website": "https://www.rewe.de/marktseite/rewe-markt-hamburg-langenhorner-chaussee-666", "currency:EUR": "yes", "internet_access": "wlan", "internet_access:fee": "no", "name": "REWE", "opening_hours": "Mo-Sa 07:00-22:00; PH off", "operator": "REWE Axel Flentje oHG", "organic": "yes", "payment:american_express": "yes", "payment:cash": "yes", "payment:coins": "yes", "payment:contactless": "yes", "payment:credit_cards": "yes", "payment:debit_cards": "yes", "payment:girocard": "yes", "payment:mastercard": "yes", "payment:visa": "yes", "phone": "+49 40 53104054", "shop": "supermarket", "toilets:wheelchair": "yes", "wheelchair": "yes", "osm_id": 3501644367, "tile_500": "NO_E566000_N5948000_500", "tile_250": "NO_E566000_N5948000_250", "amenity": "", "public_transport": "", "railway": ""}}, {"type": "Feature", "geometry": {"type": "Point", "coordinates": [562148.4989857477, 5956677.2949143145]}, "properties": {"name": "Tanneneck", "public_transport": "stop_position", "railway": "stop", "train": "yes", "osm_id": 3583866064, "tile_500": "NO_E562000_N5956500_500", "tile_250": "NO_E562000_N5956500_250", "amenity": "", "shop": ""}}, {"type": "Feature", "geometry": {"type": "Point", "coordinates": [562263.2464588681, 5956763.073371754]}, "properties": {"name": "Tanneneck", "public_transport": "stop_position", "railway": "stop", "train": "yes", "osm_id": 3583866065, "tile_500": "NO_E562000_N5956500_500", "tile_250": "NO_E562250_N5956750_250", "amenity": "", "shop": ""}}, {"type": "Feature", "geometry": {"type": "Point", "coordinates": [565990.9920615342, 5948559.052851804]}, "properties": {"addr:city": "Norderstedt", "addr:housenumber": "10", "addr:postcode": "22848", "addr:street": "Schmuggelstieg", "amenity": "bank", "atm": "yes", "brand": "Deutsche Bank", "brand:wikidata": "Q66048", "brand:wikipedia": "en:Deutsche Bank", "check_date:opening_hours": "2022-09-08", "name": "Deutsche Bank", "opening_hours": "Mo-Fr 09:30-13:00, Mo,We 14:30-16:00, Tu,Th 14:30-18:00", "operator": "Deutsche Bank", "osm_id": 3703863934, "tile_500": "NO_E565500_N5948500_500", "tile_250": "NO_E565750_N5948500_250", "shop": "", "public_transport": "", "railway": ""}}, {"type": "Feature", "geometry": {"type": "Point", "coordinates": [563291.0557114957, 5956366.291502129]}, "properties": {"addr:city": "Quickborn", "addr:housenumber": "447", "addr:postcode": "25451", "addr:street": "Ulzburger Landstra\u00dfe", "amenity": "restaurant", "cuisine": "italian", "email": "leif_baliu@web.de", "indoor_seating": "yes", "name": "Casa di Campo", "opening_hours": "Mo 11:30-21:00; Tu-Fr 11:30-1600; 17:00-24:00; Sa 17:00-24:00; Su 12:00-22:00", "outdoor_seating": "yes", "phone": "+49 4106 7981776", "toilets:wheelchair": "no", "website": "https://www.casa-di-campo.de/", "website:menu": "https://www.casa-di-campo.de/menus", "wheelchair": "yes", "osm_id": 3761633263, "tile_500": "NO_E563000_N5956000_500", "tile_250": "NO_E563250_N5956250_250", "shop": "", "public_transport": "", "railway": ""}}, {"type": "Feature", "geometry": {"type": "Point", "coordinates": [565671.1472056119, 5949625.990448222]}, "properties": {"bus": "yes", "name": "Garstedt, Marommer Stra\u00dfe (Ost)", "network": "HVV", "public_transport": "stop_position", "osm_id": 3797279660, "tile_500": "NO_E565500_N5949500_500", "tile_250": "NO_E565500_N5949500_250", "amenity": "", "shop": "", "railway": ""}}, {"type": "Feature", "geometry": {"type": "Point", "coordinates": [569420.8483641932, 5949324.980339644]}, "properties": {"bus": "yes", "name": "Glash\u00fctte, Robert-Koch-Stra\u00dfe (Nord)", "public_transport": "stop_position", "osm_id": 3831443704, "tile_500": "NO_E569000_N5949000_500", "tile_250": "NO_E569250_N5949250_250", "amenity": "", "shop": "", "railway": ""}}, {"type": "Feature", "geometry": {"type": "Point", "coordinates": [564226.2286307891, 5947065.548858921]}, "properties": {"addr:city": "Norderstedt", "addr:country": "DE", "addr:housenumber": "85", "addr:postcode": "22848", "addr:street": "Niendorfer Stra\u00dfe", "brand": "Junge", "brand:wikidata": "Q1561751", "check_date": "2026-01-17", "contact:phone": "+49 40 50091576", "contact:website": "https://shop.jb.de/geschaeftefinder", "indoor_seating": "yes", "name": "Junge", "opening_hours": "Mo-Fr 07:00-20:00; Sa 07:00-18:00; PH off", "outdoor_seating": "parklet", "shop": "bakery", "wheelchair": "yes", "osm_id": 3834451059, "tile_500": "NO_E564000_N5947000_500", "tile_250": "NO_E564000_N5947000_250", "amenity": "", "public_transport": "", "railway": ""}}, {"type": "Feature", "geometry": {"type": "Point", "coordinates": [565013.5210125055, 5949867.631161135]}, "properties": {"amenity": "kindergarten", "name": "Kita Hummelhausen", "website": "https://derkinderwegen.de/", "osm_id": 3858346757, "tile_500": "NO_E565000_N5949500_500", "tile_250": "NO_E565000_N5949750_250", "shop": "", "public_transport": "", "railway": ""}}, {"type": "Feature", "geometry": {"type": "Point", "coordinates": [566129.5253590795, 5948132.016547863]}, "properties": {"addr:city": "Hamburg", "addr:country": "DE", "addr:housenumber": "660", "addr:postcode": "22419", "addr:street": "Langenhorner Chaussee", "amenity": "restaurant", "bar": "yes", "branch": "Ochsenzoll", "brand": "Schweinske", "brand:wikidata": "Q110482774", "check_date:opening_hours": "2025-12-15", "cuisine": "burger;escalope;german", "email": "schweinske.ochsenzoll@outlook.de", "internet_access": "no", "name": "Schweinske", "opening_hours": "Mo-Su 09:00-22:00", "operator": "Madjid Djamili", "outdoor_seating": "yes", "phone": "+49 40 30700566", "reservation": "yes", "smoking": "no", "website": "https://schweinske.de/standorte/ochsenzoll", "website:menu": "https://schweinske.de/speisekarte", "wheelchair": "yes", "osm_id": 3878858457, "tile_500": "NO_E566000_N5948000_500", "tile_250": "NO_E566000_N5948000_250", "shop": "", "public_transport": "", "railway": ""}}, {"type": "Feature", "geometry": {"type": "Point", "coordinates": [565909.4590364452, 5948744.254138751]}, "properties": {"addr:city": "Norderstedt", "addr:housenumber": "5", "addr:postcode": "22850", "addr:street": "Ulzburger Stra\u00dfe", "amenity": "cafe", "email": "cafe-freddo@web.de", "name": "Caf\u00e9 Freddo", "opening_hours": "Tu-Fr 09:00-16:00, Sa-Su 10:00-16:00", "outdoor_seating": "yes", "phone": "+49 40 883 660 67", "shop": "bakery", "takeaway": "yes", "osm_id": 3906458203, "tile_500": "NO_E565500_N5948500_500", "tile_250": "NO_E565750_N5948500_250", "public_transport": "", "railway": ""}}, {"type": "Feature", "geometry": {"type": "Point", "coordinates": [566062.1689677594, 5948429.075898996]}, "properties": {"addr:city": "Hamburg", "addr:housenumber": "41", "addr:postcode": "22419", "addr:street": "Schmuggelstieg", "amenity": "fast_food", "check_date": "2025-09-22", "cuisine": "persian", "indoor_seating": "yes", "name": "Chaloos", "outdoor_seating": "yes", "toilets:wheelchair": "no", "wheelchair": "yes", "wheelchair:description": "Das WC befindet sich im Keller und kann nur \u00fcber eine Treppe erreicht werden.", "osm_id": 3942090519, "tile_500": "NO_E566000_N5948000_500", "tile_250": "NO_E566000_N5948250_250", "shop": "", "public_transport": "", "railway": ""}}, {"type": "Feature", "geometry": {"type": "Point", "coordinates": [565965.5886200757, 5948572.493609288]}, "properties": {"addr:city": "Norderstedt", "addr:country": "DE", "addr:housenumber": "2b", "addr:postcode": "22848", "addr:street": "Am Tarpenufer", "amenity": "fast_food", "cuisine": "kebab", "name": "Kapadokya D\u00f6ner", "wheelchair": "yes", "osm_id": 3942110721, "tile_500": "NO_E565500_N5948500_500", "tile_250": "NO_E565750_N5948500_250", "shop": "", "public_transport": "", "railway": ""}}, {"type": "Feature", "geometry": {"type": "Point", "coordinates": [565979.3762131917, 5948581.344221043]}, "properties": {"brand": "Nur Hier", "brand:wikidata": "Q107985207", "check_date:opening_hours": "2022-06-01", "name": "Nur Hier", "opening_hours": "Mo-Fr 06:30-19:00; Sa 06:00-17:00; Su 08:00-17:00", "payment:credit_cards": "yes", "payment:debit_cards": "yes", "shop": "bakery", "osm_id": 3942110723, "tile_500": "NO_E565500_N5948500_500", "tile_250": "NO_E565750_N5948500_250", "amenity": "", "public_transport": "", "railway": ""}}, {"type": "Feature", "geometry": {"type": "Point", "coordinates": [565851.2918764155, 5948629.651930228]}, "properties": {"addr:city": "Norderstedt", "addr:housenumber": "8", "addr:postcode": "22848", "addr:street": "Ohechaussee", "amenity": "fast_food", "indoor_seating": "yes", "name": "Croquerie Norderstedt", "outdoor_seating": "no", "osm_id": 3942165409, "tile_500": "NO_E565500_N5948500_500", "tile_250": "NO_E565750_N5948500_250", "shop": "", "public_transport": "", "railway": ""}}, {"type": "Feature", "geometry": {"type": "Point", "coordinates": [566119.9298739814, 5948195.573245156]}, "properties": {"addr:city": "Hamburg", "addr:country": "DE", "addr:housenumber": "662", "addr:postcode": "22419", "addr:street": "Langenhorner Chaussee", "amenity": "fast_food", "name": "Kebab Lounge", "opening_hours": "Mo-Th 10:00-22:00; Fr,Sa 10:00-23:00; Su 10:00-22:00", "wheelchair": "yes", "osm_id": 3954261597, "tile_500": "NO_E566000_N5948000_500", "tile_250": "NO_E566000_N5948000_250", "shop": "", "public_transport": "", "railway": ""}}, {"type": "Feature", "geometry": {"type": "Point", "coordinates": [564430.7529312021, 5950882.55486104]}, "properties": {"bus": "yes", "name": "Garstedt, Rantzauer Forstweg (Museen)", "public_transport": "stop_position", "osm_id": 3958846557, "tile_500": "NO_E564000_N5950500_500", "tile_250": "NO_E564250_N5950750_250", "amenity": "", "shop": "", "railway": ""}}, {"type": "Feature", "geometry": {"type": "Point", "coordinates": [564942.3332513989, 5949344.149940204]}, "properties": {"amenity": "fast_food", "name": "Bistro Gesundheits- und Sportpark Norderstedt", "osm_id": 4060349450, "tile_500": "NO_E564500_N5949000_500", "tile_250": "NO_E564750_N5949250_250", "shop": "", "public_transport": "", "railway": ""}}, {"type": "Feature", "geometry": {"type": "Point", "coordinates": [564783.5947726734, 5948576.27936186]}, "properties": {"addr:city": "Norderstedt", "addr:housenumber": "110", "addr:postcode": "22848", "addr:street": "Ochsenzoller Stra\u00dfe", "amenity": "restaurant", "bar": "yes", "check_date:opening_hours": "2023-04-17", "cuisine": "steak_house", "email": "info@mendoza-norderstedt.de", "fax": "+49 40 85159407", "name": "Mendoza", "opening_hours": "Mo-Su 12:00-22:00", "operator": "G.M.X.Verwaltungs GmbH / Naginder Singh", "phone": "+49 40 85159313", "toilets:wheelchair": "no", "website": "https://www.mendoza-norderstedt.de/", "website:menu": "https://www.mendoza-norderstedt.de/wp-content/uploads/2022/04/2022_mendoza_speisekarte_web.pdf", "wheelchair": "limited", "osm_id": 4067258546, "tile_500": "NO_E564500_N5948500_500", "tile_250": "NO_E564750_N5948500_250", "shop": "", "public_transport": "", "railway": ""}}, {"type": "Feature", "geometry": {"type": "Point", "coordinates": [565917.0512911186, 5948637.729269474]}, "properties": {"addr:city": "Norderstedt", "addr:country": "DE", "addr:housenumber": "1a", "addr:postcode": "22848", "addr:street": "Ohechaussee", "amenity": "fast_food", "name": "Asia Linh Chi", "opening_hours": "Mo-Fr 11:30-20:00; Sa,Su,PH 12:00-20:00", "payment:credit_cards": "no", "payment:debit_cards": "no", "osm_id": 4067286736, "tile_500": "NO_E565500_N5948500_500", "tile_250": "NO_E565750_N5948500_250", "shop": "", "public_transport": "", "railway": ""}}, {"type": "Feature", "geometry": {"type": "Point", "coordinates": [569391.0758233066, 5950084.804965653]}, "properties": {"addr:city": "Norderstedt", "addr:country": "DE", "addr:housenumber": "1", "addr:postcode": "22851", "addr:street": "B\u00fcrgermeister-Bombeck-Stra\u00dfe", "addr:suburb": "Glash\u00fctte", "amenity": "kindergarten", "name": "Die Wittmoor-Streifenenten", "operator": "Kinderbetreuung Streifenenten-Club e. V.", "osm_id": 4099002189, "tile_500": "NO_E569000_N5950000_500", "tile_250": "NO_E569250_N5950000_250", "shop": "", "public_transport": "", "railway": ""}}, {"type": "Feature", "geometry": {"type": "Point", "coordinates": [565460.6001303907, 5948562.389603193]}, "properties": {"amenity": "fast_food", "cuisine": "pizza", "delivery": "yes", "name": "Call a Pizza", "takeaway": "only", "website": "https://www.call-a-pizza.de/norderstedt/", "osm_id": 4159558243, "tile_500": "NO_E565000_N5948500_500", "tile_250": "NO_E565250_N5948500_250", "shop": "", "public_transport": "", "railway": ""}}, {"type": "Feature", "geometry": {"type": "Point", "coordinates": [563964.2308611459, 5948068.191876137]}, "properties": {"addr:city": "Norderstedt", "addr:housenumber": "12", "addr:postcode": "22848", "addr:street": "Niendorfer Stra\u00dfe", "amenity": "restaurant", "contact:website": "http://porta-venezia.eatbu.com/", "cuisine": "italian", "email": "harmansony88@gmail.com", "indoor_seating": "yes", "name": "Porta Venezia", "opening_hours": "Mo 12:00-15:00,17:00-22:00; We-Fr 12:00-15:00,17:00-22:00; Sa-Su 15:00-22:00", "outdoor_seating": "sidewalk", "phone": "+491742026877", "osm_id": 4177517271, "tile_500": "NO_E563500_N5948000_500", "tile_250": "NO_E563750_N5948000_250", "shop": "", "public_transport": "", "railway": ""}}, {"type": "Feature", "geometry": {"type": "Point", "coordinates": [566107.3808518386, 5948149.3524664845]}, "properties": {"bus": "yes", "local_ref": "B", "name": "U Ochsenzoll", "public_transport": "stop_position", "wheelchair": "yes", "osm_id": 4178746783, "tile_500": "NO_E566000_N5948000_500", "tile_250": "NO_E566000_N5948000_250", "amenity": "", "shop": "", "railway": ""}}, {"type": "Feature", "geometry": {"type": "Point", "coordinates": [566101.4686777162, 5948183.10690709]}, "properties": {"bus": "yes", "local_ref": "A", "name": "U Ochsenzoll", "public_transport": "stop_position", "wheelchair": "yes", "osm_id": 4178746784, "tile_500": "NO_E566000_N5948000_500", "tile_250": "NO_E566000_N5948000_250", "amenity": "", "shop": "", "railway": ""}}, {"type": "Feature", "geometry": {"type": "Point", "coordinates": [565121.391999546, 5948868.542645712]}, "properties": {"hha_ref": "GA", "hvv:barrier_free": "yes", "hvv:psv_type": "U", "name": "Garstedt", "network": "Hamburger Verkehrsverbund", "network:short": "HVV", "network:wikidata": "Q896916", "operator": "Hamburger Hochbahn AG", "public_transport": "station", "railway": "station", "station": "subway", "subway": "yes", "train": "yes", "wheelchair": "yes", "wikidata": "Q2465894", "osm_id": 4229779983, "tile_500": "NO_E565000_N5948500_500", "tile_250": "NO_E565000_N5948750_250", "amenity": "", "shop": ""}}, {"type": "Feature", "geometry": {"type": "Point", "coordinates": [565495.1976465926, 5951478.551843527]}, "properties": {"name": "Norderstedt Mitte", "network": "HVV", "public_transport": "stop_position", "railway": "stop", "subway": "yes", "osm_id": 4269545582, "tile_500": "NO_E565000_N5951000_500", "tile_250": "NO_E565250_N5951250_250", "amenity": "", "shop": ""}}, {"type": "Feature", "geometry": {"type": "Point", "coordinates": [565937.5481950128, 5948530.517677171]}, "properties": {"addr:city": "Norderstedt", "addr:housenumber": "3-5", "addr:postcode": "22848", "addr:street": "Am Tarpenufer", "brand": "Alnatura", "brand:wikidata": "Q876811", "brand:wikipedia": "en:Alnatura", "check_date:opening_hours": "2024-09-18", "diet:halal": "no", "diet:kosher": "no", "level": "0", "name": "Alnatura Super Natur Markt", "opening_hours": "Mo-Sa 07:00-20:00", "organic": "only", "phone": "+49 40 51310025", "shop": "supermarket", "short_name": "Alnatura", "website": "https://www.alnatura.de/de-de/maerkte/marktseiten/norderstedt/norderstedt-alnatura-super-natur-markt-se123/", "wheelchair": "yes", "osm_id": 4338567954, "tile_500": "NO_E565500_N5948500_500", "tile_250": "NO_E565750_N5948500_250", "amenity": "", "public_transport": "", "railway": ""}}, {"type": "Feature", "geometry": {"type": "Point", "coordinates": [565959.9706319488, 5948544.018222518]}, "properties": {"addr:city": "Norderstedt", "addr:housenumber": "3-5", "addr:postcode": "22848", "addr:street": "Am Tarpenufer", "brand": "Dat Backhus", "brand:wikidata": "Q62093175", "check_date:opening_hours": "2024-09-18", "level": "0", "name": "Dat Backhus", "opening_hours": "Mo-Fr 06:30-16:00; Sa 07:00-14:00; Su 08:00-12:00", "phone": "+49 40 51316969", "shop": "bakery", "toilets:wheelchair": "yes", "wheelchair": "yes", "osm_id": 4338567955, "tile_500": "NO_E565500_N5948500_500", "tile_250": "NO_E565750_N5948500_250", "amenity": "", "public_transport": "", "railway": ""}}, {"type": "Feature", "geometry": {"type": "Point", "coordinates": [565919.1977045081, 5948518.698959444]}, "properties": {"addr:city": "Norderstedt", "addr:housenumber": "3-5", "addr:postcode": "22848", "addr:street": "Am Tarpenufer", "brand": "REWE", "brand:wikidata": "Q16968817", "brand:wikipedia": "en:REWE", "check_date:opening_hours": "2024-04-18", "diet:halal": "no", "diet:kosher": "no", "name": "REWE City", "opening_hours": "Mo-Sa 07:00-22:00", "operator": "REWE Markt GmbH", "phone": "+49 40 51312978", "shop": "supermarket", "website": "https://www.rewe.de/marktseite/norderstedt/531127/rewe-markt-am-tarpenufer-3-5/", "wheelchair": "yes", "osm_id": 4338567964, "tile_500": "NO_E565500_N5948500_500", "tile_250": "NO_E565750_N5948500_250", "amenity": "", "public_transport": "", "railway": ""}}, {"type": "Feature", "geometry": {"type": "Point", "coordinates": [565210.1289750615, 5948683.984743662]}, "properties": {"brand": "Nur Hier", "brand:wikidata": "Q107985207", "indoor_seating": "yes", "level": "0", "name": "Nur Hier", "opening_hours": "Mo-Sa 08:00-20:00; PH,Su off", "outdoor_seating": "no", "shop": "bakery", "osm_id": 4338608949, "tile_500": "NO_E565000_N5948500_500", "tile_250": "NO_E565000_N5948500_250", "amenity": "", "public_transport": "", "railway": ""}}, {"type": "Feature", "geometry": {"type": "Point", "coordinates": [565628.0854694757, 5950131.506758092]}, "properties": {"bus": "yes", "name": "Garstedt, Forstweg", "public_transport": "stop_position", "osm_id": 4362956744, "tile_500": "NO_E565500_N5950000_500", "tile_250": "NO_E565500_N5950000_250", "amenity": "", "shop": "", "railway": ""}}, {"type": "Feature", "geometry": {"type": "Point", "coordinates": [565668.9935812315, 5947659.985216396]}, "properties": {"bus": "yes", "name": "Dortmunder Stra\u00dfe", "public_transport": "stop_position", "osm_id": 4364655359, "tile_500": "NO_E565500_N5947500_500", "tile_250": "NO_E565500_N5947500_250", "amenity": "", "shop": "", "railway": ""}}, {"type": "Feature", "geometry": {"type": "Point", "coordinates": [565680.0317106188, 5947666.771297105]}, "properties": {"bus": "yes", "name": "Dortmunder Stra\u00dfe", "public_transport": "stop_position", "osm_id": 4364655360, "tile_500": "NO_E565500_N5947500_500", "tile_250": "NO_E565500_N5947500_250", "amenity": "", "shop": "", "railway": ""}}, {"type": "Feature", "geometry": {"type": "Point", "coordinates": [565545.3310026593, 5947344.852044677]}, "properties": {"bus": "yes", "name": "Essener Stra\u00dfe", "public_transport": "stop_position", "osm_id": 4364655361, "tile_500": "NO_E565500_N5947000_500", "tile_250": "NO_E565500_N5947250_250", "amenity": "", "shop": "", "railway": ""}}, {"type": "Feature", "geometry": {"type": "Point", "coordinates": [565548.0579163495, 5947423.135886161]}, "properties": {"bus": "yes", "name": "Essener Stra\u00dfe", "public_transport": "stop_position", "osm_id": 4364655362, "tile_500": "NO_E565500_N5947000_500", "tile_250": "NO_E565500_N5947250_250", "amenity": "", "shop": "", "railway": ""}}, {"type": "Feature", "geometry": {"type": "Point", "coordinates": [564740.402416462, 5947188.349245462]}, "properties": {"bus": "yes", "name": "Garstedt, Aspelohe", "public_transport": "stop_position", "osm_id": 4364655363, "tile_500": "NO_E564500_N5947000_500", "tile_250": "NO_E564500_N5947000_250", "amenity": "", "shop": "", "railway": ""}}, {"type": "Feature", "geometry": {"type": "Point", "coordinates": [564706.6942564006, 5947216.325641585]}, "properties": {"bus": "yes", "name": "Garstedt, Aspelohe", "public_transport": "stop_position", "osm_id": 4364655364, "tile_500": "NO_E564500_N5947000_500", "tile_250": "NO_E564500_N5947000_250", "amenity": "", "shop": "", "railway": ""}}, {"type": "Feature", "geometry": {"type": "Point", "coordinates": [565239.6616793377, 5946785.945695612]}, "properties": {"bus": "yes", "name": "Garstedt, Fabersweg", "public_transport": "stop_position", "osm_id": 4364655367, "tile_500": "NO_E565000_N5946500_500", "tile_250": "NO_E565000_N5946750_250", "amenity": "", "shop": "", "railway": ""}}, {"type": "Feature", "geometry": {"type": "Point", "coordinates": [565254.9602175178, 5946790.68684746]}, "properties": {"bus": "yes", "name": "Garstedt, Fabersweg", "public_transport": "stop_position", "osm_id": 4364655368, "tile_500": "NO_E565000_N5946500_500", "tile_250": "NO_E565250_N5946750_250", "amenity": "", "shop": "", "railway": ""}}, {"type": "Feature", "geometry": {"type": "Point", "coordinates": [564716.7076045298, 5951542.256071174]}, "properties": {"bus": "yes", "name": "Garstedt, Fehmarnstra\u00dfe", "public_transport": "stop_position", "osm_id": 4364655369, "tile_500": "NO_E564500_N5951500_500", "tile_250": "NO_E564500_N5951500_250", "amenity": "", "shop": "", "railway": ""}}, {"type": "Feature", "geometry": {"type": "Point", "coordinates": [564714.5323660786, 5951576.475387584]}, "properties": {"bus": "yes", "name": "Garstedt, Fehmarnstra\u00dfe", "public_transport": "stop_position", "osm_id": 4364655370, "tile_500": "NO_E564500_N5951500_500", "tile_250": "NO_E564500_N5951500_250", "amenity": "", "shop": "", "railway": ""}}, {"type": "Feature", "geometry": {"type": "Point", "coordinates": [565033.6608336421, 5951483.981943649]}, "properties": {"bus": "yes", "name": "Garstedt, Friedrichsgaber Weg (Mitte)", "public_transport": "stop_position", "osm_id": 4364655371, "tile_500": "NO_E565000_N5951000_500", "tile_250": "NO_E565000_N5951250_250", "amenity": "", "shop": "", "railway": ""}}, {"type": "Feature", "geometry": {"type": "Point", "coordinates": [564932.4626874933, 5951515.494363303]}, "properties": {"bus": "yes", "name": "Garstedt, Friedrichsgaber Weg (Mitte)", "public_transport": "stop_position", "osm_id": 4364655372, "tile_500": "NO_E564500_N5951500_500", "tile_250": "NO_E564750_N5951500_250", "amenity": "", "shop": "", "railway": ""}}, {"type": "Feature", "geometry": {"type": "Point", "coordinates": [565008.722317976, 5951572.397592728]}, "properties": {"bus": "yes", "name": "Garstedt, Friedrichsgaber Weg (Mitte)", "public_transport": "stop_position", "osm_id": 4364655373, "tile_500": "NO_E565000_N5951500_500", "tile_250": "NO_E565000_N5951500_250", "amenity": "", "shop": "", "railway": ""}}, {"type": "Feature", "geometry": {"type": "Point", "coordinates": [564699.1462451911, 5951881.224628172]}, "properties": {"bus": "yes", "name": "Garstedt, Hallig-Hooge-Stieg", "public_transport": "stop_position", "osm_id": 4364655374, "tile_500": "NO_E564500_N5951500_500", "tile_250": "NO_E564500_N5951750_250", "amenity": "", "shop": "", "railway": ""}}, {"type": "Feature", "geometry": {"type": "Point", "coordinates": [564687.7369818795, 5951919.700713522]}, "properties": {"bus": "yes", "name": "Garstedt, Hallig-Hooge-Stieg", "public_transport": "stop_position", "osm_id": 4364655375, "tile_500": "NO_E564500_N5951500_500", "tile_250": "NO_E564500_N5951750_250", "amenity": "", "shop": "", "railway": ""}}, {"type": "Feature", "geometry": {"type": "Point", "coordinates": [564510.9465902433, 5948372.43907615]}, "properties": {"bus": "yes", "name": "Garstedt, Hermann-L\u00f6ns-Weg", "public_transport": "stop_position", "osm_id": 4364655376, "tile_500": "NO_E564500_N5948000_500", "tile_250": "NO_E564500_N5948250_250", "amenity": "", "shop": "", "railway": ""}}, {"type": "Feature", "geometry": {"type": "Point", "coordinates": [564533.1389088291, 5948400.138813038]}, "properties": {"bus": "yes", "name": "Garstedt, Hermann-L\u00f6ns-Weg", "public_transport": "stop_position", "osm_id": 4364655377, "tile_500": "NO_E564500_N5948000_500", "tile_250": "NO_E564500_N5948250_250", "amenity": "", "shop": "", "railway": ""}}, {"type": "Feature", "geometry": {"type": "Point", "coordinates": [564989.7136435326, 5949306.116603029]}, "properties": {"bus": "yes", "name": "Garstedt, Kohfurth", "public_transport": "stop_position", "osm_id": 4364655378, "tile_500": "NO_E564500_N5949000_500", "tile_250": "NO_E564750_N5949250_250", "amenity": "", "shop": "", "railway": ""}}, {"type": "Feature", "geometry": {"type": "Point", "coordinates": [567576.5921085303, 5949015.719522883]}, "properties": {"bus": "yes", "name": "Glash\u00fctte, Am B\u00f6hmerwald", "public_transport": "stop_position", "osm_id": 4364655380, "tile_500": "NO_E567500_N5949000_500", "tile_250": "NO_E567500_N5949000_250", "amenity": "", "shop": "", "railway": ""}}, {"type": "Feature", "geometry": {"type": "Point", "coordinates": [567712.3725375038, 5949062.340384125]}, "properties": {"bus": "yes", "name": "Glash\u00fctte, Am B\u00f6hmerwald", "public_transport": "stop_position", "osm_id": 4364655381, "tile_500": "NO_E567500_N5949000_500", "tile_250": "NO_E567500_N5949000_250", "amenity": "", "shop": "", "railway": ""}}, {"type": "Feature", "geometry": {"type": "Point", "coordinates": [569362.070840697, 5949762.606745141]}, "properties": {"bus": "yes", "name": "Glash\u00fctte, Hans-B\u00f6ckler-Ring", "public_transport": "stop_position", "osm_id": 4364655382, "tile_500": "NO_E569000_N5949500_500", "tile_250": "NO_E569250_N5949750_250", "amenity": "", "shop": "", "railway": ""}}, {"type": "Feature", "geometry": {"type": "Point", "coordinates": [569419.7195152987, 5949365.5895693395]}, "properties": {"bus": "yes", "name": "Glash\u00fctte, Robert-Koch-Stra\u00dfe (Nord)", "public_transport": "stop_position", "osm_id": 4364655383, "tile_500": "NO_E569000_N5949000_500", "tile_250": "NO_E569250_N5949250_250", "amenity": "", "shop": "", "railway": ""}}, {"type": "Feature", "geometry": {"type": "Point", "coordinates": [566530.0615366888, 5948695.055353976]}, "properties": {"bus": "yes", "name": "Harksheide, Wilhelm-Busch-Platz", "old_name": "Harksheide, Heidehof", "public_transport": "stop_position", "osm_id": 4364655384, "tile_500": "NO_E566500_N5948500_500", "tile_250": "NO_E566500_N5948500_250", "amenity": "", "shop": "", "railway": ""}}, {"type": "Feature", "geometry": {"type": "Point", "coordinates": [566617.7445419246, 5948699.803487194]}, "properties": {"bus": "yes", "name": "Harksheide, Wilhelm-Busch-Platz", "old_name": "Harksheide, Heidehof", "public_transport": "stop_position", "osm_id": 4364655385, "tile_500": "NO_E566500_N5948500_500", "tile_250": "NO_E566500_N5948500_250", "amenity": "", "shop": "", "railway": ""}}, {"type": "Feature", "geometry": {"type": "Point", "coordinates": [567105.2841466223, 5948852.990050902]}, "properties": {"bus": "yes", "name": "Harksheide, Kielort", "public_transport": "stop_position", "osm_id": 4364655386, "tile_500": "NO_E567000_N5948500_500", "tile_250": "NO_E567000_N5948750_250", "amenity": "", "shop": "", "railway": ""}}, {"type": "Feature", "geometry": {"type": "Point", "coordinates": [567197.9873906403, 5948884.748698731]}, "properties": {"bus": "yes", "name": "Harksheide, Kielort", "public_transport": "stop_position", "osm_id": 4364655387, "tile_500": "NO_E567000_N5948500_500", "tile_250": "NO_E567000_N5948750_250", "amenity": "", "shop": "", "railway": ""}}, {"type": "Feature", "geometry": {"type": "Point", "coordinates": [567109.6240167953, 5954608.950227618]}, "properties": {"bus": "yes", "name": "Harksh\u00f6rn, Am Stammgleis (West)", "public_transport": "stop_position", "osm_id": 4364990788, "tile_500": "NO_E567000_N5954500_500", "tile_250": "NO_E567000_N5954500_250", "amenity": "", "shop": "", "railway": ""}}, {"type": "Feature", "geometry": {"type": "Point", "coordinates": [567449.3892752805, 5954538.08382789]}, "properties": {"bus": "yes", "name": "Harksh\u00f6rn, Am Stammgleis", "public_transport": "stop_position", "osm_id": 4364992189, "tile_500": "NO_E567000_N5954500_500", "tile_250": "NO_E567250_N5954500_250", "amenity": "", "shop": "", "railway": ""}}, {"type": "Feature", "geometry": {"type": "Point", "coordinates": [567449.1369896709, 5954546.904167981]}, "properties": {"bus": "yes", "name": "Harksh\u00f6rn, Am Stammgleis", "public_transport": "stop_position", "osm_id": 4364992192, "tile_500": "NO_E567000_N5954500_500", "tile_250": "NO_E567250_N5954500_250", "amenity": "", "shop": "", "railway": ""}}, {"type": "Feature", "geometry": {"type": "Point", "coordinates": [567508.4138998531, 5953517.512260071]}, "properties": {"bus": "yes", "name": "Harksh\u00f6rn, M\u00fchlenweg (Ost)", "public_transport": "stop_position", "osm_id": 4364992193, "tile_500": "NO_E567500_N5953500_500", "tile_250": "NO_E567500_N5953500_250", "amenity": "", "shop": "", "railway": ""}}, {"type": "Feature", "geometry": {"type": "Point", "coordinates": [567495.7222922153, 5953554.305593991]}, "properties": {"bus": "yes", "name": "Harksh\u00f6rn, M\u00fchlenweg (Ost)", "public_transport": "stop_position", "osm_id": 4364992194, "tile_500": "NO_E567000_N5953500_500", "tile_250": "NO_E567250_N5953500_250", "amenity": "", "shop": "", "railway": ""}}, {"type": "Feature", "geometry": {"type": "Point", "coordinates": [567414.7605089038, 5955006.22423565]}, "properties": {"bus": "yes", "name": "Harksh\u00f6rn, Oststra\u00dfe", "public_transport": "stop_position", "osm_id": 4364992195, "tile_500": "NO_E567000_N5955000_500", "tile_250": "NO_E567250_N5955000_250", "amenity": "", "shop": "", "railway": ""}}, {"type": "Feature", "geometry": {"type": "Point", "coordinates": [567412.7919704907, 5955021.08428995]}, "properties": {"bus": "yes", "name": "Harksh\u00f6rn, Oststra\u00dfe", "public_transport": "stop_position", "osm_id": 4364992198, "tile_500": "NO_E567000_N5955000_500", "tile_250": "NO_E567250_N5955000_250", "amenity": "", "shop": "", "railway": ""}}, {"type": "Feature", "geometry": {"type": "Point", "coordinates": [567482.2326330192, 5954034.3663771]}, "properties": {"bus": "yes", "name": "Harksh\u00f6rn, Werkstra\u00dfe", "public_transport": "stop_position", "osm_id": 4364992677, "tile_500": "NO_E567000_N5954000_500", "tile_250": "NO_E567250_N5954000_250", "amenity": "", "shop": "", "railway": ""}}, {"type": "Feature", "geometry": {"type": "Point", "coordinates": [567481.9069397238, 5954038.656834237]}, "properties": {"bus": "yes", "name": "Harksh\u00f6rn, Werkstra\u00dfe", "public_transport": "stop_position", "osm_id": 4364992679, "tile_500": "NO_E567000_N5954000_500", "tile_250": "NO_E567250_N5954000_250", "amenity": "", "shop": "", "railway": ""}}, {"type": "Feature", "geometry": {"type": "Point", "coordinates": [565786.6026690815, 5951238.1757435985]}, "properties": {"bus": "yes", "name": "Harksheide, Alter Kirchenweg", "public_transport": "stop_position", "osm_id": 4365149425, "tile_500": "NO_E565500_N5951000_500", "tile_250": "NO_E565750_N5951000_250", "amenity": "", "shop": "", "railway": ""}}, {"type": "Feature", "geometry": {"type": "Point", "coordinates": [565782.2414488458, 5951329.80259553]}, "properties": {"bus": "yes", "name": "Harksheide, Alter Kirchenweg", "public_transport": "stop_position", "osm_id": 4365149426, "tile_500": "NO_E565500_N5951000_500", "tile_250": "NO_E565750_N5951250_250", "amenity": "", "shop": "", "railway": ""}}, {"type": "Feature", "geometry": {"type": "Point", "coordinates": [565851.2139498335, 5951356.496186701]}, "properties": {"bus": "yes", "name": "Harksheide, Alter Kirchenweg", "public_transport": "stop_position", "osm_id": 4365149427, "tile_500": "NO_E565500_N5951000_500", "tile_250": "NO_E565750_N5951250_250", "amenity": "", "shop": "", "railway": ""}}, {"type": "Feature", "geometry": {"type": "Point", "coordinates": [566536.8357446601, 5951454.118750373]}, "properties": {"bus": "yes", "name": "Harksheide, Festsaal Falkenberg", "public_transport": "stop_position", "osm_id": 4365149428, "tile_500": "NO_E566500_N5951000_500", "tile_250": "NO_E566500_N5951250_250", "amenity": "", "shop": "", "railway": ""}}, {"type": "Feature", "geometry": {"type": "Point", "coordinates": [565070.3187278986, 5948867.612078302]}, "properties": {"amenity": "fast_food", "indoor_seating": "yes", "name": "Harpurt Kebap", "outdoor_seating": "no", "wheelchair": "yes", "osm_id": 4380248484, "tile_500": "NO_E565000_N5948500_500", "tile_250": "NO_E565000_N5948750_250", "shop": "", "public_transport": "", "railway": ""}}, {"type": "Feature", "geometry": {"type": "Point", "coordinates": [565136.5017576697, 5948869.264064793]}, "properties": {"addr:city": "Norderstedt", "addr:housenumber": "38-44a", "addr:postcode": "22850", "addr:street": "Berliner Allee", "amenity": "pharmacy", "check_date:opening_hours": "2022-08-22", "healthcare": "pharmacy", "name": "Apotheke im Herold-Center", "opening_hours": "Mo-Fr 08:30-20:00; Sa 09:00-20:00", "wheelchair": "yes", "osm_id": 4380248692, "tile_500": "NO_E565000_N5948500_500", "tile_250": "NO_E565000_N5948750_250", "shop": "", "public_transport": "", "railway": ""}}, {"type": "Feature", "geometry": {"type": "Point", "coordinates": [565132.333126487, 5949055.974793616]}, "properties": {"addr:city": "Norderstedt", "addr:housenumber": "38-44a", "addr:postcode": "22850", "addr:street": "Berliner Allee", "branch": "Herold Center", "brand": "Rewe", "brand:wikidata": "Q16968817", "brand:wikipedia": "de:Rewe", "check_date:opening_hours": "2022-08-22", "internet_access": "wlan", "level": "0", "name": "REWE", "opening_hours": "Mo-Sa 07:00-20:00", "organic": "yes", "payment:american_express": "yes", "payment:cash": "yes", "payment:coins": "yes", "payment:contactless": "yes", "payment:credit_cards": "yes", "payment:girocard": "yes", "payment:mastercard": "yes", "payment:visa": "yes", "phone": "+49 40 52303703", "shop": "supermarket", "website": "https://www.rewe.de/marktseite/norderstedt/540680/rewe-markt-berliner-allee-38-44/", "osm_id": 4380248695, "tile_500": "NO_E565000_N5949000_500", "tile_250": "NO_E565000_N5949000_250", "amenity": "", "public_transport": "", "railway": ""}}, {"type": "Feature", "geometry": {"type": "Point", "coordinates": [565169.3172163131, 5949001.1083213035]}, "properties": {"addr:city": "Norderstedt", "addr:housenumber": "38-44a", "addr:postcode": "22850", "addr:street": "Berliner Allee", "amenity": "fast_food", "cuisine": "burger", "level": "0", "name": "burger BRO", "takeaway": "yes", "osm_id": 4453295838, "tile_500": "NO_E565000_N5949000_500", "tile_250": "NO_E565000_N5949000_250", "shop": "", "public_transport": "", "railway": ""}}, {"type": "Feature", "geometry": {"type": "Point", "coordinates": [565199.4956999988, 5948623.428024668]}, "properties": {"amenity": "school", "name": "Rackow SBH Nord GmbH", "osm_id": 4462444088, "tile_500": "NO_E565000_N5948500_500", "tile_250": "NO_E565000_N5948500_250", "shop": "", "public_transport": "", "railway": ""}}, {"type": "Feature", "geometry": {"type": "Point", "coordinates": [565225.0911380539, 5954460.390840503]}, "properties": {"addr:city": "Norderstedt", "addr:housenumber": "52", "addr:postcode": "22844", "addr:street": "Quickborner Stra\u00dfe", "brand": "Knaack", "indoor_seating": "yes", "name": "Knaack", "opening_hours": "Mo-Th 07:00-20:00; Fr,Sa 07:00-21:00; Su 08:00-11:00", "operator": "Knaack", "outdoor_seating": "yes", "shop": "bakery", "wheelchair": "yes", "osm_id": 4697796783, "tile_500": "NO_E565000_N5954000_500", "tile_250": "NO_E565000_N5954250_250", "amenity": "", "public_transport": "", "railway": ""}}, {"type": "Feature", "geometry": {"type": "Point", "coordinates": [564548.103795732, 5949730.876562963]}, "properties": {"addr:city": "Norderstedt", "addr:country": "DE", "addr:housenumber": "174", "addr:postcode": "22846", "addr:street": "Friedrichsgaber Weg", "amenity": "restaurant", "cuisine": "greek", "name": "Taverna Kavala", "osm_id": 4699579898, "tile_500": "NO_E564500_N5949500_500", "tile_250": "NO_E564500_N5949500_250", "shop": "", "public_transport": "", "railway": ""}}, {"type": "Feature", "geometry": {"type": "Point", "coordinates": [567841.5481481733, 5951110.4320432935]}, "properties": {"bus": "yes", "name": "Glash\u00fctte, Glasmoorstra\u00dfe", "public_transport": "stop_position", "osm_id": 4716460289, "tile_500": "NO_E567500_N5951000_500", "tile_250": "NO_E567750_N5951000_250", "amenity": "", "shop": "", "railway": ""}}, {"type": "Feature", "geometry": {"type": "Point", "coordinates": [565200.1219554453, 5947304.185892027]}, "properties": {"bus": "yes", "name": "Garstedt, Rugenbarg (Mitte)", "network": "HVV", "public_transport": "stop_position", "osm_id": 4723511227, "tile_500": "NO_E565000_N5947000_500", "tile_250": "NO_E565000_N5947250_250", "amenity": "", "shop": "", "railway": ""}}, {"type": "Feature", "geometry": {"type": "Point", "coordinates": [565198.1464826165, 5947331.787029361]}, "properties": {"bus": "yes", "name": "Garstedt, Rugenbarg (Mitte)", "network": "HVV", "public_transport": "stop_position", "osm_id": 4723511228, "tile_500": "NO_E565000_N5947000_500", "tile_250": "NO_E565000_N5947250_250", "amenity": "", "shop": "", "railway": ""}}, {"type": "Feature", "geometry": {"type": "Point", "coordinates": [565215.7141350963, 5948792.662907751]}, "properties": {"air_conditioning": "no", "amenity": "restaurant", "check_date:opening_hours": "2022-08-22", "cuisine": "german", "indoor_seating": "yes", "name": "Fisch-Kate", "opening_hours:signed": "no", "outdoor_seating": "no", "osm_id": 4728880514, "tile_500": "NO_E565000_N5948500_500", "tile_250": "NO_E565000_N5948750_250", "shop": "", "public_transport": "", "railway": ""}}, {"type": "Feature", "geometry": {"type": "Point", "coordinates": [570257.8839821041, 5956357.571340737]}, "properties": {"addr:city": "Tangstedt", "addr:housenumber": "15", "addr:postcode": "22889", "addr:street": "Weg am Sportplatz", "amenity": "restaurant", "cuisine": "greek", "email": "RestaurantAmbrosia@outlook.com", "level": "1", "name": "Restaurant Ambrosia", "opening_hours": "Tu-Sa 16:00-22:00; Su,PH 12:00-22:00", "phone": "+49 4109 2134266", "website": "https://www.restaurantambrosia.de", "osm_id": 4773272874, "tile_500": "NO_E570000_N5956000_500", "tile_250": "NO_E570250_N5956250_250", "shop": "", "public_transport": "", "railway": ""}}, {"type": "Feature", "geometry": {"type": "Point", "coordinates": [565697.9659667946, 5955394.818188243]}, "properties": {"bus": "yes", "name": "Harksheide, Am Geh\u00f6lz", "public_transport": "stop_position", "osm_id": 4879769948, "tile_500": "NO_E565500_N5955000_500", "tile_250": "NO_E565500_N5955250_250", "amenity": "", "shop": "", "railway": ""}}, {"type": "Feature", "geometry": {"type": "Point", "coordinates": [565706.3382188207, 5955432.334280761]}, "properties": {"bus": "yes", "name": "Harksheide, Am Geh\u00f6lz", "public_transport": "stop_position", "osm_id": 4879769949, "tile_500": "NO_E565500_N5955000_500", "tile_250": "NO_E565500_N5955250_250", "amenity": "", "shop": "", "railway": ""}}, {"type": "Feature", "geometry": {"type": "Point", "coordinates": [565698.6027586915, 5955921.858497639]}, "properties": {"bus": "yes", "name": "Harksheide, SOS-Kinderdorf", "public_transport": "stop_position", "osm_id": 4879769950, "tile_500": "NO_E565500_N5955500_500", "tile_250": "NO_E565500_N5955750_250", "amenity": "", "shop": "", "railway": ""}}, {"type": "Feature", "geometry": {"type": "Point", "coordinates": [565719.164259632, 5957210.362475024]}, "properties": {"bus": "yes", "name": "Rhen, Alter Postweg", "public_transport": "stop_position", "osm_id": 4879769951, "tile_500": "NO_E565500_N5957000_500", "tile_250": "NO_E565500_N5957000_250", "amenity": "", "shop": "", "railway": ""}}, {"type": "Feature", "geometry": {"type": "Point", "coordinates": [565672.3579498369, 5954106.815065918]}, "properties": {"bus": "yes", "name": "Friedrichsgabe, Schule", "public_transport": "stop_position", "osm_id": 4879772858, "tile_500": "NO_E565500_N5954000_500", "tile_250": "NO_E565500_N5954000_250", "amenity": "", "shop": "", "railway": ""}}, {"type": "Feature", "geometry": {"type": "Point", "coordinates": [566197.8985664782, 5952790.833040232]}, "properties": {"bus": "yes", "name": "Harksheide, Schulweg", "public_transport": "stop_position", "osm_id": 4879772859, "tile_500": "NO_E566000_N5952500_500", "tile_250": "NO_E566000_N5952750_250", "amenity": "", "shop": "", "railway": ""}}, {"type": "Feature", "geometry": {"type": "Point", "coordinates": [566220.5128474141, 5952795.770114642]}, "properties": {"bus": "yes", "name": "Harksheide, Schulweg", "public_transport": "stop_position", "osm_id": 4879772860, "tile_500": "NO_E566000_N5952500_500", "tile_250": "NO_E566000_N5952750_250", "amenity": "", "shop": "", "railway": ""}}, {"type": "Feature", "geometry": {"type": "Point", "coordinates": [566640.3569536094, 5953325.04351256]}, "properties": {"bus": "yes", "name": "Harksheide, Johann-Hinrich-Wichern-Stra\u00dfe", "public_transport": "stop_position", "osm_id": 4879772864, "tile_500": "NO_E566500_N5953000_500", "tile_250": "NO_E566500_N5953250_250", "amenity": "", "shop": "", "railway": ""}}, {"type": "Feature", "geometry": {"type": "Point", "coordinates": [565943.4192518514, 5953229.098658819]}, "properties": {"bus": "yes", "name": "Harksheide, Harckestwiete", "public_transport": "stop_position", "osm_id": 4879772865, "tile_500": "NO_E565500_N5953000_500", "tile_250": "NO_E565750_N5953000_250", "amenity": "", "shop": "", "railway": ""}}, {"type": "Feature", "geometry": {"type": "Point", "coordinates": [564862.0268521177, 5949436.863542354]}, "properties": {"addr:city": "Norderstedt", "addr:country": "DE", "addr:housenumber": "15", "addr:postcode": "22850", "addr:street": "Kohfurth", "branch": "Norderstedt, Kohfurth", "brand": "Dallmeyers Backhus", "brand:wikidata": "Q107719238", "drink:coffee": "yes", "name": "Dallmeyers Backhus", "opening_hours": "Mo-Th 07:00-20:00; Fr-Sa 07:00-21:00; Su 08:00-11:00", "operator": "Dallmeyers Backhus GmbH", "phone": "+49 40 51315146", "ref:vatin": "DE813158469", "shop": "bakery", "website": "https://dallmeyers.de/", "wheelchair": "yes", "osm_id": 4896343837, "tile_500": "NO_E564500_N5949000_500", "tile_250": "NO_E564750_N5949250_250", "amenity": "", "public_transport": "", "railway": ""}}, {"type": "Feature", "geometry": {"type": "Point", "coordinates": [564706.8830919776, 5952499.39977899]}, "properties": {"bus": "yes", "name": "Friedrichsgabe, Waldstra\u00dfe (Friedhof)", "public_transport": "stop_position", "osm_id": 4902322334, "tile_500": "NO_E564500_N5952000_500", "tile_250": "NO_E564500_N5952250_250", "amenity": "", "shop": "", "railway": ""}}, {"type": "Feature", "geometry": {"type": "Point", "coordinates": [565648.937492108, 5948531.82642609]}, "properties": {"addr:city": "Norderstedt", "addr:housenumber": "194", "addr:postcode": "22848", "addr:street": "Ochsenzoller Stra\u00dfe", "amenity": "restaurant", "cuisine": "sushi", "name": "Sushi-Restaurant Jade", "website": "https://jaderunningsushi.business.site/", "wheelchair": "limited", "osm_id": 4922770874, "tile_500": "NO_E565500_N5948500_500", "tile_250": "NO_E565500_N5948500_250", "shop": "", "public_transport": "", "railway": ""}}, {"type": "Feature", "geometry": {"type": "Point", "coordinates": [565769.7991672833, 5954162.704652671]}, "properties": {"addr:city": "Norderstedt", "addr:housenumber": "472", "addr:postcode": "22844", "addr:street": "Ulzburger Stra\u00dfe", "amenity": "restaurant", "contact:facebook": "https://de-de.facebook.com/Mr-Gyros-Norderstedt-560538130708014/?ref=page_internal", "indoor_seating": "yes", "name": "Mr. Gyros", "opening_hours": "Mo,We-Sa 16:00-22:00", "outdoor_seating": "yes", "toilets:wheelchair": "no", "wheelchair": "limited", "wheelchair:description": "Im Gastraum zum hinteren Bereich ist eine Stufe, aber der Tresen und ein paar Tische sind ohne Barriere zu erreichen.", "osm_id": 4986436422, "tile_500": "NO_E565500_N5954000_500", "tile_250": "NO_E565750_N5954000_250", "shop": "", "public_transport": "", "railway": ""}}, {"type": "Feature", "geometry": {"type": "Point", "coordinates": [565276.3354860146, 5946562.055240668]}, "properties": {"bus": "yes", "name": "Garstedt, Bornbach", "public_transport": "stop_position", "osm_id": 5075516700, "tile_500": "NO_E565000_N5946500_500", "tile_250": "NO_E565250_N5946500_250", "amenity": "", "shop": "", "railway": ""}}, {"type": "Feature", "geometry": {"type": "Point", "coordinates": [564801.5719138575, 5946485.773384406]}, "properties": {"bus": "yes", "name": "Garstedt, Gutenbergring 15", "public_transport": "stop_position", "osm_id": 5075516701, "tile_500": "NO_E564500_N5946000_500", "tile_250": "NO_E564750_N5946250_250", "amenity": "", "shop": "", "railway": ""}}, {"type": "Feature", "geometry": {"type": "Point", "coordinates": [564791.8684315081, 5946491.180859496]}, "properties": {"bus": "yes", "name": "Garstedt, Gutenbergring 15", "public_transport": "stop_position", "osm_id": 5075516702, "tile_500": "NO_E564500_N5946000_500", "tile_250": "NO_E564750_N5946250_250", "amenity": "", "shop": "", "railway": ""}}, {"type": "Feature", "geometry": {"type": "Point", "coordinates": [564551.7351352957, 5946515.148544562]}, "properties": {"bus": "yes", "name": "Garstedt, Gutenbergring 1", "network": "Hamburger Verkehrsverbund", "public_transport": "stop_position", "osm_id": 5075516704, "tile_500": "NO_E564500_N5946500_500", "tile_250": "NO_E564500_N5946500_250", "amenity": "", "shop": "", "railway": ""}}, {"type": "Feature", "geometry": {"type": "Point", "coordinates": [565449.3085714293, 5949173.411817846]}, "properties": {"addr:city": "Norderstedt", "addr:housenumber": "44", "addr:postcode": "22850", "addr:street": "L\u00fctjenmoor", "amenity": "restaurant", "cuisine": "greek", "diet:vegetarian": "yes", "email": "info@hellas-norderstedt.de", "indoor_seating": "yes", "name": "Restaurant Hellas", "opening_hours": "Mo-Sa 16:00-23:00; PH,Su 12:00-22:00", "operator": "Kostas Trakalianis", "outdoor_seating": "yes", "phone": "+49 40 5217545;+49 172 6464266", "takeaway": "yes", "toilets": "yes", "toilets:access": "customers", "web": "www.hellas-norderstedt.de", "website": "https://www.hellas-norderstedt.de/", "wheelchair": "no", "osm_id": 5166445257, "tile_500": "NO_E565000_N5949000_500", "tile_250": "NO_E565250_N5949000_250", "shop": "", "public_transport": "", "railway": ""}}, {"type": "Feature", "geometry": {"type": "Point", "coordinates": [565229.7563987648, 5947781.504361454]}, "properties": {"addr:city": "Norderstedt", "addr:housenumber": "113", "addr:postcode": "22848", "addr:street": "Ohechaussee", "amenity": "restaurant", "cuisine": "sushi", "name": "Sushi f\u00fcr Hamburg", "opening_hours": "Su-Th 11:00-22:00; Fr-Sa 11:00-23:00", "phone": "+494088369610", "website": "https://sushi-fuer-hamburg.de", "osm_id": 5244829497, "tile_500": "NO_E565000_N5947500_500", "tile_250": "NO_E565000_N5947750_250", "shop": "", "public_transport": "", "railway": ""}}, {"type": "Feature", "geometry": {"type": "Point", "coordinates": [567427.5943225514, 5948946.380192969]}, "properties": {"brand": "Dat Backhus", "brand:wikidata": "Q62093175", "check_date:opening_hours": "2022-11-29", "name": "Dat Backhus", "opening_hours": "Mo-Sa 07:00-19:00; Su OFF", "phone": "+49 40 50790182", "shop": "bakery", "toilets:wheelchair": "yes", "wheelchair": "yes", "osm_id": 5275666934, "tile_500": "NO_E567000_N5948500_500", "tile_250": "NO_E567250_N5948750_250", "amenity": "", "public_transport": "", "railway": ""}}, {"type": "Feature", "geometry": {"type": "Point", "coordinates": [569329.4133455253, 5949069.2695492925]}, "properties": {"bus": "yes", "public_transport": "stop_position", "osm_id": 5317008822, "tile_500": "NO_E569000_N5949000_500", "tile_250": "NO_E569250_N5949000_250", "name": "", "amenity": "", "shop": "", "railway": ""}}, {"type": "Feature", "geometry": {"type": "Point", "coordinates": [569344.6011634542, 5949065.098532393]}, "properties": {"bus": "yes", "public_transport": "stop_position", "osm_id": 5317008823, "tile_500": "NO_E569000_N5949000_500", "tile_250": "NO_E569250_N5949000_250", "name": "", "amenity": "", "shop": "", "railway": ""}}, {"type": "Feature", "geometry": {"type": "Point", "coordinates": [567165.2250436402, 5955157.322043211]}, "properties": {"bus": "yes", "direction": "forward", "name": "Harksh\u00f6rn (Nord)", "public_transport": "stop_position", "osm_id": 5317323195, "tile_500": "NO_E567000_N5955000_500", "tile_250": "NO_E567000_N5955000_250", "amenity": "", "shop": "", "railway": ""}}, {"type": "Feature", "geometry": {"type": "Point", "coordinates": [567557.8310959188, 5953248.386724762]}, "properties": {"bus": "yes", "name": "Harksh\u00f6rn, Harckesheyde (Ost)", "public_transport": "stop_position", "osm_id": 5317323637, "tile_500": "NO_E567500_N5953000_500", "tile_250": "NO_E567500_N5953000_250", "amenity": "", "shop": "", "railway": ""}}, {"type": "Feature", "geometry": {"type": "Point", "coordinates": [564433.3008433107, 5950755.173331073]}, "properties": {"bus": "yes", "check_date": "2024-03-21", "name": "Garstedt, Rantzauer Forstweg (Museen)", "public_transport": "stop_position", "osm_id": 5319012970, "tile_500": "NO_E564000_N5950500_500", "tile_250": "NO_E564250_N5950750_250", "amenity": "", "shop": "", "railway": ""}}, {"type": "Feature", "geometry": {"type": "Point", "coordinates": [568628.4589731888, 5949283.342778427]}, "properties": {"amenity": "fast_food", "name": "Vietstreet", "osm_id": 5456469421, "tile_500": "NO_E568500_N5949000_500", "tile_250": "NO_E568500_N5949250_250", "shop": "", "public_transport": "", "railway": ""}}, {"type": "Feature", "geometry": {"type": "Point", "coordinates": [564771.0104093518, 5949865.647303324]}, "properties": {"bus": "yes", "name": "Garstedt, Buschweg", "public_transport": "stop_position", "osm_id": 5531159691, "tile_500": "NO_E564500_N5949500_500", "tile_250": "NO_E564750_N5949750_250", "amenity": "", "shop": "", "railway": ""}}, {"type": "Feature", "geometry": {"type": "Point", "coordinates": [564785.8302825268, 5949846.468391747]}, "properties": {"bus": "yes", "name": "Garstedt, Buschweg", "public_transport": "stop_position", "osm_id": 5531159692, "tile_500": "NO_E564500_N5949500_500", "tile_250": "NO_E564750_N5949750_250", "amenity": "", "shop": "", "railway": ""}}, {"type": "Feature", "geometry": {"type": "Point", "coordinates": [564992.0492829634, 5945421.264006302]}, "properties": {"addr:city": "Norderstedt", "addr:country": "DE", "addr:housenumber": "2", "addr:postcode": "22848", "addr:street": "S\u00fcdportal", "amenity": "restaurant", "cuisine": "regional", "name": "Blue", "opening_hours": "Mo-Fr 06:00-10:00, 11:30-14:00, 17:00-24:00; PH 06:00-11:00, 11:30-14:00, 17:00-01:00", "phone": "+49 40 3085410", "seats": "178", "source": "website", "website": "https://www.nordport-plaza-hotel.de/restaurant-blue/", "osm_id": 5595231111, "tile_500": "NO_E564500_N5945000_500", "tile_250": "NO_E564750_N5945250_250", "shop": "", "public_transport": "", "railway": ""}}, {"type": "Feature", "geometry": {"type": "Point", "coordinates": [565739.0755333707, 5954128.602671202]}, "properties": {"addr:city": "Norderstedt", "addr:housenumber": "585", "addr:postcode": "22844", "addr:street": "Ulzburger Stra\u00dfe", "brand": "EDEKA", "brand:wikidata": "Q701755", "brand:wikipedia": "de:Edeka", "currency:EUR": "yes", "delivery:covid19": "no", "email": "edeka.gulben.nord@edeka.de", "name": "Radtke", "opening_hours": "Mo-Sa 07:00-20:00", "operator": "Rolf Gulben", "organic": "yes", "payment:cash": "yes", "payment:coins": "yes", "payment:contactless": "yes", "payment:credit_cards": "yes", "payment:debit_cards": "yes", "payment:girocard": "yes", "payment:mastercard": "yes", "payment:visa": "yes", "payment:visa_debit": "yes", "phone": "+49 40 5222520", "shop": "supermarket", "website": "https://www.edeka.de/eh/nord/e-aktiv-markt-gulben-ulzburger-str.-585/index.jsp", "wheelchair": "yes", "osm_id": 5604552336, "tile_500": "NO_E565500_N5954000_500", "tile_250": "NO_E565500_N5954000_250", "amenity": "", "public_transport": "", "railway": ""}}, {"type": "Feature", "geometry": {"type": "Point", "coordinates": [565565.8620649651, 5951361.44613107]}, "properties": {"addr:city": "Norderstedt", "addr:country": "DE", "addr:housenumber": "29a", "addr:postcode": "22846", "addr:street": "Rathausallee", "amenity": "restaurant", "contact:phone": "+49 40 22868968", "contact:website": "https://www.san-burrito.de/", "cuisine": "mexican", "indoor_seating": "yes", "name": "Cantina Americana", "opening_hours": "Tu-Fr 11:30-22:00; Sa-Su 17:00-22:00", "outdoor_seating": "yes", "wheelchair": "yes", "osm_id": 5612884712, "tile_500": "NO_E565500_N5951000_500", "tile_250": "NO_E565500_N5951250_250", "shop": "", "public_transport": "", "railway": ""}}, {"type": "Feature", "geometry": {"type": "Point", "coordinates": [566043.3924173957, 5949408.413259209]}, "properties": {"addr:postcode": "22850", "addr:street": "Am Hallenbad", "amenity": "fast_food", "check_date": "2026-06-08", "cuisine": "burger;diner;german", "diet:halal": "no", "diet:kosher": "no", "diet:vegan": "yes", "diet:vegetarian": "yes", "indoor_seating": "yes", "name": "Siesta", "opening_hours": "Mo-Fr 08:00-22:30; PH,Sa,Su 09:00-22:30", "outdoor_seating": "yes", "smoking": "no", "website": "https://arriba-erlebnisbad.de/service/#siesta", "wheelchair": "yes", "osm_id": 5709264640, "tile_500": "NO_E566000_N5949000_500", "tile_250": "NO_E566000_N5949250_250", "shop": "", "public_transport": "", "railway": ""}}, {"type": "Feature", "geometry": {"type": "Point", "coordinates": [570025.8506337681, 5956013.673401653]}, "properties": {"bus": "yes", "name": "Wilstedt, Loheweg", "public_transport": "stop_position", "osm_id": 5775901810, "tile_500": "NO_E570000_N5956000_500", "tile_250": "NO_E570000_N5956000_250", "amenity": "", "shop": "", "railway": ""}}, {"type": "Feature", "geometry": {"type": "Point", "coordinates": [569986.4792329334, 5955966.583278501]}, "properties": {"bus": "yes", "name": "Wilstedt, Loheweg", "public_transport": "stop_position", "osm_id": 5775901816, "tile_500": "NO_E569500_N5955500_500", "tile_250": "NO_E569750_N5955750_250", "amenity": "", "shop": "", "railway": ""}}, {"type": "Feature", "geometry": {"type": "Point", "coordinates": [569391.6981119843, 5953785.960374078]}, "properties": {"bus": "yes", "name": "Wilstedt, Birkenweg", "public_transport": "stop_position", "osm_id": 5775901817, "tile_500": "NO_E569000_N5953500_500", "tile_250": "NO_E569250_N5953750_250", "amenity": "", "shop": "", "railway": ""}}, {"type": "Feature", "geometry": {"type": "Point", "coordinates": [569429.4532218999, 5953795.9442861965]}, "properties": {"bus": "yes", "name": "Wilstedt, Birkenweg", "public_transport": "stop_position", "osm_id": 5775901818, "tile_500": "NO_E569000_N5953500_500", "tile_250": "NO_E569250_N5953750_250", "amenity": "", "shop": "", "railway": ""}}, {"type": "Feature", "geometry": {"type": "Point", "coordinates": [568947.0935098906, 5954319.669164832]}, "properties": {"bus": "yes", "name": "Wilstedt, Ginsterweg", "public_transport": "stop_position", "osm_id": 5775901819, "tile_500": "NO_E568500_N5954000_500", "tile_250": "NO_E568750_N5954250_250", "amenity": "", "shop": "", "railway": ""}}, {"type": "Feature", "geometry": {"type": "Point", "coordinates": [568933.604650289, 5954337.797603539]}, "properties": {"bus": "yes", "name": "Wilstedt, Ginsterweg", "public_transport": "stop_position", "osm_id": 5775901820, "tile_500": "NO_E568500_N5954000_500", "tile_250": "NO_E568750_N5954250_250", "amenity": "", "shop": "", "railway": ""}}, {"type": "Feature", "geometry": {"type": "Point", "coordinates": [568978.9670112956, 5949357.958268871]}, "properties": {"amenity": "kindergarten", "denomination": "lutheran", "name": "Kita an der Thomaskirche", "religion": "christian", "osm_id": 6055903498, "tile_500": "NO_E568500_N5949000_500", "tile_250": "NO_E568750_N5949250_250", "shop": "", "public_transport": "", "railway": ""}}, {"type": "Feature", "geometry": {"type": "Point", "coordinates": [564815.6747477616, 5946180.541515545]}, "properties": {"bus": "yes", "name": "Garstedt, Nordport (S\u00fcd)", "network": "HVV", "public_transport": "stop_position", "osm_id": 6112568134, "tile_500": "NO_E564500_N5946000_500", "tile_250": "NO_E564750_N5946000_250", "amenity": "", "shop": "", "railway": ""}}, {"type": "Feature", "geometry": {"type": "Point", "coordinates": [564880.3428120131, 5946111.311143175]}, "properties": {"bus": "yes", "name": "Garstedt, Nordport (S\u00fcd)", "network": "HVV", "public_transport": "stop_position", "osm_id": 6112569799, "tile_500": "NO_E564500_N5946000_500", "tile_250": "NO_E564750_N5946000_250", "amenity": "", "shop": "", "railway": ""}}, {"type": "Feature", "geometry": {"type": "Point", "coordinates": [564796.4330277846, 5946011.011603046]}, "properties": {"bus": "yes", "name": "Garstedt, Nordport (S\u00fcd)", "network": "HVV", "public_transport": "stop_position", "osm_id": 6112569800, "tile_500": "NO_E564500_N5946000_500", "tile_250": "NO_E564750_N5946000_250", "amenity": "", "shop": "", "railway": ""}}, {"type": "Feature", "geometry": {"type": "Point", "coordinates": [565299.0859400767, 5946200.7970523955]}, "properties": {"bus": "yes", "name": "Garstedt, An'n Slagboom", "network": "HVV", "public_transport": "stop_position", "osm_id": 6112569801, "tile_500": "NO_E565000_N5946000_500", "tile_250": "NO_E565250_N5946000_250", "amenity": "", "shop": "", "railway": ""}}, {"type": "Feature", "geometry": {"type": "Point", "coordinates": [565292.8685436156, 5946204.4716215655]}, "properties": {"bus": "yes", "name": "Garstedt, An'n Slagboom", "network": "HVV", "public_transport": "stop_position", "osm_id": 6112569802, "tile_500": "NO_E565000_N5946000_500", "tile_250": "NO_E565250_N5946000_250", "amenity": "", "shop": "", "railway": ""}}, {"type": "Feature", "geometry": {"type": "Point", "coordinates": [565283.292274311, 5946552.693866743]}, "properties": {"bus": "yes", "name": "Garstedt, Bornbach", "network": "HVV", "public_transport": "stop_position", "osm_id": 6112569805, "tile_500": "NO_E565000_N5946500_500", "tile_250": "NO_E565250_N5946500_250", "amenity": "", "shop": "", "railway": ""}}, {"type": "Feature", "geometry": {"type": "Point", "coordinates": [564962.9925019232, 5948396.907507081]}, "properties": {"bus": "yes", "name": "Garstedt, Schillerstra\u00dfe", "network": "HVV", "public_transport": "stop_position", "osm_id": 6112569838, "tile_500": "NO_E564500_N5948000_500", "tile_250": "NO_E564750_N5948250_250", "amenity": "", "shop": "", "railway": ""}}, {"type": "Feature", "geometry": {"type": "Point", "coordinates": [565246.211161355, 5947735.588824836]}, "properties": {"bus": "yes", "name": "Garstedt, Tarpenbekstra\u00dfe", "network": "HVV", "public_transport": "stop_position", "osm_id": 6112569839, "tile_500": "NO_E565000_N5947500_500", "tile_250": "NO_E565000_N5947500_250", "amenity": "", "shop": "", "railway": ""}}, {"type": "Feature", "geometry": {"type": "Point", "coordinates": [565229.574045854, 5947670.453431824]}, "properties": {"bus": "yes", "name": "Garstedt, Tarpenbekstra\u00dfe", "network": "HVV", "public_transport": "stop_position", "osm_id": 6112569840, "tile_500": "NO_E565000_N5947500_500", "tile_250": "NO_E565000_N5947500_250", "amenity": "", "shop": "", "railway": ""}}, {"type": "Feature", "geometry": {"type": "Point", "coordinates": [566080.5173416144, 5948110.964114401]}, "properties": {"bus": "yes", "local_ref": "C", "name": "U Ochsenzoll", "public_transport": "stop_position", "osm_id": 6178216782, "tile_500": "NO_E566000_N5948000_500", "tile_250": "NO_E566000_N5948000_250", "amenity": "", "shop": "", "railway": ""}}, {"type": "Feature", "geometry": {"type": "Point", "coordinates": [565545.7792183186, 5951313.229665327]}, "properties": {"addr:city": "Norderstedt", "addr:country": "DE", "addr:housenumber": "31a", "addr:postcode": "22846", "addr:street": "Rathausallee", "brand": "REWE", "brand:wikidata": "Q16968817", "brand:wikipedia": "en:REWE", "check_date:opening_hours": "2026-02-15", "name": "REWE City", "opening_hours": "Mo-Sa 07:00-22:00; PH off", "operator": "REWE Markt GmbH", "organic": "yes", "phone": "+49 40 58972187", "shop": "supermarket", "website": "https://www.rewe.de/marktseite/norderstedt/531398/rewe-markt-rathausallee-31-a/", "wheelchair": "yes", "osm_id": 6277439143, "tile_500": "NO_E565500_N5951000_500", "tile_250": "NO_E565500_N5951250_250", "amenity": "", "public_transport": "", "railway": ""}}, {"type": "Feature", "geometry": {"type": "Point", "coordinates": [568203.6613905611, 5948759.7902327925]}, "properties": {"bus": "yes", "name": "Glash\u00fctte, B\u00f6ttgerstra\u00dfe", "public_transport": "stop_position", "osm_id": 6330738740, "tile_500": "NO_E568000_N5948500_500", "tile_250": "NO_E568000_N5948750_250", "amenity": "", "shop": "", "railway": ""}}, {"type": "Feature", "geometry": {"type": "Point", "coordinates": [564169.092618323, 5947030.051846311]}, "properties": {"bus": "yes", "name": "Garstedt, OBI-Markt Norderstedt", "network": "HVV", "public_transport": "stop_position", "osm_id": 6330852569, "tile_500": "NO_E564000_N5947000_500", "tile_250": "NO_E564000_N5947000_250", "amenity": "", "shop": "", "railway": ""}}, {"type": "Feature", "geometry": {"type": "Point", "coordinates": [564219.0077586746, 5946890.900434193]}, "properties": {"bus": "yes", "name": "Garstedt, OBI-Markt Norderstedt", "network": "HVV", "public_transport": "stop_position", "osm_id": 6330852570, "tile_500": "NO_E564000_N5946500_500", "tile_250": "NO_E564000_N5946750_250", "amenity": "", "shop": "", "railway": ""}}, {"type": "Feature", "geometry": {"type": "Point", "coordinates": [564625.9494812419, 5946211.499096289]}, "properties": {"bus": "yes", "name": "Garstedt, Nordportbogen (Ost)", "network": "HVV", "public_transport": "stop_position", "osm_id": 6330852571, "tile_500": "NO_E564500_N5946000_500", "tile_250": "NO_E564500_N5946000_250", "amenity": "", "shop": "", "railway": ""}}, {"type": "Feature", "geometry": {"type": "Point", "coordinates": [564144.6218830321, 5946216.34364496]}, "properties": {"bus": "yes", "name": "Garstedt, Nordportbogen (West)", "network": "HVV", "public_transport": "stop_position", "osm_id": 6330852572, "tile_500": "NO_E564000_N5946000_500", "tile_250": "NO_E564000_N5946000_250", "amenity": "", "shop": "", "railway": ""}}, {"type": "Feature", "geometry": {"type": "Point", "coordinates": [564094.0938345471, 5946256.201113669]}, "properties": {"bus": "yes", "name": "Garstedt, Nordportbogen (West)", "network": "HVV", "public_transport": "stop_position", "osm_id": 6330852573, "tile_500": "NO_E564000_N5946000_500", "tile_250": "NO_E564000_N5946250_250", "amenity": "", "shop": "", "railway": ""}}, {"type": "Feature", "geometry": {"type": "Point", "coordinates": [565260.1823544353, 5947012.766892943]}, "properties": {"addr:city": "Norderstedt", "addr:country": "DE", "addr:housenumber": "74 h", "addr:postcode": "22848", "addr:street": "Rugenbarg", "amenity": "restaurant", "contact:website": "https://www.trattoria-michele.de/", "cuisine": "pizza;italian", "email": "kontakt@trattoria-michele.de", "fax": "+49 40 32510200", "indoor_seating": "yes", "name": "Trattoria da Michele", "opening_hours": "Mo-Fr 11:30-14:30,17:30-21:00; Sa 17:30-21:30; Su 12:00-14:30,16:00-21:00", "outdoor_seating": "yes", "phone": "+49 40 52883339", "toilets:wheelchair": "no", "website": "https://www.trattoria-michele.de/?lang=de", "wheelchair": "yes", "wheelchair:description": "ramp to restaurant and terrace", "osm_id": 6372728317, "tile_500": "NO_E565000_N5947000_500", "tile_250": "NO_E565250_N5947000_250", "shop": "", "public_transport": "", "railway": ""}}, {"type": "Feature", "geometry": {"type": "Point", "coordinates": [564967.4643327256, 5953244.31651125]}, "properties": {"bus": "yes", "bus_routes": "394", "name": "Friedrichsgabe, Lawaetzstra\u00dfe (S\u00fcd)", "network": "HVV", "public_transport": "stop_position", "osm_id": 6391511132, "tile_500": "NO_E564500_N5953000_500", "tile_250": "NO_E564750_N5953000_250", "amenity": "", "shop": "", "railway": ""}}, {"type": "Feature", "geometry": {"type": "Point", "coordinates": [563756.6993660721, 5947774.398546664]}, "properties": {"amenity": "restaurant", "cuisine": "italian", "name": "Da Sinito", "osm_id": 6532459743, "tile_500": "NO_E563500_N5947500_500", "tile_250": "NO_E563750_N5947750_250", "shop": "", "public_transport": "", "railway": ""}}, {"type": "Feature", "geometry": {"type": "Point", "coordinates": [566092.8932564727, 5948547.400354609]}, "properties": {"amenity": "bank", "name": "Sparkasse S\u00fcdholstein", "osm_id": 6548552482, "tile_500": "NO_E566000_N5948500_500", "tile_250": "NO_E566000_N5948500_250", "shop": "", "public_transport": "", "railway": ""}}, {"type": "Feature", "geometry": {"type": "Point", "coordinates": [565784.4150339228, 5949565.45340404]}, "properties": {"bus": "yes", "name": "Garstedt, Marommer Stra\u00dfe (Ost)", "network": "HVV", "public_transport": "stop_position", "osm_id": 6553099522, "tile_500": "NO_E565500_N5949500_500", "tile_250": "NO_E565750_N5949500_250", "amenity": "", "shop": "", "railway": ""}}, {"type": "Feature", "geometry": {"type": "Point", "coordinates": [565920.0859210411, 5948802.242217364]}, "properties": {"bus": "yes", "name": "Garstedt, Breslauer Stra\u00dfe", "network": "HVV", "public_transport": "stop_position", "osm_id": 6553099523, "tile_500": "NO_E565500_N5948500_500", "tile_250": "NO_E565750_N5948750_250", "amenity": "", "shop": "", "railway": ""}}, {"type": "Feature", "geometry": {"type": "Point", "coordinates": [565918.2912376992, 5948819.508611481]}, "properties": {"bus": "yes", "name": "Garstedt, Breslauer Stra\u00dfe", "network": "HVV", "public_transport": "stop_position", "osm_id": 6553099524, "tile_500": "NO_E565500_N5948500_500", "tile_250": "NO_E565750_N5948750_250", "amenity": "", "shop": "", "railway": ""}}, {"type": "Feature", "geometry": {"type": "Point", "coordinates": [565846.0031220729, 5949330.832838671]}, "properties": {"bus": "yes", "name": "Garstedt, ARRIBA-Bad", "network": "HVV", "public_transport": "stop_position", "osm_id": 6553099525, "tile_500": "NO_E565500_N5949000_500", "tile_250": "NO_E565750_N5949250_250", "amenity": "", "shop": "", "railway": ""}}, {"type": "Feature", "geometry": {"type": "Point", "coordinates": [565868.8811314311, 5949240.511960161]}, "properties": {"bus": "yes", "name": "Garstedt, ARRIBA-Bad", "network": "HVV", "public_transport": "stop_position", "osm_id": 6553099526, "tile_500": "NO_E565500_N5949000_500", "tile_250": "NO_E565750_N5949000_250", "amenity": "", "shop": "", "railway": ""}}, {"type": "Feature", "geometry": {"type": "Point", "coordinates": [565299.7491843387, 5949500.792466584]}, "properties": {"bus": "yes", "name": "Garstedt, Aurikelstieg", "network": "HVV", "public_transport": "stop_position", "osm_id": 6553099527, "tile_500": "NO_E565000_N5949500_500", "tile_250": "NO_E565250_N5949500_250", "amenity": "", "shop": "", "railway": ""}}, {"type": "Feature", "geometry": {"type": "Point", "coordinates": [565283.021017328, 5949494.540044274]}, "properties": {"bus": "yes", "name": "Garstedt, Aurikelstieg", "network": "HVV", "public_transport": "stop_position", "osm_id": 6553099528, "tile_500": "NO_E565000_N5949000_500", "tile_250": "NO_E565250_N5949250_250", "amenity": "", "shop": "", "railway": ""}}, {"type": "Feature", "geometry": {"type": "Point", "coordinates": [569732.8881658044, 5953874.890438533]}, "properties": {"bus": "yes", "name": "Wilstedt, Waldstra\u00dfe", "public_transport": "stop_position", "osm_id": 6553835948, "tile_500": "NO_E569500_N5953500_500", "tile_250": "NO_E569500_N5953750_250", "amenity": "", "shop": "", "railway": ""}}, {"type": "Feature", "geometry": {"type": "Point", "coordinates": [570373.510695144, 5955862.71959852]}, "properties": {"bus": "yes", "name": "Wilstedt, Dorfplatz", "public_transport": "stop_position", "osm_id": 6553835950, "tile_500": "NO_E570000_N5955500_500", "tile_250": "NO_E570250_N5955750_250", "amenity": "", "shop": "", "railway": ""}}, {"type": "Feature", "geometry": {"type": "Point", "coordinates": [570546.539277225, 5955381.275111401]}, "properties": {"bus": "yes", "name": "Wilstedt, Gewerbegebiet", "public_transport": "stop_position", "osm_id": 6553835952, "tile_500": "NO_E570500_N5955000_500", "tile_250": "NO_E570500_N5955250_250", "amenity": "", "shop": "", "railway": ""}}, {"type": "Feature", "geometry": {"type": "Point", "coordinates": [566514.8981273491, 5956124.4218355315]}, "properties": {"bus": "yes", "name": "Rhen, Paracelsus-Klinik", "public_transport": "stop_position", "osm_id": 6553912788, "tile_500": "NO_E566500_N5956000_500", "tile_250": "NO_E566500_N5956000_250", "amenity": "", "shop": "", "railway": ""}}, {"type": "Feature", "geometry": {"type": "Point", "coordinates": [565061.6346710303, 5948911.79988249]}, "properties": {"amenity": "bank", "brand": "Targobank", "brand:wikidata": "Q1455437", "brand:wikipedia": "en:Targobank", "check_date:opening_hours": "2022-07-11", "name": "Targobank", "opening_hours": "Mo-Fr 09:00-13:00, Mo,Tu,Th 14:00-18:00, Fr 14:00-17:00", "wheelchair": "yes", "osm_id": 6603373522, "tile_500": "NO_E565000_N5948500_500", "tile_250": "NO_E565000_N5948750_250", "shop": "", "public_transport": "", "railway": ""}}, {"type": "Feature", "geometry": {"type": "Point", "coordinates": [562152.4769868881, 5955754.644864583]}, "properties": {"addr:city": "Quickborn", "addr:country": "DE", "addr:housenumber": "57", "addr:postcode": "25451", "addr:street": "Friedrichsgaber Stra\u00dfe", "amenity": "restaurant", "contact:mobile": "+49 172 4314216", "contact:phone": "+49 4106 78292", "contact:website": "http://www.mythos-quickborn.com/", "contact:whatsapp": "+49 172 4314216", "cuisine": "greek", "email": "chris.thomaidis@rocketmail.com", "fax": "+49 4106 78292", "name": "Mythos", "opening_hours": "Tu-Su 17:30-23:00", "operator": "Christos Thomaidis", "outdoor_seating": "yes", "phone": "+49 4106 71369", "takeaway": "yes", "website": "https://www.mythos-quickborn.com/", "osm_id": 6648125381, "tile_500": "NO_E562000_N5955500_500", "tile_250": "NO_E562000_N5955750_250", "shop": "", "public_transport": "", "railway": ""}}, {"type": "Feature", "geometry": {"type": "Point", "coordinates": [565242.3413157808, 5947404.33718649]}, "properties": {"addr:city": "Norderstedt", "addr:housenumber": "43", "addr:postcode": "22848", "addr:street": "Rugenbarg", "amenity": "kindergarten", "name": "Kita Spielhaus Kunterbunt", "operator": "Spielhaus Kunterbunt e.V.", "phone": "+49 40 88366037", "website": "https://spielhaus-kunterbunt.de", "osm_id": 6976275506, "tile_500": "NO_E565000_N5947000_500", "tile_250": "NO_E565000_N5947250_250", "shop": "", "public_transport": "", "railway": ""}}, {"type": "Feature", "geometry": {"type": "Point", "coordinates": [564964.3094891229, 5953698.217279894]}, "properties": {"bus": "yes", "bus_routes": "394", "name": "Friedrichsgabe, Lawaetzstra\u00dfe (Mitte)", "network": "HVV", "public_transport": "stop_position", "osm_id": 7021804700, "tile_500": "NO_E564500_N5953500_500", "tile_250": "NO_E564750_N5953500_250", "amenity": "", "shop": "", "railway": ""}}, {"type": "Feature", "geometry": {"type": "Point", "coordinates": [564762.2502591595, 5954658.368164328]}, "properties": {"bus": "yes", "bus_routes": "394", "name": "Friedrichsgabe, Tycho-Brahe-Kehre", "network": "HVV", "public_transport": "stop_position", "osm_id": 7023519821, "tile_500": "NO_E564500_N5954500_500", "tile_250": "NO_E564750_N5954500_250", "amenity": "", "shop": "", "railway": ""}}, {"type": "Feature", "geometry": {"type": "Point", "coordinates": [565067.4858436123, 5951833.977113691]}, "properties": {"bus": "yes", "name": "Garstedt, Zwijndrechtring", "public_transport": "stop_position", "osm_id": 7308770739, "tile_500": "NO_E565000_N5951500_500", "tile_250": "NO_E565000_N5951750_250", "amenity": "", "shop": "", "railway": ""}}, {"type": "Feature", "geometry": {"type": "Point", "coordinates": [565077.9783836465, 5951884.662215476]}, "properties": {"bus": "yes", "name": "Garstedt, Zwijndrechtring", "public_transport": "stop_position", "osm_id": 7308770740, "tile_500": "NO_E565000_N5951500_500", "tile_250": "NO_E565000_N5951750_250", "amenity": "", "shop": "", "railway": ""}}, {"type": "Feature", "geometry": {"type": "Point", "coordinates": [566689.4394165374, 5952701.52426382]}, "properties": {"bus": "yes", "name": "Harksheide, Steindamm", "public_transport": "stop_position", "osm_id": 7308770741, "tile_500": "NO_E566500_N5952500_500", "tile_250": "NO_E566500_N5952500_250", "amenity": "", "shop": "", "railway": ""}}, {"type": "Feature", "geometry": {"type": "Point", "coordinates": [566634.2975339316, 5952341.819896261]}, "properties": {"bus": "yes", "name": "Harksheide, Grootkoppelstra\u00dfe", "public_transport": "stop_position", "osm_id": 7308770742, "tile_500": "NO_E566500_N5952000_500", "tile_250": "NO_E566500_N5952250_250", "amenity": "", "shop": "", "railway": ""}}, {"type": "Feature", "geometry": {"type": "Point", "coordinates": [566595.8798413402, 5952198.7899137065]}, "properties": {"bus": "yes", "name": "Harksheide, Grootkoppelstra\u00dfe", "public_transport": "stop_position", "osm_id": 7308770743, "tile_500": "NO_E566500_N5952000_500", "tile_250": "NO_E566500_N5952000_250", "amenity": "", "shop": "", "railway": ""}}, {"type": "Feature", "geometry": {"type": "Point", "coordinates": [566544.6938154973, 5951873.7824061895]}, "properties": {"bus": "yes", "name": "Harksheide, Falkenbergstra\u00dfe", "public_transport": "stop_position", "osm_id": 7308770744, "tile_500": "NO_E566500_N5951500_500", "tile_250": "NO_E566500_N5951750_250", "amenity": "", "shop": "", "railway": ""}}, {"type": "Feature", "geometry": {"type": "Point", "coordinates": [566706.0292277758, 5951795.267769575]}, "properties": {"bus": "yes", "name": "Harksheide, Falkenhorst", "old_name": "Harksheide, Am Falkenhorst", "public_transport": "stop_position", "osm_id": 7308770745, "tile_500": "NO_E566500_N5951500_500", "tile_250": "NO_E566500_N5951750_250", "amenity": "", "shop": "", "railway": ""}}, {"type": "Feature", "geometry": {"type": "Point", "coordinates": [566617.654994441, 5951797.717336966]}, "properties": {"bus": "yes", "name": "Harksheide, Falkenhorst", "old_name": "Harksheide, Am Falkenhorst", "public_transport": "stop_position", "osm_id": 7308770746, "tile_500": "NO_E566500_N5951500_500", "tile_250": "NO_E566500_N5951750_250", "amenity": "", "shop": "", "railway": ""}}, {"type": "Feature", "geometry": {"type": "Point", "coordinates": [567093.5405110408, 5951762.683116676]}, "properties": {"bus": "yes", "name": "Harksheide, Theodor-Storm-Stra\u00dfe", "public_transport": "stop_position", "osm_id": 7308770747, "tile_500": "NO_E567000_N5951500_500", "tile_250": "NO_E567000_N5951750_250", "amenity": "", "shop": "", "railway": ""}}, {"type": "Feature", "geometry": {"type": "Point", "coordinates": [567049.8903768541, 5951769.71459271]}, "properties": {"bus": "yes", "name": "Harksheide, Theodor-Storm-Stra\u00dfe", "public_transport": "stop_position", "osm_id": 7308770748, "tile_500": "NO_E567000_N5951500_500", "tile_250": "NO_E567000_N5951750_250", "amenity": "", "shop": "", "railway": ""}}, {"type": "Feature", "geometry": {"type": "Point", "coordinates": [567005.4314113122, 5951308.288748882]}, "properties": {"bus": "yes", "name": "Harksheide, Romintener Weg", "public_transport": "stop_position", "osm_id": 7308770750, "tile_500": "NO_E567000_N5951000_500", "tile_250": "NO_E567000_N5951250_250", "amenity": "", "shop": "", "railway": ""}}, {"type": "Feature", "geometry": {"type": "Point", "coordinates": [566958.1793267068, 5951277.370328021]}, "properties": {"bus": "yes", "name": "Harksheide, Romintener Weg", "public_transport": "stop_position", "osm_id": 7308770751, "tile_500": "NO_E566500_N5951000_500", "tile_250": "NO_E566750_N5951250_250", "amenity": "", "shop": "", "railway": ""}}, {"type": "Feature", "geometry": {"type": "Point", "coordinates": [566577.5156085312, 5951120.100182447]}, "properties": {"bus": "yes", "name": "Harksheide, Markt", "public_transport": "stop_position", "osm_id": 7308770752, "tile_500": "NO_E566500_N5951000_500", "tile_250": "NO_E566500_N5951000_250", "amenity": "", "shop": "", "railway": ""}}, {"type": "Feature", "geometry": {"type": "Point", "coordinates": [566611.7234969903, 5951120.00706494]}, "properties": {"bus": "yes", "name": "Harksheide, Markt", "public_transport": "stop_position", "osm_id": 7308770753, "tile_500": "NO_E566500_N5951000_500", "tile_250": "NO_E566500_N5951000_250", "amenity": "", "shop": "", "railway": ""}}, {"type": "Feature", "geometry": {"type": "Point", "coordinates": [565549.6909212488, 5952006.574328279]}, "properties": {"amenity": "fast_food", "cuisine": "kebab", "delivery": "yes", "name": "Manavgat", "website": "https://www.manavgat-doener.de", "osm_id": 7411794411, "tile_500": "NO_E565500_N5952000_500", "tile_250": "NO_E565500_N5952000_250", "shop": "", "public_transport": "", "railway": ""}}, {"type": "Feature", "geometry": {"type": "Point", "coordinates": [565757.0363150357, 5953912.162895176]}, "properties": {"addr:city": "Norderstedt", "addr:housenumber": "567", "addr:postcode": "22844", "addr:street": "Ulzburger Stra\u00dfe", "amenity": "restaurant", "cuisine": "greek", "name": "Athena \"Mediterrane K\u00fcche\"", "opening_hours": "Tu-Su 17:00-22:00", "phone": "+49 40 5224716", "website": "https://www.athena-das-restaurant.de", "osm_id": 7756487574, "tile_500": "NO_E565500_N5953500_500", "tile_250": "NO_E565750_N5953750_250", "shop": "", "public_transport": "", "railway": ""}}, {"type": "Feature", "geometry": {"type": "Point", "coordinates": [565732.7734185462, 5954209.1310915565]}, "properties": {"addr:city": "Norderstedt", "addr:housenumber": "593", "addr:postcode": "22844", "addr:street": "Ulzburger Stra\u00dfe", "amenity": "restaurant", "indoor_seating": "yes", "name": "Rio Grande", "opening_hours": "Mo-Su 11:30-24:00", "opening_hours:covid19": "restricted", "outdoor_seating": "yes", "phone": "+49 40 52208808", "website": "http://www.r-grande.eu/", "osm_id": 7757281961, "tile_500": "NO_E565500_N5954000_500", "tile_250": "NO_E565500_N5954000_250", "shop": "", "public_transport": "", "railway": ""}}, {"type": "Feature", "geometry": {"type": "Point", "coordinates": [565051.1139586255, 5946289.356786674]}, "properties": {"bus": "yes", "name": "Garstedt, Gutenbergring 26", "network": "HVV", "public_transport": "stop_position", "osm_id": 7771374887, "tile_500": "NO_E565000_N5946000_500", "tile_250": "NO_E565000_N5946250_250", "amenity": "", "shop": "", "railway": ""}}, {"type": "Feature", "geometry": {"type": "Point", "coordinates": [565035.6801535224, 5946237.424614001]}, "properties": {"bus": "yes", "name": "Garstedt, Gutenbergring 26", "network": "HVV", "public_transport": "stop_position", "osm_id": 7771374888, "tile_500": "NO_E565000_N5946000_500", "tile_250": "NO_E565000_N5946000_250", "amenity": "", "shop": "", "railway": ""}}, {"type": "Feature", "geometry": {"type": "Point", "coordinates": [566217.2244762728, 5953251.094728106]}, "properties": {"amenity": "kindergarten", "name": "Kita Albert Schweitzer", "operator": "Ev.-Luth. Kita-Werk Hamburg-West/S\u00fcdholstein", "osm_id": 7791958010, "tile_500": "NO_E566000_N5953000_500", "tile_250": "NO_E566000_N5953250_250", "shop": "", "public_transport": "", "railway": ""}}, {"type": "Feature", "geometry": {"type": "Point", "coordinates": [565700.6771510902, 5946675.5345298005]}, "properties": {"addr:city": "Hamburg", "addr:housenumber": "19", "addr:postcode": "22419", "addr:street": "Tarpen", "brand": "Nur Hier", "brand:wikidata": "Q107985207", "indoor_seating": "yes", "level": "0", "name": "Nur Hier", "opening_hours": "Mo-Sa 08:00-20:00", "operator": "Nur Hier", "outdoor_seating": "street", "phone": "+49 40 53326150", "shop": "bakery", "wheelchair": "yes", "osm_id": 8009320830, "tile_500": "NO_E565500_N5946500_500", "tile_250": "NO_E565500_N5946500_250", "amenity": "", "public_transport": "", "railway": ""}}, {"type": "Feature", "geometry": {"type": "Point", "coordinates": [566516.7207913467, 5951147.167283189]}, "properties": {"amenity": "fast_food", "osm_id": 8044778669, "tile_500": "NO_E566500_N5951000_500", "tile_250": "NO_E566500_N5951000_250", "name": "", "shop": "", "public_transport": "", "railway": ""}}, {"type": "Feature", "geometry": {"type": "Point", "coordinates": [565753.4483382412, 5956531.43424558]}, "properties": {"amenity": "bank", "atm": "yes", "check_date:opening_hours": "2025-08-07", "name": "Mobile Filiale Station Henstedt-Rhen", "opening_hours": "Th 13:00-16:00", "operator": "Sparkasse S\u00fcdholstein", "osm_id": 8168538882, "tile_500": "NO_E565500_N5956500_500", "tile_250": "NO_E565750_N5956500_250", "shop": "", "public_transport": "", "railway": ""}}, {"type": "Feature", "geometry": {"type": "Point", "coordinates": [565111.4535772825, 5954292.370117911]}, "properties": {"bus": "yes", "name": "Friedrichsgabe, Hermann-Klingenberg-Ring", "network": "HVV", "public_transport": "stop_position", "osm_id": 8327572550, "tile_500": "NO_E565000_N5954000_500", "tile_250": "NO_E565000_N5954250_250", "amenity": "", "shop": "", "railway": ""}}, {"type": "Feature", "geometry": {"type": "Point", "coordinates": [565873.0903876681, 5951266.851079924]}, "properties": {"bus": "yes", "name": "Harksheide, Alter Kirchenweg", "public_transport": "stop_position", "osm_id": 8328616465, "tile_500": "NO_E565500_N5951000_500", "tile_250": "NO_E565750_N5951250_250", "amenity": "", "shop": "", "railway": ""}}, {"type": "Feature", "geometry": {"type": "Point", "coordinates": [565646.6062947735, 5950435.726379242]}, "properties": {"bus": "yes", "name": "Garstedt, Buchenweg (Ost)", "public_transport": "stop_position", "osm_id": 8328616466, "tile_500": "NO_E565500_N5950000_500", "tile_250": "NO_E565500_N5950250_250", "amenity": "", "shop": "", "railway": ""}}, {"type": "Feature", "geometry": {"type": "Point", "coordinates": [565701.8242009133, 5948578.109388823]}, "properties": {"bus": "yes", "name": "Garstedt, G\u00f6rlitzer Weg", "public_transport": "stop_position", "osm_id": 8328616467, "tile_500": "NO_E565500_N5948500_500", "tile_250": "NO_E565500_N5948500_250", "amenity": "", "shop": "", "railway": ""}}, {"type": "Feature", "geometry": {"type": "Point", "coordinates": [565737.9529010117, 5949698.439679301]}, "properties": {"bus": "yes", "name": "Garstedt, Marommer Stra\u00dfe (Ost)", "public_transport": "stop_position", "osm_id": 8328616468, "tile_500": "NO_E565500_N5949500_500", "tile_250": "NO_E565500_N5949500_250", "amenity": "", "shop": "", "railway": ""}}, {"type": "Feature", "geometry": {"type": "Point", "coordinates": [565644.6132945631, 5950415.814263871]}, "properties": {"bus": "yes", "name": "Garstedt, Buchenweg (Ost)", "public_transport": "stop_position", "osm_id": 8328616469, "tile_500": "NO_E565500_N5950000_500", "tile_250": "NO_E565500_N5950250_250", "amenity": "", "shop": "", "railway": ""}}, {"type": "Feature", "geometry": {"type": "Point", "coordinates": [565639.5476376379, 5950763.344915933]}, "properties": {"bus": "yes", "name": "Garstedt, Ulzburger Stra\u00dfe 186", "public_transport": "stop_position", "osm_id": 8328616470, "tile_500": "NO_E565500_N5950500_500", "tile_250": "NO_E565500_N5950750_250", "amenity": "", "shop": "", "railway": ""}}, {"type": "Feature", "geometry": {"type": "Point", "coordinates": [566893.9484296783, 5953008.389355453]}, "properties": {"bus": "yes", "name": "Harksheide, St\u00fcberg", "network": "HVV", "public_transport": "stop_position", "osm_id": 8328616471, "tile_500": "NO_E566500_N5953000_500", "tile_250": "NO_E566750_N5953000_250", "amenity": "", "shop": "", "railway": ""}}, {"type": "Feature", "geometry": {"type": "Point", "coordinates": [564623.3509753308, 5948704.4808859285]}, "properties": {"bus": "yes", "name": "Garstedt, Achternfelde", "public_transport": "stop_position", "osm_id": 8355498255, "tile_500": "NO_E564500_N5948500_500", "tile_250": "NO_E564500_N5948500_250", "amenity": "", "shop": "", "railway": ""}}, {"type": "Feature", "geometry": {"type": "Point", "coordinates": [564363.2779539032, 5948693.198017422]}, "properties": {"bus": "yes", "name": "Garstedt, Friedrich-Ebert-Stra\u00dfe", "public_transport": "stop_position", "osm_id": 8355498256, "tile_500": "NO_E564000_N5948500_500", "tile_250": "NO_E564250_N5948500_250", "amenity": "", "shop": "", "railway": ""}}, {"type": "Feature", "geometry": {"type": "Point", "coordinates": [564073.0963273982, 5948504.676441064]}, "properties": {"bus": "yes", "name": "Garstedt, Meyertwiete", "public_transport": "stop_position", "osm_id": 8355498257, "tile_500": "NO_E564000_N5948500_500", "tile_250": "NO_E564000_N5948500_250", "amenity": "", "shop": "", "railway": ""}}, {"type": "Feature", "geometry": {"type": "Point", "coordinates": [563990.7575025003, 5947516.641229105]}, "properties": {"bus": "yes", "name": "Garstedt, Heuberg", "public_transport": "stop_position", "osm_id": 8355498258, "tile_500": "NO_E563500_N5947500_500", "tile_250": "NO_E563750_N5947500_250", "amenity": "", "shop": "", "railway": ""}}, {"type": "Feature", "geometry": {"type": "Point", "coordinates": [570103.4215832249, 5955519.960663526]}, "properties": {"bus": "yes", "name": "Wilstedt, Achtern Diek", "public_transport": "stop_position", "osm_id": 8494033237, "tile_500": "NO_E570000_N5955500_500", "tile_250": "NO_E570000_N5955500_250", "amenity": "", "shop": "", "railway": ""}}, {"type": "Feature", "geometry": {"type": "Point", "coordinates": [570108.1843153297, 5955599.7381171705]}, "properties": {"bus": "yes", "name": "Wilstedt, Achtern Diek", "public_transport": "stop_position", "osm_id": 8494033238, "tile_500": "NO_E570000_N5955500_500", "tile_250": "NO_E570000_N5955500_250", "amenity": "", "shop": "", "railway": ""}}, {"type": "Feature", "geometry": {"type": "Point", "coordinates": [569975.2243695566, 5955705.330974732]}, "properties": {"bus": "yes", "name": "Wilstedt, Dorfring", "public_transport": "stop_position", "osm_id": 8494033239, "tile_500": "NO_E569500_N5955500_500", "tile_250": "NO_E569750_N5955500_250", "amenity": "", "shop": "", "railway": ""}}, {"type": "Feature", "geometry": {"type": "Point", "coordinates": [570133.2643007224, 5956203.268186816]}, "properties": {"bus": "yes", "name": "Wilstedt, Weg am Sportplatz", "public_transport": "stop_position", "osm_id": 8494033240, "tile_500": "NO_E570000_N5956000_500", "tile_250": "NO_E570000_N5956000_250", "amenity": "", "shop": "", "railway": ""}}, {"type": "Feature", "geometry": {"type": "Point", "coordinates": [566703.9174890263, 5950800.963943346]}, "properties": {"bus": "yes", "name": "Harksheide, Falkenbergschulen", "public_transport": "stop_position", "osm_id": 8496131505, "tile_500": "NO_E566500_N5950500_500", "tile_250": "NO_E566500_N5950750_250", "amenity": "", "shop": "", "railway": ""}}, {"type": "Feature", "geometry": {"type": "Point", "coordinates": [566495.4473420097, 5950993.020853785]}, "properties": {"bus": "yes", "name": "Harksheide, Fadens Tannen", "public_transport": "stop_position", "osm_id": 8497170858, "tile_500": "NO_E566000_N5950500_500", "tile_250": "NO_E566250_N5950750_250", "amenity": "", "shop": "", "railway": ""}}, {"type": "Feature", "geometry": {"type": "Point", "coordinates": [567522.742483269, 5951496.011381074]}, "properties": {"bus": "yes", "name": "Harksheide, Sch\u00fctzenwall", "public_transport": "stop_position", "osm_id": 8497170859, "tile_500": "NO_E567500_N5951000_500", "tile_250": "NO_E567500_N5951250_250", "amenity": "", "shop": "", "railway": ""}}, {"type": "Feature", "geometry": {"type": "Point", "coordinates": [569275.4442967146, 5950300.269401274]}, "properties": {"bus": "yes", "name": "Glash\u00fctte, Hofweg", "public_transport": "stop_position", "osm_id": 8500331016, "tile_500": "NO_E569000_N5950000_500", "tile_250": "NO_E569250_N5950250_250", "amenity": "", "shop": "", "railway": ""}}, {"type": "Feature", "geometry": {"type": "Point", "coordinates": [567866.6173658693, 5953711.469923996]}, "properties": {"bus": "yes", "name": "Wilstedt, Harksheider Stra\u00dfe (West)", "public_transport": "stop_position", "osm_id": 8504296227, "tile_500": "NO_E567500_N5953500_500", "tile_250": "NO_E567750_N5953500_250", "amenity": "", "shop": "", "railway": ""}}, {"type": "Feature", "geometry": {"type": "Point", "coordinates": [568693.8820549933, 5954538.655039601]}, "properties": {"bus": "yes", "name": "Wilstedt, Badesee Costa Kiesa", "public_transport": "stop_position", "osm_id": 8504296228, "tile_500": "NO_E568500_N5954500_500", "tile_250": "NO_E568500_N5954500_250", "amenity": "", "shop": "", "railway": ""}}, {"type": "Feature", "geometry": {"type": "Point", "coordinates": [566177.620036096, 5948208.01362794]}, "properties": {"addr:city": "Hamburg", "addr:housenumber": "666", "addr:postcode": "22419", "addr:street": "Langenhorner Chaussee", "brand": "Kolls", "brand:wikidata": "Q107151170", "check_date:opening_hours": "2025-03-04", "currency:EUR": "yes", "email": "info@baeckerei-kolls.de", "name": "Kolls im Rewe Markt", "opening_hours": "Mo-Sa 07:00-19:00; Su,PH off", "operator": "B\u00e4ckerei Konditorei Kolls GmbH", "payment:cash": "yes", "payment:coins": "yes", "phone": "+49 40 98761374", "shop": "bakery", "website": "https://www.baeckerei-kolls.de/filiale/langenhorn-l-chaussee-666/", "wheelchair": "yes", "osm_id": 8873119701, "tile_500": "NO_E566000_N5948000_500", "tile_250": "NO_E566000_N5948000_250", "amenity": "", "public_transport": "", "railway": ""}}, {"type": "Feature", "geometry": {"type": "Point", "coordinates": [565239.0107216089, 5947269.708809751]}, "properties": {"addr:city": "Norderstedt", "addr:housenumber": "51", "addr:postcode": "22848", "addr:street": "Rugenbarg", "amenity": "restaurant", "contact:phone": "+49 40 5230388", "contact:website": "https://www.royalgourmet-norderstedt.de/", "cuisine": "chinese;mongolian", "description": "All U Can Eat Buffet mittags 8,90\u20ac (mo-fr)", "name": "Royal Gourmet", "opening_hours": "Mo-Fr 11:30-15:00,17:30-23:30; Sa-Su 11:30-23:30", "osm_id": 8882274976, "tile_500": "NO_E565000_N5947000_500", "tile_250": "NO_E565000_N5947250_250", "shop": "", "public_transport": "", "railway": ""}}, {"type": "Feature", "geometry": {"type": "Point", "coordinates": [565719.6417210379, 5954338.200905752]}, "properties": {"bulk_purchase": "yes", "contact:phone": "+49 40 30981391", "contact:website": "https://die-waagschale.de/#main", "description": "Unverpackt-Laden", "name": "Hof Ehlers' Waagschale", "opening_hours": "Mo-Fr 09:00-18:00, Sa 09:00-14:00", "operator": "Kathrin Kahnert", "organic": "only", "shop": "supermarket", "wheelchair": "yes", "zero_waste": "yes", "osm_id": 9041923874, "tile_500": "NO_E565500_N5954000_500", "tile_250": "NO_E565500_N5954250_250", "amenity": "", "public_transport": "", "railway": ""}}, {"type": "Feature", "geometry": {"type": "Point", "coordinates": [564078.3079804052, 5948501.798880967]}, "properties": {"bus": "yes", "name": "Garstedt, Meyertwiete", "public_transport": "stop_position", "osm_id": 9196212815, "tile_500": "NO_E564000_N5948500_500", "tile_250": "NO_E564000_N5948500_250", "amenity": "", "shop": "", "railway": ""}}, {"type": "Feature", "geometry": {"type": "Point", "coordinates": [566504.7764345374, 5948673.02145618]}, "properties": {"addr:city": "Norderstedt", "addr:housenumber": "48", "addr:postcode": "22850", "addr:street": "Segeberger Chaussee", "amenity": "cafe", "check_date": "2022-11-29", "name": "Eichen Caf\u00e9", "opening_hours": "Mo-Fr 07:00-18:00; Sa 07:00-12:30; Su 07:00-17:00", "operator": "B\u00e4ckerei-Konditorei Nitt - Thomas Nitt", "phone": "+49 40 35730151", "shop": "bakery", "toilets:wheelchair": "yes;used", "website": "https://www.baeckerei-nitt.de/filialen/norderstedt/", "osm_id": 9197170798, "tile_500": "NO_E566500_N5948500_500", "tile_250": "NO_E566500_N5948500_250", "public_transport": "", "railway": ""}}, {"type": "Feature", "geometry": {"type": "Point", "coordinates": [564974.5062832274, 5953233.798758808]}, "properties": {"bus": "yes", "bus_routes": "394", "name": "Friedrichsgabe, Lawaetzstra\u00dfe (S\u00fcd)", "network": "HVV", "public_transport": "stop_position", "osm_id": 9200283115, "tile_500": "NO_E564500_N5953000_500", "tile_250": "NO_E564750_N5953000_250", "amenity": "", "shop": "", "railway": ""}}, {"type": "Feature", "geometry": {"type": "Point", "coordinates": [565737.9562501797, 5948582.019941514]}, "properties": {"bus": "yes", "name": "Garstedt, G\u00f6rlitzer Weg", "public_transport": "stop_position", "osm_id": 9210838272, "tile_500": "NO_E565500_N5948500_500", "tile_250": "NO_E565500_N5948500_250", "amenity": "", "shop": "", "railway": ""}}, {"type": "Feature", "geometry": {"type": "Point", "coordinates": [566404.35100471, 5949157.26808948]}, "properties": {"amenity": "kindergarten", "check_date": "2024-10-07", "name": "Evangelische Kindertagesst\u00e4tte Vicelin", "osm_id": 9429703650, "tile_500": "NO_E566000_N5949000_500", "tile_250": "NO_E566250_N5949000_250", "shop": "", "public_transport": "", "railway": ""}}, {"type": "Feature", "geometry": {"type": "Point", "coordinates": [564747.9070958192, 5954851.816524091]}, "properties": {"addr:housenumber": "153", "addr:street": "Beim Umspannwerk", "amenity": "fast_food", "cuisine": "german", "name": "Manu\u00b4s Kitchen", "website": "https://manu-s-kitchen.eatbu.com/", "osm_id": 9666226856, "tile_500": "NO_E564500_N5954500_500", "tile_250": "NO_E564500_N5954750_250", "shop": "", "public_transport": "", "railway": ""}}, {"type": "Feature", "geometry": {"type": "Point", "coordinates": [564692.6633574154, 5949477.277027117]}, "properties": {"addr:city": "Norderstedt", "addr:housenumber": "6", "addr:postcode": "22850", "addr:street": "Stettiner Stra\u00dfe", "amenity": "fast_food", "cuisine": "chinese;thai;japanese", "delivery": "yes", "email": "info@mekonglieferservice.de", "fax": "+49 40 52878018", "name": "Mekong Yensushi", "opening_hours": "Mo-Th 11:00-15:00,17:30-22:00; Fr 11:00-15:00,17:30-22:30; Sa 13:00-22:30; Su,PH 12:00-22:00", "operator": "Satnam Singh Sidhu", "phone": "+49 40 52878036", "ref:vatin": "DE1117301954", "takeaway": "yes", "website": "https://mekonglieferservice.de/", "osm_id": 9738445215, "tile_500": "NO_E564500_N5949000_500", "tile_250": "NO_E564500_N5949250_250", "shop": "", "public_transport": "", "railway": ""}}, {"type": "Feature", "geometry": {"type": "Point", "coordinates": [567186.2855943199, 5951692.050447322]}, "properties": {"addr:city": "Norderstedt", "addr:housenumber": "33-41", "addr:postcode": "22844", "addr:street": "Stormarnstra\u00dfe", "amenity": "fast_food", "cuisine": "german", "name": "Gaumenschmaus H\u00e4hnchengrill", "opening_hours": "Th-Fr 10:00-20:00", "osm_id": 9738688914, "tile_500": "NO_E567000_N5951500_500", "tile_250": "NO_E567000_N5951500_250", "shop": "", "public_transport": "", "railway": ""}}, {"type": "Feature", "geometry": {"type": "Point", "coordinates": [566518.1083100709, 5951155.476731642]}, "properties": {"addr:city": "Norderstedt", "addr:housenumber": "33", "addr:postcode": "22844", "addr:street": "Alter Kirchenweg", "contact:facebook": "https://www.facebook.com/Demir-B%C3%A4ckerei-109285000826968/", "contact:mobile": "+49 176 22644566", "email": "tatliciburcin81@gmail.com", "name": "Demir", "opening_hours": "Mo-Fr 07:00-18:00; Sa 07:00-17:00; Su 08:00-16:00", "operator": "Burcin Tatlici", "payment:credit_cards": "no", "payment:debit_cards": "yes", "phone": "+49 40 30850238", "shop": "bakery", "wheelchair": "yes", "osm_id": 9738688923, "tile_500": "NO_E566500_N5951000_500", "tile_250": "NO_E566500_N5951000_250", "amenity": "", "public_transport": "", "railway": ""}}, {"type": "Feature", "geometry": {"type": "Point", "coordinates": [565057.1843459733, 5948910.725654949]}, "properties": {"amenity": "restaurant", "cuisine": "burger", "indoor_seating": "yes", "name": "The Burger Factory", "name:en": "Crossover", "opening_hours": "Mo-Th 11:30-20:00; Fr,Sa 15:00-21:00; Su 16:30-21:00", "outdoor_seating": "no", "osm_id": 9881024322, "tile_500": "NO_E565000_N5948500_500", "tile_250": "NO_E565000_N5948750_250", "shop": "", "public_transport": "", "railway": ""}}, {"type": "Feature", "geometry": {"type": "Point", "coordinates": [565472.5682313235, 5951433.037422403]}, "properties": {"amenity": "restaurant", "check_date:opening_hours": "2026-05-31", "cuisine": "italian", "indoor_seating": "yes", "name": "La Piazza", "opening_hours": "Mo-Fr 12:00-14:30,17:00-22:00; Sa 17:00+; Su off", "outdoor_seating": "yes", "payment:credit_cards": "no", "payment:debit_cards": "yes", "osm_id": 9930293828, "tile_500": "NO_E565000_N5951000_500", "tile_250": "NO_E565250_N5951250_250", "shop": "", "public_transport": "", "railway": ""}}, {"type": "Feature", "geometry": {"type": "Point", "coordinates": [565875.8096423554, 5953121.505018896]}, "properties": {"brand": "Mix Markt", "brand:wikidata": "Q327854", "level": "0", "name": "Mix Markt", "shop": "supermarket", "osm_id": 9972560104, "tile_500": "NO_E565500_N5953000_500", "tile_250": "NO_E565750_N5953000_250", "amenity": "", "public_transport": "", "railway": ""}}, {"type": "Feature", "geometry": {"type": "Point", "coordinates": [568664.889515759, 5949271.78005732]}, "properties": {"addr:city": "Norderstedt", "addr:housenumber": "62", "addr:postcode": "22851", "addr:street": "Mittelstra\u00dfe", "amenity": "cafe", "check_date": "2022-11-29", "name": "Caf\u00e9 am Glash\u00fctter Markt", "opening_hours": "Mo-Fr 07:00-18:00; Sa 07:00-14:00; Su 07:00-13:00", "operator": "B\u00e4ckerei-Konditorei Nitt", "phone": "+49 40 94361336", "shop": "bakery", "website": "https://www.baeckerei-nitt.de/filialen/norderstedt/", "osm_id": 10152878101, "tile_500": "NO_E568500_N5949000_500", "tile_250": "NO_E568500_N5949250_250", "public_transport": "", "railway": ""}}, {"type": "Feature", "geometry": {"type": "Point", "coordinates": [567839.965903667, 5949918.911442933]}, "properties": {"amenity": "police", "name": "Revier Norderstedt Ost", "osm_id": 10152878102, "tile_500": "NO_E567500_N5949500_500", "tile_250": "NO_E567750_N5949750_250", "shop": "", "public_transport": "", "railway": ""}}, {"type": "Feature", "geometry": {"type": "Point", "coordinates": [564543.5937422527, 5956596.858663198]}, "properties": {"bus": "yes", "name": "A Meeschensee", "public_transport": "stop_position", "osm_id": 10197604985, "tile_500": "NO_E564500_N5956500_500", "tile_250": "NO_E564500_N5956500_250", "amenity": "", "shop": "", "railway": ""}}, {"type": "Feature", "geometry": {"type": "Point", "coordinates": [564551.1916234823, 5956602.048507392]}, "properties": {"bus": "yes", "name": "A Meeschensee", "public_transport": "stop_position", "osm_id": 10197604986, "tile_500": "NO_E564500_N5956500_500", "tile_250": "NO_E564500_N5956500_250", "amenity": "", "shop": "", "railway": ""}}, {"type": "Feature", "geometry": {"type": "Point", "coordinates": [566072.1216917683, 5948473.869162005]}, "properties": {"addr:city": "Hamburg", "addr:housenumber": "679", "addr:postcode": "22419", "addr:street": "Langenhorner Chaussee", "amenity": "restaurant", "cuisine": "sushi", "email": "ayhan@saito-sushi.de", "name": "Saito Sushi", "operator": "XXL Burger GmbH - Yasharov Bedri", "phone": "+49 40 54757179", "source": "https://www.saito-sushi.de/info/impressum.html", "takeaway": "only", "website": "https://www.saito-sushi.de/", "osm_id": 10224540165, "tile_500": "NO_E566000_N5948000_500", "tile_250": "NO_E566000_N5948250_250", "shop": "", "public_transport": "", "railway": ""}}, {"type": "Feature", "geometry": {"type": "Point", "coordinates": [565943.0872574116, 5956444.102813404]}, "properties": {"bus": "yes", "name": "Rhen, Lessingstra\u00dfe", "public_transport": "stop_position", "osm_id": 10249690212, "tile_500": "NO_E565500_N5956000_500", "tile_250": "NO_E565750_N5956250_250", "amenity": "", "shop": "", "railway": ""}}, {"type": "Feature", "geometry": {"type": "Point", "coordinates": [565567.5381667922, 5956884.277540174]}, "properties": {"bus": "yes", "name": "Rhen, Klaus-Groth-Stra\u00dfe", "public_transport": "stop_position", "osm_id": 10249690216, "tile_500": "NO_E565500_N5956500_500", "tile_250": "NO_E565500_N5956750_250", "amenity": "", "shop": "", "railway": ""}}, {"type": "Feature", "geometry": {"type": "Point", "coordinates": [565558.1617759621, 5956887.540096027]}, "properties": {"bus": "yes", "name": "Rhen, Klaus-Groth-Stra\u00dfe", "public_transport": "stop_position", "osm_id": 10249690217, "tile_500": "NO_E565500_N5956500_500", "tile_250": "NO_E565500_N5956750_250", "amenity": "", "shop": "", "railway": ""}}, {"type": "Feature", "geometry": {"type": "Point", "coordinates": [565289.441585893, 5956666.337386535]}, "properties": {"bus": "yes", "name": "Rhen, Rondeel", "public_transport": "stop_position", "osm_id": 10249690219, "tile_500": "NO_E565000_N5956500_500", "tile_250": "NO_E565250_N5956500_250", "amenity": "", "shop": "", "railway": ""}}, {"type": "Feature", "geometry": {"type": "Point", "coordinates": [563782.3238606028, 5956452.737035873]}, "properties": {"bus": "yes", "name": "Quickborn-Heide, Kiefernhain", "public_transport": "stop_position", "osm_id": 10249690223, "tile_500": "NO_E563500_N5956000_500", "tile_250": "NO_E563750_N5956250_250", "amenity": "", "shop": "", "railway": ""}}, {"type": "Feature", "geometry": {"type": "Point", "coordinates": [563536.230453994, 5955975.286487299]}, "properties": {"bus": "yes", "name": "Quickborn-Heide, Heideweg", "public_transport": "stop_position", "osm_id": 10249690224, "tile_500": "NO_E563500_N5955500_500", "tile_250": "NO_E563500_N5955750_250", "amenity": "", "shop": "", "railway": ""}}, {"type": "Feature", "geometry": {"type": "Point", "coordinates": [563247.6607959089, 5956071.370153842]}, "properties": {"bus": "yes", "name": "Quickborn-Heide, Hermann-L\u00f6ns-Stra\u00dfe (West)", "public_transport": "stop_position", "osm_id": 10249690226, "tile_500": "NO_E563000_N5956000_500", "tile_250": "NO_E563000_N5956000_250", "amenity": "", "shop": "", "railway": ""}}, {"type": "Feature", "geometry": {"type": "Point", "coordinates": [565759.9868232161, 5948811.736585213]}, "properties": {"addr:city": "Norderstedt", "addr:housenumber": "17h", "addr:postcode": "22850", "addr:street": "Breslauer Stra\u00dfe", "amenity": "restaurant", "check_date:opening_hours": "2024-09-18", "cuisine": "sushi", "name": "Yoko Sushi", "opening_hours": "Mo-Fr 11:00-22:00; Sa-Su 12:00-22:00", "payment:credit_cards": "no", "payment:debit_cards": "yes", "phone": "+49 40 94366738", "website": "https://www.yoko.de/restaurants/", "osm_id": 10278231475, "tile_500": "NO_E565500_N5948500_500", "tile_250": "NO_E565750_N5948750_250", "shop": "", "public_transport": "", "railway": ""}}, {"type": "Feature", "geometry": {"type": "Point", "coordinates": [566541.2000234177, 5950890.764926918]}, "properties": {"amenity": "restaurant", "name": "Sportlerheim", "osm_id": 10280980615, "tile_500": "NO_E566500_N5950500_500", "tile_250": "NO_E566500_N5950750_250", "shop": "", "public_transport": "", "railway": ""}}, {"type": "Feature", "geometry": {"type": "Point", "coordinates": [564628.064910727, 5947922.145552418]}, "properties": {"addr:city": "Norderstedt", "addr:housenumber": "55", "addr:postcode": "22848", "addr:street": "Scharpenmoor", "amenity": "restaurant", "cuisine": "german", "name": "Sportlounge", "opening_hours": "Mo-Su 11:00-21:00", "operator": "Andrea K\u00e4hler-Heidorn", "phone": "+49 160 97619816", "website": "https://www.1-sc-norderstedt.de/sportlounge", "osm_id": 10295053321, "tile_500": "NO_E564500_N5947500_500", "tile_250": "NO_E564500_N5947750_250", "shop": "", "public_transport": "", "railway": ""}}, {"type": "Feature", "geometry": {"type": "Point", "coordinates": [562217.758994557, 5956714.499936157]}, "properties": {"bus": "yes", "name": "A Tanneneck", "public_transport": "stop_position", "osm_id": 10295492566, "tile_500": "NO_E562000_N5956500_500", "tile_250": "NO_E562000_N5956500_250", "amenity": "", "shop": "", "railway": ""}}, {"type": "Feature", "geometry": {"type": "Point", "coordinates": [562176.7942721321, 5956683.311897412]}, "properties": {"bus": "yes", "name": "A Tanneneck", "public_transport": "stop_position", "osm_id": 10295492568, "tile_500": "NO_E562000_N5956500_500", "tile_250": "NO_E562000_N5956500_250", "amenity": "", "shop": "", "railway": ""}}, {"type": "Feature", "geometry": {"type": "Point", "coordinates": [565029.8020531986, 5947561.164102279]}, "properties": {"addr:city": "Norderstedt", "addr:housenumber": "138", "addr:postcode": "22848", "addr:street": "Ohechaussee", "amenity": "restaurant", "check_date": "2026-03-15", "cuisine": "burger;dessert", "diet:vegan": "yes", "diet:vegetarian": "yes", "email": "kontakt@mos-restaurant.de", "level": "0", "lunch:menu": "Mo-Fr 11:30-15:30", "name": "Mo's Burger", "opening_hours": "Mo-Su 11:30-22:00", "phone": "+49 40 528 22 99", "toilets": "yes", "website": "https://www.mos-restaurant.de", "osm_id": 10297197531, "tile_500": "NO_E565000_N5947500_500", "tile_250": "NO_E565000_N5947500_250", "shop": "", "public_transport": "", "railway": ""}}, {"type": "Feature", "geometry": {"type": "Point", "coordinates": [562081.3081390602, 5955438.749383283]}, "properties": {"bus": "yes", "name": "Quickborn-Heide, Pascalkehre", "public_transport": "stop_position", "osm_id": 10311972459, "tile_500": "NO_E562000_N5955000_500", "tile_250": "NO_E562000_N5955250_250", "amenity": "", "shop": "", "railway": ""}}, {"type": "Feature", "geometry": {"type": "Point", "coordinates": [564480.6055703533, 5946474.7155498555]}, "properties": {"bus": "yes", "name": "Garstedt, Niendorfer Stra\u00dfe (Mitte)", "network": "Hamburger Verkehrsverbund", "public_transport": "stop_position", "ref": "360379", "osm_id": 10414936912, "tile_500": "NO_E564000_N5946000_500", "tile_250": "NO_E564250_N5946250_250", "amenity": "", "shop": "", "railway": ""}}, {"type": "Feature", "geometry": {"type": "Point", "coordinates": [563742.2268311548, 5948784.169210668]}, "properties": {"bus": "yes", "name": "Garstedt, Kornhoop", "public_transport": "stop_position", "osm_id": 10579157135, "tile_500": "NO_E563500_N5948500_500", "tile_250": "NO_E563500_N5948750_250", "amenity": "", "shop": "", "railway": ""}}, {"type": "Feature", "geometry": {"type": "Point", "coordinates": [562915.578454904, 5949121.718752625]}, "properties": {"bus": "yes", "name": "Garstedt, Schierkamp", "public_transport": "stop_position", "osm_id": 10579157136, "tile_500": "NO_E562500_N5949000_500", "tile_250": "NO_E562750_N5949000_250", "amenity": "", "shop": "", "railway": ""}}, {"type": "Feature", "geometry": {"type": "Point", "coordinates": [562929.1045248965, 5949110.939919154]}, "properties": {"bus": "yes", "name": "Garstedt, Schierkamp", "public_transport": "stop_position", "osm_id": 10579157137, "tile_500": "NO_E562500_N5949000_500", "tile_250": "NO_E562750_N5949000_250", "amenity": "", "shop": "", "railway": ""}}, {"type": "Feature", "geometry": {"type": "Point", "coordinates": [568097.4557925278, 5948770.199559015]}, "properties": {"addr:city": "Norderstedt", "addr:country": "DE", "addr:housenumber": "559", "addr:postcode": "22851", "addr:street": "Tangstedter Landstra\u00dfe", "amenity": "restaurant", "check_date:opening_hours": "2022-11-29", "cuisine": "greek", "email": "info@kalion-online.de", "name": "KALION Greek Restaurant", "opening_hours": "Mo,We-Sa 16:00-22:00; Su 12:00-21:00, Tu OFF", "phone": "+49 40 52 90 12 20", "website": "https://kalion-online.de/", "osm_id": 10580002284, "tile_500": "NO_E568000_N5948500_500", "tile_250": "NO_E568000_N5948750_250", "shop": "", "public_transport": "", "railway": ""}}, {"type": "Feature", "geometry": {"type": "Point", "coordinates": [568093.5148652641, 5948781.85941562]}, "properties": {"addr:city": "Norderstedt", "addr:housenumber": "557", "addr:postcode": "22851", "addr:street": "Tangstedter Landstra\u00dfe", "amenity": "kindergarten", "name": "Krippe Ministerne", "opening_hours": "Mo-Fr 06:30-17:30", "operator": "Stadt Norderstedt", "operator:type": "public", "phone": "+49 40 60920216", "website": "https://www.norderstedt.de/Soziales-und-Familie/Kinderbetreuung/Krippen-und-Kindergartenplatz-finden/St%C3%A4dtische-Krippen-Kinderg%C3%A4rten-und-Schulhorte/Krippe-Ministerne", "osm_id": 10580002291, "tile_500": "NO_E568000_N5948500_500", "tile_250": "NO_E568000_N5948750_250", "shop": "", "public_transport": "", "railway": ""}}, {"type": "Feature", "geometry": {"type": "Point", "coordinates": [564828.6192195889, 5948531.82486069]}, "properties": {"addr:city": "Norderstedt", "addr:housenumber": "8", "addr:postcode": "22848", "addr:street": "Tannenhofstra\u00dfe", "amenity": "fast_food", "check_date:opening_hours": "2023-04-14", "cuisine": "pizza", "name": "Speedy's Pizzaservice", "opening_hours": "Mo-Th 11:00-14:30,17:00-22:00; Fr 11:00-14:30,17:00-22:30; Sa 16:00-22:30; Su 12:00-22:00", "operator": "Lakwinder Multani", "phone": "+49 40 52878651", "website": "https://www.speedys-pizza.de", "osm_id": 10812523121, "tile_500": "NO_E564500_N5948500_500", "tile_250": "NO_E564750_N5948500_250", "shop": "", "public_transport": "", "railway": ""}}, {"type": "Feature", "geometry": {"type": "Point", "coordinates": [565667.0966976348, 5955000.269508648]}, "properties": {"bus": "yes", "name": "Harksheide, Zwickm\u00f6hlen", "public_transport": "stop_position", "osm_id": 11062009370, "tile_500": "NO_E565500_N5955000_500", "tile_250": "NO_E565500_N5955000_250", "amenity": "", "shop": "", "railway": ""}}, {"type": "Feature", "geometry": {"type": "Point", "coordinates": [565059.2427277487, 5948801.252332597]}, "properties": {"amenity": "restaurant", "cuisine": "asian", "name": "L'Qu\u00e1n", "opening_hours": "Mo-Th 11:30-21:00; Fr-Sa 11:30-22:00; Su 14:00-21:00", "osm_id": 11134843736, "tile_500": "NO_E565000_N5948500_500", "tile_250": "NO_E565000_N5948750_250", "shop": "", "public_transport": "", "railway": ""}}, {"type": "Feature", "geometry": {"type": "Point", "coordinates": [566354.9126902263, 5951089.262466712]}, "properties": {"amenity": "kindergarten", "name": "KiTa Fl\u00fcgge Aadlers", "osm_id": 11302338939, "tile_500": "NO_E566000_N5951000_500", "tile_250": "NO_E566250_N5951000_250", "shop": "", "public_transport": "", "railway": ""}}, {"type": "Feature", "geometry": {"type": "Point", "coordinates": [565797.8361497056, 5954226.478854672]}, "properties": {"amenity": "restaurant", "cuisine": "indian", "indoor_seating": "yes", "name": "Haveli", "opening_hours": "Tu-Fr 12:00-15:00,17:00-22:00; Sa,Su 12:00-22:00; Mo off", "outdoor_seating": "yes", "website": "https://www.haveli-norderstedt.de", "osm_id": 11592719021, "tile_500": "NO_E565500_N5954000_500", "tile_250": "NO_E565750_N5954000_250", "shop": "", "public_transport": "", "railway": ""}}, {"type": "Feature", "geometry": {"type": "Point", "coordinates": [566180.4517373786, 5953874.825112487]}, "properties": {"addr:city": "Norderstedt", "addr:housenumber": "37", "addr:postcode": "22844", "addr:street": "M\u00fchlenweg", "amenity": "kindergarten", "name": "Kinderhaus Leege", "phone": "+49 40 5227204", "osm_id": 11927777172, "tile_500": "NO_E566000_N5953500_500", "tile_250": "NO_E566000_N5953750_250", "shop": "", "public_transport": "", "railway": ""}}, {"type": "Feature", "geometry": {"type": "Point", "coordinates": [565289.4179256872, 5951391.974048513]}, "properties": {"brand": "Denns BioMarkt", "brand:wikidata": "Q48883773", "contact:website": "https://www.biomarkt.de/norderstedt-rathausallee-35-39/marktseite/", "name": "Denns BioMarkt", "opening_hours": "Mo-Sa 08:00-20:00; Su, PH off", "operator": "Dennree GmbH", "operator:wikidata": "Q1189641", "organic": "only", "shop": "supermarket", "osm_id": 11933236063, "tile_500": "NO_E565000_N5951000_500", "tile_250": "NO_E565250_N5951250_250", "amenity": "", "public_transport": "", "railway": ""}}, {"type": "Feature", "geometry": {"type": "Point", "coordinates": [567187.4380567656, 5951689.9416449005]}, "properties": {"addr:city": "Norderstedt", "addr:housenumber": "33-41", "addr:postcode": "22844", "addr:street": "Stormarnstra\u00dfe", "amenity": "fast_food", "name": "Griechische Spezialit\u00e4ten", "osm_id": 11950662287, "tile_500": "NO_E567000_N5951500_500", "tile_250": "NO_E567000_N5951500_250", "shop": "", "public_transport": "", "railway": ""}}, {"type": "Feature", "geometry": {"type": "Point", "coordinates": [567185.2672076506, 5951694.016515699]}, "properties": {"addr:city": "Norderstedt", "addr:housenumber": "33-41", "addr:postcode": "22844", "addr:street": "Stormarnstra\u00dfe", "amenity": "fast_food", "cuisine": "turkish", "name": "Kesko's Kebab", "opening_hours": "Mo-Sa 11:00-20:00", "osm_id": 11950668653, "tile_500": "NO_E567000_N5951500_500", "tile_250": "NO_E567000_N5951500_250", "shop": "", "public_transport": "", "railway": ""}}, {"type": "Feature", "geometry": {"type": "Point", "coordinates": [566563.0237520095, 5951066.56181085]}, "properties": {"amenity": "bank", "name": "VR Bank in Holstein", "opening_hours": "Mo-We 09:00-12:30, Tu 14:30-18:00", "osm_id": 11954127647, "tile_500": "NO_E566500_N5951000_500", "tile_250": "NO_E566500_N5951000_250", "shop": "", "public_transport": "", "railway": ""}}, {"type": "Feature", "geometry": {"type": "Point", "coordinates": [565689.4604398385, 5949899.295871073]}, "properties": {"amenity": "fast_food", "brand": "Pizza Max", "brand:wikidata": "Q114189329", "cuisine": "pizza", "diet:vegan": "no", "diet:vegetarian": "yes", "name": "Pizza Max", "opening_hours": "Mo-Th 11:00-22:30; Fr 11:00-23:00; Sa 12:00-23:00; Su 12:00-22:30; PH 12:00-22:30", "takeaway": "yes", "osm_id": 11962981211, "tile_500": "NO_E565500_N5949500_500", "tile_250": "NO_E565500_N5949750_250", "shop": "", "public_transport": "", "railway": ""}}, {"type": "Feature", "geometry": {"type": "Point", "coordinates": [568451.3143080409, 5949327.202067395]}, "properties": {"bus": "yes", "name": "Glash\u00fctte, ZOB", "public_transport": "stop_position", "osm_id": 11964366674, "tile_500": "NO_E568000_N5949000_500", "tile_250": "NO_E568250_N5949250_250", "amenity": "", "shop": "", "railway": ""}}, {"type": "Feature", "geometry": {"type": "Point", "coordinates": [566556.3749583754, 5953338.0935540395]}, "properties": {"bus": "yes", "name": "Harksheide, Johann-Hinrich-Wichern-Stra\u00dfe", "public_transport": "stop_position", "osm_id": 11964575363, "tile_500": "NO_E566500_N5953000_500", "tile_250": "NO_E566500_N5953250_250", "amenity": "", "shop": "", "railway": ""}}, {"type": "Feature", "geometry": {"type": "Point", "coordinates": [566256.5009473112, 5953394.645772031]}, "properties": {"bus": "yes", "name": "Harksheide, Harckesstieg", "public_transport": "stop_position", "osm_id": 11964575365, "tile_500": "NO_E566000_N5953000_500", "tile_250": "NO_E566250_N5953250_250", "amenity": "", "shop": "", "railway": ""}}, {"type": "Feature", "geometry": {"type": "Point", "coordinates": [567122.2086766405, 5953246.013981737]}, "properties": {"bus": "yes", "name": "Harksheide, Falkenbergstra\u00dfe (Nord)", "public_transport": "stop_position", "osm_id": 11964628855, "tile_500": "NO_E567000_N5953000_500", "tile_250": "NO_E567000_N5953000_250", "amenity": "", "shop": "", "railway": ""}}, {"type": "Feature", "geometry": {"type": "Point", "coordinates": [565913.5896367909, 5953208.494457884]}, "properties": {"bus": "yes", "name": "Friedrichsgabe, Harckesheyde (West)", "public_transport": "stop_position", "osm_id": 11964631921, "tile_500": "NO_E565500_N5953000_500", "tile_250": "NO_E565750_N5953000_250", "amenity": "", "shop": "", "railway": ""}}, {"type": "Feature", "geometry": {"type": "Point", "coordinates": [566273.5289708353, 5956272.832824405]}, "properties": {"bus": "yes", "name": "Rhen, Tannenweg", "public_transport": "stop_position", "osm_id": 12076724593, "tile_500": "NO_E566000_N5956000_500", "tile_250": "NO_E566250_N5956250_250", "amenity": "", "shop": "", "railway": ""}}, {"type": "Feature", "geometry": {"type": "Point", "coordinates": [562173.8539545563, 5955713.836185244]}, "properties": {"bus": "yes", "name": "Quickborn-Heide, Grandweg", "public_transport": "stop_position", "osm_id": 12079707914, "tile_500": "NO_E562000_N5955500_500", "tile_250": "NO_E562000_N5955500_250", "amenity": "", "shop": "", "railway": ""}}, {"type": "Feature", "geometry": {"type": "Point", "coordinates": [565182.8405109006, 5952530.448031903]}, "properties": {"bus": "yes", "name": "Friedrichsgabe, Habichtweg", "public_transport": "stop_position", "osm_id": 12086851080, "tile_500": "NO_E565000_N5952500_500", "tile_250": "NO_E565000_N5952500_250", "amenity": "", "shop": "", "railway": ""}}, {"type": "Feature", "geometry": {"type": "Point", "coordinates": [565182.4452814492, 5952565.059183292]}, "properties": {"bus": "yes", "name": "Friedrichsgabe, Habichtweg", "public_transport": "stop_position", "osm_id": 12086851081, "tile_500": "NO_E565000_N5952500_500", "tile_250": "NO_E565000_N5952500_250", "amenity": "", "shop": "", "railway": ""}}, {"type": "Feature", "geometry": {"type": "Point", "coordinates": [564989.2487697657, 5952538.054088554]}, "properties": {"bus": "yes", "name": "Friedrichsgabe, Syltkuhlen", "public_transport": "stop_position", "osm_id": 12086851082, "tile_500": "NO_E564500_N5952500_500", "tile_250": "NO_E564750_N5952500_250", "amenity": "", "shop": "", "railway": ""}}, {"type": "Feature", "geometry": {"type": "Point", "coordinates": [565512.9506992716, 5952010.756736921]}, "properties": {"amenity": "restaurant", "cuisine": "greek", "name": "Ilios", "website": "https://www.tavernailios.de/", "osm_id": 12138038628, "tile_500": "NO_E565500_N5952000_500", "tile_250": "NO_E565500_N5952000_250", "shop": "", "public_transport": "", "railway": ""}}, {"type": "Feature", "geometry": {"type": "Point", "coordinates": [565577.5639265287, 5952339.177274374]}, "properties": {"amenity": "fast_food", "fast_food": "cafeteria", "name": "Mensa Schulzentrum", "osm_id": 12231056486, "tile_500": "NO_E565500_N5952000_500", "tile_250": "NO_E565500_N5952250_250", "shop": "", "public_transport": "", "railway": ""}}, {"type": "Feature", "geometry": {"type": "Point", "coordinates": [567984.6616116763, 5949941.211984941]}, "properties": {"bus": "yes", "name": "Glash\u00fctte, Eiderstra\u00dfe", "public_transport": "stop_position", "osm_id": 12461266476, "tile_500": "NO_E567500_N5949500_500", "tile_250": "NO_E567750_N5949750_250", "amenity": "", "shop": "", "railway": ""}}, {"type": "Feature", "geometry": {"type": "Point", "coordinates": [567531.1952067695, 5949685.571662461]}, "properties": {"bus": "yes", "name": "Glash\u00fctte, J\u00e4gerlauf", "public_transport": "stop_position", "osm_id": 12461266481, "tile_500": "NO_E567500_N5949500_500", "tile_250": "NO_E567500_N5949500_250", "amenity": "", "shop": "", "railway": ""}}, {"type": "Feature", "geometry": {"type": "Point", "coordinates": [566971.3278477415, 5949478.340607839]}, "properties": {"bus": "yes", "name": "Harksheide, Kreuzweg", "public_transport": "stop_position", "osm_id": 12461266484, "tile_500": "NO_E566500_N5949000_500", "tile_250": "NO_E566750_N5949250_250", "amenity": "", "shop": "", "railway": ""}}, {"type": "Feature", "geometry": {"type": "Point", "coordinates": [566631.3405724152, 5949208.008104325]}, "properties": {"bus": "yes", "name": "Harksheide, Libellengrund", "public_transport": "stop_position", "osm_id": 12461266485, "tile_500": "NO_E566500_N5949000_500", "tile_250": "NO_E566500_N5949000_250", "amenity": "", "shop": "", "railway": ""}}, {"type": "Feature", "geometry": {"type": "Point", "coordinates": [566524.9764560349, 5948783.55564833]}, "properties": {"bus": "yes", "name": "Harksheide, Heidehofweg (West)", "public_transport": "stop_position", "osm_id": 12461266488, "tile_500": "NO_E566500_N5948500_500", "tile_250": "NO_E566500_N5948750_250", "amenity": "", "shop": "", "railway": ""}}, {"type": "Feature", "geometry": {"type": "Point", "coordinates": [565045.3038534285, 5948843.308845758]}, "properties": {"bus": "yes", "local_ref": "Nur zum Ausstieg", "name": "U Garstedt", "public_transport": "stop_position", "osm_id": 12461335560, "tile_500": "NO_E565000_N5948500_500", "tile_250": "NO_E565000_N5948750_250", "amenity": "", "shop": "", "railway": ""}}, {"type": "Feature", "geometry": {"type": "Point", "coordinates": [563342.1280058371, 5956469.985905175]}, "properties": {"bus": "yes", "name": "Quickborn-Heide, Hinrich-Fehrs-Stra\u00dfe", "public_transport": "stop_position", "osm_id": 12475862278, "tile_500": "NO_E563000_N5956000_500", "tile_250": "NO_E563250_N5956250_250", "amenity": "", "shop": "", "railway": ""}}, {"type": "Feature", "geometry": {"type": "Point", "coordinates": [566295.0431190793, 5956259.706609119]}, "properties": {"bus": "yes", "name": "Rhen, Tannenweg", "public_transport": "stop_position", "osm_id": 12492982898, "tile_500": "NO_E566000_N5956000_500", "tile_250": "NO_E566250_N5956250_250", "amenity": "", "shop": "", "railway": ""}}, {"type": "Feature", "geometry": {"type": "Point", "coordinates": [563997.8092608007, 5956829.81685229]}, "properties": {"bus": "yes", "name": "Quickborn-Heide, Kiefernhain (Nord)", "public_transport": "stop_position", "osm_id": 12493084906, "tile_500": "NO_E563500_N5956500_500", "tile_250": "NO_E563750_N5956750_250", "amenity": "", "shop": "", "railway": ""}}, {"type": "Feature", "geometry": {"type": "Point", "coordinates": [564011.6937180012, 5956833.4003946055]}, "properties": {"bus": "yes", "name": "Quickborn-Heide, Kiefernhain (Nord)", "public_transport": "stop_position", "osm_id": 12493084907, "tile_500": "NO_E564000_N5956500_500", "tile_250": "NO_E564000_N5956750_250", "amenity": "", "shop": "", "railway": ""}}, {"type": "Feature", "geometry": {"type": "Point", "coordinates": [567844.4723533685, 5953684.543951892]}, "properties": {"bus": "yes", "name": "Wilstedt, Harksheider Stra\u00dfe (West)", "public_transport": "stop_position", "osm_id": 12593341614, "tile_500": "NO_E567500_N5953500_500", "tile_250": "NO_E567750_N5953500_250", "amenity": "", "shop": "", "railway": ""}}, {"type": "Feature", "geometry": {"type": "Point", "coordinates": [569980.5089565313, 5955699.512339548]}, "properties": {"bus": "yes", "name": "Wilstedt, Dorfring", "public_transport": "stop_position", "osm_id": 12593341625, "tile_500": "NO_E569500_N5955500_500", "tile_250": "NO_E569750_N5955500_250", "amenity": "", "shop": "", "railway": ""}}, {"type": "Feature", "geometry": {"type": "Point", "coordinates": [564251.1634957189, 5947859.5370535245]}, "properties": {"bus": "yes", "name": "Garstedt, Plambeckhof", "network": "HVV", "old_name": "Garstedt, Schwarzer Weg", "public_transport": "stop_position", "osm_id": 12593518833, "tile_500": "NO_E564000_N5947500_500", "tile_250": "NO_E564250_N5947750_250", "amenity": "", "shop": "", "railway": ""}}, {"type": "Feature", "geometry": {"type": "Point", "coordinates": [564300.28968513, 5947752.52170647]}, "properties": {"bus": "yes", "name": "Garstedt, Plambeckhof", "network": "HVV", "old_name": "Garstedt, Schwarzer Weg", "public_transport": "stop_position", "osm_id": 12593518834, "tile_500": "NO_E564000_N5947500_500", "tile_250": "NO_E564250_N5947750_250", "amenity": "", "shop": "", "railway": ""}}, {"type": "Feature", "geometry": {"type": "Point", "coordinates": [565979.1747640455, 5951720.161524838]}, "properties": {"addr:housenumber": "274", "addr:postcode": "22846", "addr:street": "Ulzburger Stra\u00dfe", "amenity": "fuel", "branch": "Norderstedt", "brand": "star", "brand:wikidata": "Q89432390", "brand:wikipedia": "de:Orlen Deutschland", "compressed_air": "yes", "fax": "+49 40 5267282", "fuel:diesel": "yes", "fuel:e10": "yes", "fuel:lpg": "yes", "fuel:octane_95": "yes", "fuel:octane_98": "yes", "name": "star", "opening_hours": "Mo-Fr 06:00-22:00; Sa-Su 07:00-22:00", "operator": "ORLEN Deutschland GmbH", "phone": "+49 40 5229412", "website": "https://www.star.de/tanken-und-laden/tankstellenfinder#!/l/norderstedt/ulzburger-strasse-274/1827608", "wheelchair": "yes", "osm_id": 12625592277, "tile_500": "NO_E565500_N5951500_500", "tile_250": "NO_E565750_N5951500_250", "shop": "", "public_transport": "", "railway": ""}}, {"type": "Feature", "geometry": {"type": "Point", "coordinates": [566082.3586922927, 5948100.296835646]}, "properties": {"bus": "yes", "local_ref": "Nur zum Ausstieg", "name": "U Ochsenzoll", "public_transport": "stop_position", "osm_id": 12691460285, "tile_500": "NO_E566000_N5948000_500", "tile_250": "NO_E566000_N5948000_250", "amenity": "", "shop": "", "railway": ""}}, {"type": "Feature", "geometry": {"type": "Point", "coordinates": [566219.7169121713, 5951144.913588485]}, "properties": {"bus": "yes", "name": "Harksheide, Uhlenkamp", "network": "HVV", "public_transport": "stop_position", "osm_id": 12768741582, "tile_500": "NO_E566000_N5951000_500", "tile_250": "NO_E566000_N5951000_250", "amenity": "", "shop": "", "railway": ""}}, {"type": "Feature", "geometry": {"type": "Point", "coordinates": [567272.5763920603, 5951542.2789023435]}, "properties": {"bus": "yes", "name": "Harksheide, Stormarnstra\u00dfe", "public_transport": "stop_position", "osm_id": 12768801422, "tile_500": "NO_E567000_N5951500_500", "tile_250": "NO_E567250_N5951500_250", "amenity": "", "shop": "", "railway": ""}}, {"type": "Feature", "geometry": {"type": "Point", "coordinates": [564366.7634304962, 5948318.875712509]}, "properties": {"bus": "yes", "name": "Garstedt, M\u00f6hlenbarg", "public_transport": "stop_position", "osm_id": 12788125376, "tile_500": "NO_E564000_N5948000_500", "tile_250": "NO_E564250_N5948250_250", "amenity": "", "shop": "", "railway": ""}}, {"type": "Feature", "geometry": {"type": "Point", "coordinates": [564321.2064835294, 5948294.3506445745]}, "properties": {"bus": "yes", "name": "Garstedt, M\u00f6hlenbarg", "public_transport": "stop_position", "osm_id": 12788125377, "tile_500": "NO_E564000_N5948000_500", "tile_250": "NO_E564250_N5948250_250", "amenity": "", "shop": "", "railway": ""}}, {"type": "Feature", "geometry": {"type": "Point", "coordinates": [562260.9052553385, 5955236.650052217]}, "properties": {"amenity": "restaurant", "check_date": "2026-04-25", "name": "Sapore Mediterraneo", "osm_id": 13271971638, "tile_500": "NO_E562000_N5955000_500", "tile_250": "NO_E562250_N5955000_250", "shop": "", "public_transport": "", "railway": ""}}, {"type": "Feature", "geometry": {"type": "Point", "coordinates": [565751.3487998935, 5954130.888983034]}, "properties": {"amenity": "fast_food", "cuisine": "chicken", "name": "Gaumenschmaus", "osm_id": 13281572542, "tile_500": "NO_E565500_N5954000_500", "tile_250": "NO_E565750_N5954000_250", "shop": "", "public_transport": "", "railway": ""}}, {"type": "Feature", "geometry": {"type": "Point", "coordinates": [565818.1325189158, 5953221.496567521]}, "properties": {"amenity": "fast_food", "cuisine": "chicken", "name": "Gaumenschmaus", "osm_id": 13281572545, "tile_500": "NO_E565500_N5953000_500", "tile_250": "NO_E565750_N5953000_250", "shop": "", "public_transport": "", "railway": ""}}, {"type": "Feature", "geometry": {"type": "Point", "coordinates": [565140.3555277693, 5948989.523698924]}, "properties": {"amenity": "restaurant", "cuisine": "indian", "diet:vegan": "yes", "name": "Chutney", "payment:cash": "yes", "takeaway": "yes", "osm_id": 13397840337, "tile_500": "NO_E565000_N5948500_500", "tile_250": "NO_E565000_N5948750_250", "shop": "", "public_transport": "", "railway": ""}}, {"type": "Feature", "geometry": {"type": "Point", "coordinates": [565142.3266715476, 5948916.000841242]}, "properties": {"brand": "kamps", "brand:wikidata": "Q1723381", "level": "0", "name": "Kamps", "shop": "bakery", "osm_id": 13538498040, "tile_500": "NO_E565000_N5948500_500", "tile_250": "NO_E565000_N5948750_250", "amenity": "", "public_transport": "", "railway": ""}}, {"type": "Feature", "geometry": {"type": "Point", "coordinates": [568230.3385849579, 5948767.744315396]}, "properties": {"addr:housenumber": "14", "addr:postcode": "22851", "addr:street": "B\u00f6ttgerstra\u00dfe", "amenity": "fast_food", "contact:facebook": "p/Seniores-pizza-pasta-61578597998955", "cuisine": "pasta;pizza", "drive_through": "no", "email": "shabansoliman2014@gmail.com", "level": "0", "name": "Seniore's Pizza Pasta", "opening_hours": "Mo-Th 11:00-22:00; Su 12:00-22:00; Fr-Sa 11:00-23:00", "phone": "+49 40 33385888", "self_service": "no", "website": "https://seniores-pizza-pasta.de/", "website:menu": "https://www.restablo.de/restaurant/seniores-pizza-norderstedt.html", "osm_id": 13803897801, "tile_500": "NO_E568000_N5948500_500", "tile_250": "NO_E568000_N5948750_250", "shop": "", "public_transport": "", "railway": ""}}, {"type": "Feature", "geometry": {"type": "Point", "coordinates": [569480.9920546372, 5949520.988018797]}, "properties": {"amenity": "fast_food", "name": "Imbiss \u201eTreffpunkt\u201c", "osm_id": 13914948829, "tile_500": "NO_E569000_N5949500_500", "tile_250": "NO_E569250_N5949500_250", "shop": "", "public_transport": "", "railway": ""}}, {"type": "Feature", "geometry": {"type": "LineString", "coordinates": [[563476.1296466734, 5956562.041221346], [563380.638181433, 5956598.335609148], [563411.4603583352, 5956714.764559592], [563507.6289681126, 5956681.8738044705], [563476.1296466734, 5956562.041221346]]}, "properties": {"addr:city": "Quickborn", "addr:country": "DE", "addr:housenumber": "1-7", "addr:postcode": "25451", "addr:street": "Kampmoorstra\u00dfe", "amenity": "school", "name": "Waldschule", "operator": "Stadt Quickborn", "operator:type": "public", "website": "https://waldschule-quickborn.lernnetz.de/", "wikidata": "Q133931503", "osm_id": 25466530, "tile_500": "NO_E563000_N5956500_500", "tile_250": "NO_E563250_N5956500_250", "shop": "", "public_transport": "", "railway": ""}}, {"type": "Feature", "geometry": {"type": "LineString", "coordinates": [[565114.4596269144, 5949071.21583366], [565116.2148967484, 5949048.952571298], [565117.441288154, 5949033.391623359], [565117.5293594887, 5949032.280133643], [565117.6014459294, 5949031.368710247], [565117.7213329043, 5949029.868212875], [565120.8948565994, 5948989.643211004], [565121.776818468, 5948978.439315461], [565122.1928970228, 5948973.204217062], [565124.5011076248, 5948943.9385490855], [565124.7739394224, 5948940.459547694], [565125.6225560361, 5948929.755910808], [565127.1863897634, 5948909.871201563], [565127.6719440785, 5948903.913805457], [565128.4229906655, 5948894.054476437], [565129.5015614219, 5948880.583379964], [565132.5153825592, 5948842.359055567], [565132.9965037728, 5948836.245819343], [565131.116010679, 5948836.09733778], [565128.5425417521, 5948835.905864198], [565129.3973495098, 5948824.757230714], [565131.8536154062, 5948825.303146441], [565159.2891474199, 5948827.464106022], [565185.3324096154, 5948829.516882066], [565184.0269040562, 5948846.000265212], [565183.8272071786, 5948848.489966019], [565187.7663387632, 5948848.80057259], [565182.659613338, 5948913.567362017], [565181.0890954735, 5948933.440837986], [565177.6670722987, 5948976.777949722], [565177.1940489858, 5948982.780024923], [565176.3757507664, 5948993.194771572], [565175.5503881583, 5949003.642801741], [565172.9530230919, 5949036.587514752], [565172.9447206216, 5949036.709797767], [565171.5744152255, 5949054.060203068], [565169.8756104325, 5949075.567590394], [565141.3396191176, 5949073.324507093], [565114.4596269144, 5949071.21583366]]}, "properties": {"addr:city": "Norderstedt", "addr:housenumber": "38-44a", "addr:postcode": "22850", "addr:street": "Berliner Allee", "building": "apartments", "building:levels": "2", "changing_table": "yes", "name": "Herold-Center", "opening_hours": "Mo-Sa 09:30-20:00", "roof:shape": "flat", "shop": "mall", "toilets": "yes", "toilets:wheelchair": "yes", "wheelchair": "yes", "wheelchair:description": "nur wenn keine Aktionen im Mittelgang sind, ansonsten ist mit herausragenden Dekomaterialien zu k\u00e4mpfen.", "osm_id": 26986766, "tile_500": "NO_E565000_N5948500_500", "tile_250": "NO_E565000_N5948750_250", "amenity": "", "public_transport": "", "railway": ""}}, {"type": "Feature", "geometry": {"type": "LineString", "coordinates": [[565065.5483108982, 5948899.169209718], [565065.6849368382, 5948897.413020117], [565067.2888130067, 5948876.527412431], [565070.2800531981, 5948837.512721684], [565054.9319977163, 5948836.34313246], [565038.4226790054, 5948835.079619543], [565039.7372280288, 5948817.906451864], [565096.8272743395, 5948822.26934028], [565129.3973495098, 5948824.757230714], [565128.5425417521, 5948835.905864198], [565125.1325690966, 5948880.311368336], [565124.107615088, 5948893.72757361], [565126.8724168672, 5948893.932826276], [565128.4229906655, 5948894.054476437], [565127.6719440785, 5948903.913805457], [565126.0355204634, 5948903.790964777], [565086.1880098166, 5948900.745995978], [565065.5483108982, 5948899.169209718]]}, "properties": {"building": "apartments", "building:levels": "2", "changing_table": "yes", "opening_hours": "Mo-Sa 09:30-20:00", "roof:shape": "flat", "shop": "mall", "toilets": "yes", "wheelchair": "yes", "osm_id": 26986767, "tile_500": "NO_E565000_N5948500_500", "tile_250": "NO_E565000_N5948750_250", "name": "", "amenity": "", "public_transport": "", "railway": ""}}, {"type": "Feature", "geometry": {"type": "LineString", "coordinates": [[565114.9210250459, 5949303.222553312], [565176.4751061496, 5949307.21449629], [565172.647969309, 5949355.007981491], [565311.1076118997, 5949364.632023223], [565312.22041825, 5949322.620347162], [565289.1518647013, 5949194.715894264], [565258.1606364738, 5949176.715321501], [565209.3920160432, 5949148.475873154], [565194.6733246897, 5949142.963842531], [565180.2506563567, 5949139.915060907], [565162.6482027881, 5949136.588523222], [565138.5070350543, 5949136.097765449], [565128.9404444656, 5949136.755080703], [565123.5883150166, 5949139.284587806], [565121.0025431656, 5949144.278178857], [565115.3428829203, 5949293.759228617], [565114.9210250459, 5949303.222553312]]}, "properties": {"addr:city": "Norderstedt", "addr:country": "DE", "addr:housenumber": "1", "addr:postcode": "22850", "addr:street": "Coppernicusstra\u00dfe", "amenity": "school", "name": "Coppernicus-Gymnasium", "school:de": "Gymnasium", "website": "https://coppernicus.de/", "wheelchair": "yes", "wikidata": "Q1131492", "osm_id": 26986780, "tile_500": "NO_E565000_N5949000_500", "tile_250": "NO_E565000_N5949250_250", "shop": "", "public_transport": "", "railway": ""}}, {"type": "Feature", "geometry": {"type": "LineString", "coordinates": [[565422.8862444304, 5951668.563084248], [565429.8345479266, 5951706.648156185], [565397.1130516097, 5951717.886560176], [565391.8973166028, 5951702.302577513], [565414.7378994668, 5951694.75409537], [565410.5268470184, 5951671.5063521415], [565422.8862444304, 5951668.563084248]]}, "properties": {"addr:city": "Norderstedt", "addr:country": "DE", "addr:housenumber": "11", "addr:postcode": "22846", "addr:street": "Storchengang", "amenity": "kindergarten", "building": "yes", "check_date": "2024-05-20", "name": "Integrative Kindertagesst\u00e4tte Storchengang", "wheelchair": "yes", "osm_id": 27540763, "tile_500": "NO_E565000_N5951500_500", "tile_250": "NO_E565250_N5951500_250", "shop": "", "public_transport": "", "railway": ""}}, {"type": "Feature", "geometry": {"type": "LineString", "coordinates": [[565191.2338060946, 5954492.555912115], [565191.0980037544, 5954455.834229995], [565213.7089976352, 5954455.7481946675], [565219.8186932236, 5954455.721933982], [565220.0099921325, 5954505.507740821], [565185.4967502734, 5954505.639609167], [565185.4473742064, 5954492.586704858], [565191.2338060946, 5954492.555912115]]}, "properties": {"addr:city": "Norderstedt", "addr:country": "DE", "addr:housenumber": "54", "addr:postcode": "22844", "addr:street": "Quickborner Stra\u00dfe", "brand": "Aldi Nord", "brand:wikidata": "Q41171373", "brand:wikipedia": "en:Aldi", "name": "Aldi", "opening_hours": "Mo-Sa 07:00-21:00", "operator": "ALDI GmbH & Co. KG", "phone": "0800 7234870", "shop": "supermarket", "toilets:wheelchair": "no", "website": "https://www.aldi-nord.de/filialen-und-oeffnungszeiten.html/l/norderstedt/quickborner-strasse-54/3182792", "wheelchair": "yes", "osm_id": 28856593, "tile_500": "NO_E565000_N5954000_500", "tile_250": "NO_E565000_N5954250_250", "amenity": "", "public_transport": "", "railway": ""}}, {"type": "Feature", "geometry": {"type": "LineString", "coordinates": [[565219.8186932236, 5954455.721933982], [565259.6171621185, 5954455.5748776775], [565259.8014423765, 5954505.360597419], [565220.0099921325, 5954505.507740821], [565219.8186932236, 5954455.721933982]]}, "properties": {"addr:city": "Norderstedt", "addr:country": "DE", "addr:housenumber": "52", "addr:postcode": "22844", "addr:street": "Quickborner Stra\u00dfe", "branch": "Norderstedt-Friedrichsgabe", "brand": "Edeka", "brand:wikidata": "Q701755", "email": "kontak@hayunga.de", "name": "EDEKA Hayunga", "opening_hours": "Mo-Th 07:00-20:00; Fr,Sa 07:00-21:00", "operator": "E Retail Verwaltungsgesellschaft mbH", "phone": "+49 40 81972690", "shop": "supermarket", "toilets:wheelchair": "no", "website": "https://www.edeka.de/eh/nord/e-neukauf-hayunga-quickborner-str.-52/index.jsp", "wheelchair": "yes", "osm_id": 28878224, "tile_500": "NO_E565000_N5954000_500", "tile_250": "NO_E565000_N5954250_250", "amenity": "", "public_transport": "", "railway": ""}}, {"type": "Feature", "geometry": {"type": "LineString", "coordinates": [[566015.2898669414, 5950453.1933271], [566071.670580987, 5950348.890470279], [566114.459320181, 5950382.718801706], [566059.2706115919, 5950475.476795474], [566015.2898669414, 5950453.1933271]]}, "properties": {"addr:city": "Norderstedt", "addr:housenumber": "53", "addr:postcode": "22850", "addr:street": "Forstweg", "amenity": "kindergarten", "name": "Kindertagesst\u00e4tte Forstweg", "osm_id": 29206428, "tile_500": "NO_E566000_N5950000_500", "tile_250": "NO_E566000_N5950250_250", "shop": "", "public_transport": "", "railway": ""}}, {"type": "Feature", "geometry": {"type": "LineString", "coordinates": [[567791.0917260799, 5949971.326916636], [567879.9579313623, 5949978.430734958], [567879.1567609895, 5949913.268987178], [567822.1375244866, 5949883.079948333], [567791.0917260799, 5949971.326916636]]}, "properties": {"landuse": "retail", "name": "EKZ Immenhof", "shop": "mall", "wheelchair": "yes", "osm_id": 29207215, "tile_500": "NO_E567500_N5949500_500", "tile_250": "NO_E567750_N5949750_250", "amenity": "", "public_transport": "", "railway": ""}}, {"type": "Feature", "geometry": {"type": "LineString", "coordinates": [[566597.6586780644, 5951105.720354319], [566597.6186688844, 5951092.723190187], [566598.6221816132, 5951092.726306016], [566598.5489934172, 5951070.437440411], [566553.1636961133, 5951068.614012793], [566553.24677557, 5951072.5319726085], [566543.2280970927, 5951072.734826796], [566542.8874580634, 5951056.250584126], [566552.8997283839, 5951056.036510344], [566552.8229333444, 5951052.140894222], [566598.3929302965, 5951051.196258187], [566598.499157891, 5951056.271779155], [566612.5135770686, 5951055.9811104275], [566612.5240623332, 5951056.637765425], [566614.2214848155, 5951056.59509917], [566614.2529720844, 5951058.097721276], [566613.5331398582, 5951058.1097567], [566613.6498902983, 5951092.672569538], [566625.6667458432, 5951092.631765017], [566625.7132783852, 5951105.629023704], [566597.6586780644, 5951105.720354319]]}, "properties": {"addr:city": "Norderstedt", "addr:postcode": "22844", "addr:street": "Marktplatz", "building": "yes", "name": "Marktplatz", "roof:shape": "flat", "shop": "mall", "wheelchair": "limited", "osm_id": 29341909, "tile_500": "NO_E566500_N5951000_500", "tile_250": "NO_E566500_N5951000_250", "amenity": "", "public_transport": "", "railway": ""}}, {"type": "Feature", "geometry": {"type": "LineString", "coordinates": [[566506.3761888847, 5951082.338127861], [566511.0255232556, 5951082.2482469], [566512.881359541, 5951082.207789671], [566512.7993507469, 5951078.211955889], [566531.3310123753, 5951077.829299093], [566530.4980230278, 5951037.859646121], [566514.4692802088, 5951038.18877037], [566514.3872706434, 5951034.192936814], [566505.3723540743, 5951034.376720389], [566506.3761888847, 5951082.338127861]]}, "properties": {"addr:city": "Norderstedt", "addr:housenumber": "13", "addr:postcode": "22844", "addr:street": "Marktplatz", "brand": "Penny", "brand:wikidata": "Q284688", "brand:wikipedia": "en:Penny (supermarket)", "building": "yes", "check_date:opening_hours": "2024-06-03", "currency:EUR": "yes", "name": "PENNY", "opening_hours": "Mo-Sa 07:00-22:00", "operator": "Penny", "organic": "yes", "payment:cash": "yes", "payment:coins": "yes", "payment:contactless": "yes", "payment:credit_cards": "yes", "payment:debit_cards": "yes", "payment:girocard": "yes", "payment:mastercard": "yes", "payment:visa": "yes", "payment:visa_debit": "yes", "shop": "supermarket", "wheelchair": "yes", "osm_id": 29341944, "tile_500": "NO_E566500_N5951000_500", "tile_250": "NO_E566500_N5951000_250", "amenity": "", "public_transport": "", "railway": ""}}, {"type": "Feature", "geometry": {"type": "LineString", "coordinates": [[566234.6956178857, 5953181.2843777165], [566273.8658965456, 5953180.61384182], [566272.9091513254, 5953131.573690509], [566234.7375145628, 5953155.8926068805], [566234.6956178857, 5953181.2843777165]]}, "properties": {"amenity": "kindergarten", "name": "Evang. Kindertagesst\u00e4tte Arche Noah", "operator": "Ev.-Luth. Kita-Werk Hamburg-West/S\u00fcdholstein", "osm_id": 29343220, "tile_500": "NO_E566000_N5953000_500", "tile_250": "NO_E566250_N5953000_250", "shop": "", "public_transport": "", "railway": ""}}, {"type": "Feature", "geometry": {"type": "LineString", "coordinates": [[562780.5518343408, 5955370.9219998345], [562795.0666465467, 5955367.722731068], [562800.5473766713, 5955383.029194181], [562825.4409982336, 5955371.234356263], [562832.3852982947, 5955365.930823315], [562835.1004108606, 5955357.755426333], [562836.1716855154, 5955353.619380846], [562835.7247369483, 5955346.614436009], [562810.890578542, 5955307.214200562], [562779.7307765827, 5955324.878163153], [562760.6104945821, 5955336.539155615], [562759.3620465257, 5955343.565891113], [562761.7853364422, 5955352.244109237], [562773.8639211544, 5955348.722838142], [562778.0290273393, 5955365.736348742], [562767.5619638995, 5955370.09147422], [562773.5317049783, 5955373.520705676], [562778.8658703689, 5955372.201282197], [562780.5518343408, 5955370.9219998345]]}, "properties": {"alt_name": "Feuerwache Quickborn-Heide", "amenity": "fire_station", "name": "Feuerwache Quickborn Ost", "osm_id": 29992253, "tile_500": "NO_E562500_N5955000_500", "tile_250": "NO_E562750_N5955250_250", "shop": "", "public_transport": "", "railway": ""}}, {"type": "Feature", "geometry": {"type": "LineString", "coordinates": [[565255.3510709339, 5946951.923668458], [565261.7690450293, 5946952.290983732], [565261.9447563302, 5946949.155587162], [565280.9218179227, 5946950.209231204], [565282.6261322594, 5946919.811466298], [565286.7663234323, 5946920.035897419], [565287.1268606004, 5946913.587199042], [565287.4778545592, 5946907.3497827025], [565257.9425339897, 5946905.693255341], [565255.3510709339, 5946951.923668458]]}, "properties": {"addr:city": "Norderstedt", "addr:country": "DE", "addr:housenumber": "84", "addr:postcode": "22848", "addr:street": "Rugenbarg", "brand": "Aldi Nord", "brand:wikidata": "Q41171373", "brand:wikipedia": "en:Aldi", "building": "supermarket", "check_date": "2022-01-03", "contact:website": "https://www.aldi-nord.de/filialen-und-oeffnungszeiten.html/l/norderstedt/rugenbarg-84-90/3182457", "name": "Aldi", "opening_hours": "Mo-Sa 07:00-20:00; PH off", "shop": "supermarket", "wheelchair": "yes", "osm_id": 30148692, "tile_500": "NO_E565000_N5946500_500", "tile_250": "NO_E565250_N5946750_250", "amenity": "", "public_transport": "", "railway": ""}}, {"type": "Feature", "geometry": {"type": "LineString", "coordinates": [[565230.6972405254, 5947555.782091251], [565224.0146050274, 5947508.388042517], [565266.9959799635, 5947505.479959691], [565271.1458028078, 5947556.332793449], [565248.9679505904, 5947560.419901952], [565248.7317949847, 5947556.967223348], [565248.5508824039, 5947554.294208508], [565230.6972405254, 5947555.782091251]]}, "properties": {"addr:city": "Norderstedt", "addr:housenumber": "19", "addr:postcode": "22848", "addr:street": "Rugenbarg", "brand": "EDEKA", "brand:wikidata": "Q701755", "brand:wikipedia": "de:Edeka", "building": "retail", "building:levels": "1", "currency:EUR": "yes", "name": "EDEKA", "opening_hours": "Mo-Th 07:00-20:00; Fr,Sa 07:00-21:00", "operator": "E neukauf Hayunga", "organic": "yes", "roof:levels": "0", "shop": "supermarket", "website": "https://www.edeka.de/eh/nord/e-neukauf-hayunga-rugenbarg-19/index.jsp", "wheelchair": "yes", "osm_id": 30148698, "tile_500": "NO_E565000_N5947500_500", "tile_250": "NO_E565000_N5947500_250", "amenity": "", "public_transport": "", "railway": ""}}, {"type": "Feature", "geometry": {"type": "LineString", "coordinates": [[567151.9909290832, 5948273.2737647705], [567237.9695303643, 5948224.5649721045], [567277.2061413946, 5948202.349456162], [567287.5832586667, 5948196.467166095], [567330.1174734895, 5948172.374319348], [567409.9234413023, 5948316.937723991], [567231.6837304278, 5948352.615897287], [567170.1430141367, 5948366.267454154], [567151.9909290832, 5948273.2737647705]]}, "properties": {"amenity": "school", "name": "Schule Stockflethweg", "wheelchair": "limited", "wikidata": "Q80689857", "osm_id": 31762009, "tile_500": "NO_E567000_N5948000_500", "tile_250": "NO_E567250_N5948250_250", "shop": "", "public_transport": "", "railway": ""}}, {"type": "Feature", "geometry": {"type": "LineString", "coordinates": [[566469.4606645807, 5951168.217884913], [566481.1169469638, 5951167.982443948], [566488.1239821382, 5951167.83693034], [566520.5371859488, 5951167.172491588], [566519.8244234292, 5951132.690260122], [566479.644312095, 5951133.522840329], [566472.6372262792, 5951133.668366978], [566468.7407689337, 5951133.746695468], [566469.4606645807, 5951168.217884913]]}, "properties": {"building": "yes", "shop": "mall", "osm_id": 31867159, "tile_500": "NO_E566000_N5951000_500", "tile_250": "NO_E566250_N5951000_250", "name": "", "amenity": "", "public_transport": "", "railway": ""}}, {"type": "Feature", "geometry": {"type": "LineString", "coordinates": [[565194.960259722, 5948841.144850203], [565205.0414299072, 5948841.529623584], [565223.7140794732, 5948843.024059839], [565230.3570129094, 5948750.928206342], [565224.735559254, 5948750.460672968], [565225.3219372084, 5948743.436483181], [565227.4405496874, 5948717.884681923], [565215.5319132446, 5948716.840241147], [565205.2250389974, 5948716.040613914], [565196.7524159035, 5948818.158865918], [565196.4560864002, 5948822.85039265], [565196.0539399142, 5948829.454313431], [565194.960259722, 5948841.144850203]]}, "properties": {"building": "retail", "building:levels": "1", "name": "Passage Europaallee", "opening_hours": "PH,Mo-Su 00:00-24:00+", "roof:shape": "flat", "shop": "mall", "toilets": "no", "wheelchair": "yes", "osm_id": 33784682, "tile_500": "NO_E565000_N5948500_500", "tile_250": "NO_E565000_N5948750_250", "amenity": "", "public_transport": "", "railway": ""}}, {"type": "Feature", "geometry": {"type": "LineString", "coordinates": [[565691.98350116, 5946798.211662029], [565703.0428498201, 5946797.954586116], [565703.0808464062, 5946799.490657442], [565725.3648736423, 5946798.967769374], [565725.327039933, 5946797.420572888], [565735.89055387, 5946797.17889294], [565735.6808174049, 5946788.552453792], [565725.1237355747, 5946788.805351695], [565725.0654705369, 5946786.35657415], [565702.781228079, 5946786.8905890025], [565702.8396602581, 5946789.328241259], [565691.7802913425, 5946789.585317798], [565691.98350116, 5946798.211662029]]}, "properties": {"addr:city": "Hamburg", "addr:country": "DE", "addr:housenumber": "40", "addr:postcode": "22419", "addr:street": "Tarpen", "amenity": "restaurant", "building": "yes", "check_date": "2026-05-11", "contact:email": "info@bluemare-hamburg.de", "contact:website": "https://bluemare-hamburg.de/", "name": "Blue Mare", "opening_hours": "Mo-Fr 11:30-23:00; Sa 17:00-23:00", "phone": "+49 40 50091903", "toilets:wheelchair": "no", "website": "https://bluemare-hamburg.de/", "wheelchair": "limited", "osm_id": 34407785, "tile_500": "NO_E565500_N5946500_500", "tile_250": "NO_E565500_N5946750_250", "shop": "", "public_transport": "", "railway": ""}}, {"type": "Feature", "geometry": {"type": "LineString", "coordinates": [[562848.6376321865, 5955402.857121894], [562850.8651534463, 5955406.937268542], [562846.6592405675, 5955409.217546929], [562850.0583805051, 5955415.4498132095], [562854.7492989935, 5955412.908993359], [562864.5098970429, 5955407.62103401], [562866.7092306886, 5955406.4265598], [562864.7263591435, 5955402.7947721295], [562863.1557083345, 5955399.902905105], [562861.879931736, 5955400.597924244], [562859.8069636893, 5955396.798023431], [562848.6376321865, 5955402.857121894]]}, "properties": {"addr:city": "Quickborn", "addr:country": "DE", "addr:housenumber": "103", "addr:postcode": "25451", "addr:street": "Friedrichsgaber Stra\u00dfe", "amenity": "restaurant", "building": "yes", "cuisine": "burger", "indoor_seating": "yes", "name": "Burger Lounge", "opening_hours": "\"Im Umbau oder Renovierung oder dauerhaft geschlossen\"", "outdoor_seating": "yes", "website": "https://www.burgerlounge.de/", "wheelchair": "limited", "osm_id": 35399188, "tile_500": "NO_E562500_N5955000_500", "tile_250": "NO_E562750_N5955250_250", "shop": "", "public_transport": "", "railway": ""}}, {"type": "Feature", "geometry": {"type": "LineString", "coordinates": [[565078.3977791579, 5946314.047149026], [565071.8803108745, 5946303.1413987875], [565077.3846721665, 5946299.868370847], [565078.1081017767, 5946301.08011109], [565104.1172656977, 5946285.61766155], [565109.9112638115, 5946295.311711286], [565078.3977791579, 5946314.047149026]]}, "properties": {"addr:city": "Norderstedt", "addr:country": "DE", "addr:housenumber": "30 a", "addr:postcode": "22848", "addr:street": "Gutenbergring", "amenity": "restaurant", "building": "yes", "cuisine": "austrian;german", "internet_access": "no", "microbrewery": "no", "name": "Bistro Zwutschkerl Alm", "outdoor_seating": "yes", "phone": "+49 40 5253431", "smoking": "no", "website": "https://www.zwutschkerl-alm.de/", "wheelchair": "yes", "osm_id": 35838479, "tile_500": "NO_E565000_N5946000_500", "tile_250": "NO_E565000_N5946250_250", "shop": "", "public_transport": "", "railway": ""}}, {"type": "Feature", "geometry": {"type": "LineString", "coordinates": [[565271.6460439328, 5951418.999444707], [565358.4486718426, 5951397.541812102], [565349.2843450911, 5951360.638881437], [565309.1253043149, 5951370.572619961], [565311.275896624, 5951379.226106713], [565264.6316033218, 5951390.76127711], [565271.6460439328, 5951418.999444707]]}, "properties": {"addr:city": "Norderstedt", "addr:housenumber": "35-39", "addr:postcode": "22846", "addr:street": "Rathausallee", "building": "yes", "name": "MOORBEK PASSAGE", "opening_hours": "Mo - Fr 9:00 - 19:00; Sa 9:00 - 16:00", "operator": "isn immobilien service norderstedt gmbh", "phone": "+49 40 535 355 0", "shop": "mall", "website": "https://www.moorbek-passage.de/", "wheelchair": "yes", "osm_id": 37645115, "tile_500": "NO_E565000_N5951000_500", "tile_250": "NO_E565250_N5951250_250", "amenity": "", "public_transport": "", "railway": ""}}, {"type": "Feature", "geometry": {"type": "LineString", "coordinates": [[567594.5281449656, 5953274.163468372], [567578.5663483723, 5953273.109971533], [567577.2535919726, 5953292.764139463], [567593.2219196591, 5953293.81772749], [567594.5281449656, 5953274.163468372]]}, "properties": {"addr:city": "Norderstedt", "addr:housenumber": "24", "addr:postcode": "22844", "addr:street": "Oststra\u00dfe", "amenity": "fast_food", "building": "yes", "contact:facebook": "https://www.facebook.com/BombayOfIndia.norderstedt", "cuisine": "indian;asian", "delivery": "yes", "description": "Mittagstisch", "email": "babbu123.hh@gmail.com", "name": "Bombay of India", "opening_hours": "Mo-Su 10:45-21:45", "operator": "Harwinder Singh", "phone": "+49 40 58954513", "takeaway": "yes", "website": "https://www.bombay-of-india.de/", "osm_id": 39246382, "tile_500": "NO_E567500_N5953000_500", "tile_250": "NO_E567500_N5953250_250", "shop": "", "public_transport": "", "railway": ""}}, {"type": "Feature", "geometry": {"type": "LineString", "coordinates": [[567495.6171567505, 5954199.56613776], [567495.3317254996, 5954219.847139571], [567488.3261063132, 5954219.746269697], [567488.6115072487, 5954199.4652676955], [567495.6171567505, 5954199.56613776]]}, "properties": {"addr:city": "Norderstedt", "addr:country": "DE", "addr:housenumber": "78a", "addr:postcode": "22844", "addr:street": "Oststra\u00dfe", "amenity": "fast_food", "building": "detached", "building:levels": "1", "name": "Buddys Kitchen", "opening_hours": "Mo-Th 06:30-16:00; Fr 06:30-15:00", "roof:levels": "0", "wheelchair": "yes", "osm_id": 40110575, "tile_500": "NO_E567000_N5954000_500", "tile_250": "NO_E567250_N5954000_250", "shop": "", "public_transport": "", "railway": ""}}, {"type": "Feature", "geometry": {"type": "LineString", "coordinates": [[565463.5983709404, 5951323.120474088], [565489.2875309397, 5951324.947758425], [565487.6658447303, 5951347.479897235], [565485.3046848786, 5951350.1508437935], [565461.8082448246, 5951348.743621973], [565463.5983709404, 5951323.120474088]]}, "properties": {"addr:city": "Norderstedt", "addr:housenumber": "33", "addr:postcode": "22846", "addr:street": "Rathausallee", "amenity": "bank", "atm": "yes", "branch": "Filiale 532", "brand": "Postbank", "brand:wikidata": "Q708835", "building": "yes", "check_date:opening_hours": "2025-05-23", "name": "Postbank", "opening_hours": "Mo-Fr 08:30-18:00, Sa 09:00-13:00", "wheelchair": "yes", "osm_id": 41081832, "tile_500": "NO_E565000_N5951000_500", "tile_250": "NO_E565250_N5951250_250", "shop": "", "public_transport": "", "railway": ""}}, {"type": "Feature", "geometry": {"type": "LineString", "coordinates": [[564821.2474355212, 5951860.221997722], [564838.3091293237, 5951855.139011574], [564841.4279719894, 5951867.332964354], [564864.5800470826, 5951860.999003238], [564864.3220936392, 5951859.126075614], [564896.1636559688, 5951859.310538866], [564915.1979442122, 5951845.731722606], [564902.8396331967, 5951793.786100051], [564853.3115341378, 5951806.108768747], [564851.8466339901, 5951800.814249979], [564844.7858101951, 5951802.541496449], [564840.2826196757, 5951808.354384944], [564835.3250676949, 5951809.788029699], [564830.8319479622, 5951792.423222659], [564804.6609335144, 5951798.415217688], [564811.636954706, 5951824.326566004], [564821.2474355212, 5951860.221997722]]}, "properties": {"amenity": "school", "name": "Grundschule Pellwormstra\u00dfe", "website": "https://grundschule-pellwormstrasse.de/", "wikidata": "Q133931616", "osm_id": 47658777, "tile_500": "NO_E564500_N5951500_500", "tile_250": "NO_E564750_N5951750_250", "shop": "", "public_transport": "", "railway": ""}}, {"type": "Feature", "geometry": {"type": "LineString", "coordinates": [[568688.8826798983, 5949312.155916364], [568707.2196594005, 5949312.045897306], [568707.2466621159, 5949316.51946789], [568713.43597038, 5949316.487646702], [568713.1442038262, 5949266.92237362], [568685.4865873286, 5949267.085174475], [568685.5241020389, 5949273.550684657], [568685.557453973, 5949279.849224508], [568688.6951365545, 5949279.82836392], [568688.8826798983, 5949312.155916364]]}, "properties": {"addr:city": "Norderstedt", "addr:country": "DE", "addr:housenumber": "76A", "addr:postcode": "22851", "addr:street": "Mittelstra\u00dfe", "brand": "Aldi", "brand:wikidata": "Q41171373", "brand:wikipedia": "en:Aldi", "building": "yes", "contact:website": "https://www.aldi-nord.de/filialen-und-oeffnungszeiten.html/l/norderstedt/mittelstrasse-76-a/3181800", "name": "Aldi", "opening_hours": "Mo-Sa 08:00-20:00; PH off", "shop": "supermarket", "wheelchair": "yes", "osm_id": 51504396, "tile_500": "NO_E568500_N5949000_500", "tile_250": "NO_E568500_N5949250_250", "amenity": "", "public_transport": "", "railway": ""}}, {"type": "Feature", "geometry": {"type": "LineString", "coordinates": [[567963.9543488026, 5949231.14823887], [567972.0935927179, 5949232.846135959], [567974.6975226599, 5949220.4213010045], [567992.0493714784, 5949224.044107534], [567992.9719678155, 5949219.628817545], [567997.9240705298, 5949220.657478797], [568006.7299302256, 5949178.612692104], [567976.2930304974, 5949172.263359037], [567963.9543488026, 5949231.14823887]]}, "properties": {"addr:city": "Norderstedt", "addr:country": "DE", "addr:housenumber": "173-175", "addr:street": "Segeberger Chaussee", "brand": "Lidl", "brand:wikidata": "Q151954", "brand:wikipedia": "en:Lidl", "building": "yes", "name": "Lidl", "opening_hours": "Mo-Sa 08:00-21:00", "shop": "supermarket", "toilets:wheelchair": "yes", "wheelchair": "yes", "wheelchair:description": "Im Kassenbereich ist ein Rollstuhlgerechtes Kunden WC..... Super", "osm_id": 51691983, "tile_500": "NO_E567500_N5949000_500", "tile_250": "NO_E567750_N5949000_250", "amenity": "", "public_transport": "", "railway": ""}}, {"type": "Feature", "geometry": {"type": "LineString", "coordinates": [[564909.23520068, 5949224.8436222], [564926.4911655149, 5949222.166912881], [564927.1584892512, 5949226.448949284], [564966.0193525371, 5949220.410382671], [564973.9225670983, 5949219.184492323], [564970.2942578588, 5949195.956519699], [564968.9837824146, 5949187.559674781], [564898.7280756745, 5949198.471792557], [564900.4695484947, 5949209.622967525], [564906.7114003302, 5949208.652177164], [564909.23520068, 5949224.8436222]]}, "properties": {"addr:city": "Norderstedt", "addr:country": "DE", "addr:housenumber": "5", "addr:postcode": "22850", "addr:street": "Kohfurth", "brand": "Lidl", "brand:wikidata": "Q151954", "brand:wikipedia": "en:Lidl", "building": "retail", "building:levels": "1", "check_date:opening_hours": "2026-04-30", "name": "Lidl", "opening_hours": "Mo-Sa 07:00-21:00; PH off", "operator": "Lidl Vertriebs-GmbH & Co. KG (Siek)", "organic": "yes", "payment:cash": "yes", "payment:coins": "yes", "payment:contactless": "yes", "payment:credit_cards": "yes", "payment:debit_cards": "yes", "payment:girocard": "yes", "payment:mastercard": "yes", "payment:visa": "yes", "ref:vatin": "DE814100868", "shop": "supermarket", "website": "https://www.lidl.de/filialen/norderstedt/kohfurth-5.html", "wheelchair": "yes", "osm_id": 51730595, "tile_500": "NO_E564500_N5949000_500", "tile_250": "NO_E564750_N5949000_250", "amenity": "", "public_transport": "", "railway": ""}}, {"type": "Feature", "geometry": {"type": "LineString", "coordinates": [[569773.4091094228, 5950877.2452748325], [569792.3154212962, 5950898.390279462], [569802.2453360843, 5950889.558174332], [569795.7701959241, 5950882.306950525], [569792.0030054782, 5950885.655901076], [569779.5786056133, 5950871.751063613], [569773.4091094228, 5950877.2452748325]]}, "properties": {"addr:city": "Norderstedt", "addr:country": "DE", "addr:housenumber": "345", "addr:postcode": "22851", "addr:street": "Segeberger Chaussee", "amenity": "fuel", "brand": "OIL!", "brand:wikidata": "Q2007561", "brand:wikipedia": "de:OIL! Tankstellen", "building": "yes", "compressed_air": "yes", "contact:phone": "+49 40 5248522", "contact:website": "https://www.oil-tankstellen.de/tankstellen-tankstationen/tankstellenfinder-kraftstoffpreise-benzinpreise/tankstelle/segeberger-chaussee-359-22851-norderstedt/", "fuel:cng": "yes", "fuel:diesel": "yes", "fuel:e10": "yes", "fuel:octane_95": "yes", "fuel:octane_98": "yes", "name": "Oil", "opening_hours": "Mo-Fr 05:00-22:00; Sa-Su, PH 08:00-22:00", "operator": "Patrick Hamann", "wheelchair": "limited", "osm_id": 52832083, "tile_500": "NO_E569500_N5950500_500", "tile_250": "NO_E569750_N5950750_250", "shop": "", "public_transport": "", "railway": ""}}, {"type": "Feature", "geometry": {"type": "LineString", "coordinates": [[565731.6737369694, 5956985.722415127], [565759.7263587179, 5956976.680301265], [565754.2595112826, 5956959.801344596], [565734.6856393942, 5956966.102783839], [565733.0863814533, 5956961.184332812], [565727.2902446123, 5956963.061383947], [565729.9260603857, 5956971.176783518], [565730.0984083969, 5956971.112438782], [565731.6278001762, 5956975.840744474], [565728.7727493081, 5956976.76874635], [565731.6737369694, 5956985.722415127]]}, "properties": {"addr:city": "Henstedt-Ulzburg", "addr:country": "DE", "addr:housenumber": "24", "addr:postcode": "24558", "addr:street": "Norderstedter Stra\u00dfe", "amenity": "kindergarten", "building": "yes", "check_date": "2025-08-07", "name": "Kindergarten Moorweg", "roof:shape": "flat", "osm_id": 54630717, "tile_500": "NO_E565500_N5956500_500", "tile_250": "NO_E565500_N5956750_250", "shop": "", "public_transport": "", "railway": ""}}, {"type": "Feature", "geometry": {"type": "LineString", "coordinates": [[565755.2158294696, 5956492.435707015], [565737.3259119564, 5956492.796594609], [565737.6082759287, 5956506.509358197], [565742.2523651919, 5956506.407630027], [565749.6009944221, 5956506.254851945], [565755.4982973544, 5956506.137346984], [565755.2158294696, 5956492.435707015]]}, "properties": {"addr:city": "Henstedt-Ulzburg", "addr:country": "DE", "addr:housenumber": "2", "addr:postcode": "24558", "addr:street": "Norderstedter Stra\u00dfe", "amenity": "cafe", "building": "yes", "building:levels": "1", "check_date": "2025-08-08", "check_date:opening_hours": "2025-08-08", "name": "Nitt", "opening_hours": "Mo-Fr 06:00-18:00; Sa 06:00-16:30; Su 07:00-16:30", "roof:shape": "flat", "shop": "bakery", "toilets:wheelchair": "yes", "website": "https://baeckerei-nitt.de/", "wheelchair": "yes", "wheelchair:description": "Ein WC ist rollstuhlgerecht ausgebaut.", "osm_id": 55825945, "tile_500": "NO_E565500_N5956000_500", "tile_250": "NO_E565500_N5956250_250", "public_transport": "", "railway": ""}}, {"type": "Feature", "geometry": {"type": "LineString", "coordinates": [[565299.3697051499, 5950031.796237334], [565287.1540598086, 5950039.771378749], [565344.6181285515, 5950131.457487399], [565337.1831524496, 5950136.149783942], [565339.8527771905, 5950140.29286148], [565341.4342666615, 5950142.907501247], [565347.2556701909, 5950139.327715147], [565354.8150748935, 5950151.784093649], [565353.13043488, 5950152.784334243], [565354.8324583736, 5950155.27825852], [565360.5194397095, 5950164.670866098], [565378.5799278934, 5950153.316785822], [565372.9779629958, 5950144.459443036], [565363.3292555023, 5950128.869466427], [565367.5520265237, 5950126.280013145], [565365.4570145782, 5950123.079601652], [565363.6835020446, 5950120.028321114], [565356.3960642199, 5950124.555735385], [565299.3697051499, 5950031.796237334]]}, "properties": {"area": "yes", "hha_ref": "RW", "hvv:barrier_free": "yes", "hvv:psv_type": "U", "landuse": "railway", "name": "Richtweg", "public_transport": "station", "osm_id": 59426621, "tile_500": "NO_E565000_N5950000_500", "tile_250": "NO_E565250_N5950000_250", "amenity": "", "shop": "", "railway": ""}}, {"type": "Feature", "geometry": {"type": "LineString", "coordinates": [[570416.4292379033, 5955893.475526444], [570408.9658739839, 5955883.615655545], [570433.71680231, 5955864.959657394], [570446.1665144551, 5955881.4041382], [570437.8272664122, 5955887.688195997], [570432.8408937552, 5955881.103634278], [570416.4292379033, 5955893.475526444]]}, "properties": {"addr:city": "Tangstedt", "addr:housenumber": "7", "addr:postcode": "22889", "addr:street": "Am Dorfplatz", "amenity": "fire_station", "building": "fire_station", "name": "Freiwillige Feuerwehr Wilstedt", "ref": "ODF66", "osm_id": 59873633, "tile_500": "NO_E570000_N5955500_500", "tile_250": "NO_E570250_N5955750_250", "shop": "", "public_transport": "", "railway": ""}}, {"type": "Feature", "geometry": {"type": "LineString", "coordinates": [[565810.8383357521, 5949619.712558918], [565845.5545095812, 5949624.639097166], [565848.096072664, 5949606.826783906], [565813.3797687654, 5949601.900227958], [565810.8383357521, 5949619.712558918]]}, "properties": {"addr:city": "Norderstedt", "addr:housenumber": "94", "addr:postcode": "22850", "addr:street": "Ulzburger Stra\u00dfe", "amenity": "restaurant", "branch": "Norderstedt", "building": "yes", "cuisine": "croatian;mediterranean", "email": "norderstedt@tunici.de", "name": "Tunici", "opening_hours": "Tu-Fr 12:00-15:00,17:30-22:00; Sa 12:00-22:00; Su 12:00-21:00; Mo off", "phone": "+49 40 30858933", "ref:vatin": "DE315911272", "toilets:wheelchair": "yes", "website": "https://tunici.de/de/155896-Norderstedt", "wheelchair": "yes", "osm_id": 60214335, "tile_500": "NO_E565500_N5949500_500", "tile_250": "NO_E565750_N5949500_250", "shop": "", "public_transport": "", "railway": ""}}, {"type": "Feature", "geometry": {"type": "LineString", "coordinates": [[566033.6114140187, 5952392.487991544], [566033.5020876405, 5952400.2532495195], [566044.8262682959, 5952400.4126953995], [566046.3859650156, 5952365.116871521], [566003.901915272, 5952364.863768398], [566002.4566663692, 5952392.049470307], [566033.6114140187, 5952392.487991544]]}, "properties": {"addr:city": "Norderstedt", "addr:country": "DE", "addr:housenumber": "332", "addr:postcode": "22846", "addr:street": "Ulzburger Stra\u00dfe", "brand": "REWE", "brand:wikidata": "Q16968817", "brand:wikipedia": "de:Rewe", "building": "retail", "building:levels": "2", "check_date:opening_hours": "2026-06-13", "currency:EUR": "yes", "email": "kundenmanagement@rewe.de", "internet_access": "wlan", "internet_access:fee": "no", "name": "REWE", "opening_hours": "Mo-Sa 07:00-23:00", "operator": "REWE Markt GmbH", "organic": "yes", "payment:american_express": "yes", "payment:cash": "yes", "payment:coins": "yes", "payment:contactless": "yes", "payment:credit_cards": "yes", "payment:debit_cards": "yes", "payment:girocard": "yes", "payment:mastercard": "yes", "payment:visa": "yes", "payment:visa_debit": "yes", "phone": "+49 40 52681310", "roof:levels": "0", "roof:shape": "flat", "shop": "supermarket", "website": "https://www.rewe.de/marktseite/norderstedt/540548/rewe-markt-ulzburger-str-332/", "wheelchair": "yes", "osm_id": 60415491, "tile_500": "NO_E566000_N5952000_500", "tile_250": "NO_E566000_N5952250_250", "amenity": "", "public_transport": "", "railway": ""}}, {"type": "Feature", "geometry": {"type": "LineString", "coordinates": [[567481.599908178, 5949712.431787965], [567496.1792337662, 5949717.236939975], [567516.1877720957, 5949723.84494291], [567504.9354241976, 5949757.732494116], [567487.9915006962, 5949752.036518498], [567494.3498216068, 5949732.855543801], [567489.9339172129, 5949731.312131439], [567476.6507736656, 5949726.848319069], [567481.599908178, 5949712.431787965]]}, "properties": {"addr:city": "Norderstedt", "addr:country": "DE", "addr:housenumber": "1", "addr:street": "J\u00e4gerlauf", "amenity": "restaurant", "building": "yes", "cuisine": "greek", "name": "Andromeda", "old_name": "Brauhaus \"Alter Reporter\"", "osm_id": 74203294, "tile_500": "NO_E567000_N5949500_500", "tile_250": "NO_E567250_N5949500_250", "shop": "", "public_transport": "", "railway": ""}}, {"type": "Feature", "geometry": {"type": "LineString", "coordinates": [[567708.2842340732, 5949028.877440144], [567705.0253711245, 5949038.666932345], [567706.5966496234, 5949039.179188179], [567721.70990436, 5949044.192983625], [567724.9686384628, 5949034.414627617], [567708.2842340732, 5949028.877440144]]}, "properties": {"addr:city": "Norderstedt", "addr:country": "DE", "addr:housenumber": "156", "addr:postcode": "22851", "addr:street": "Segeberger Chaussee", "amenity": "restaurant", "building": "yes", "cuisine": "greek", "name": "Taverna Amfipolis", "opening_hours": "Tu-Su 16:00-22:00, PH,Sa,Su 05:00-22:00", "phone": "+49 40 6466 8104", "website": "https://amfipolis-norderstedt.de", "osm_id": 74381768, "tile_500": "NO_E567500_N5949000_500", "tile_250": "NO_E567500_N5949000_250", "shop": "", "public_transport": "", "railway": ""}}, {"type": "Feature", "geometry": {"type": "LineString", "coordinates": [[567098.124357024, 5948917.203010857], [567099.2359356679, 5948891.648565622], [567100.7098596223, 5948886.962817834], [567106.6587713092, 5948888.995093057], [567111.3454107096, 5948890.608755492], [567139.4988380527, 5948900.246801303], [567131.8619538225, 5948922.492182467], [567136.3704003211, 5948924.092196087], [567134.3854818378, 5948930.328437372], [567098.124357024, 5948917.203010857]]}, "properties": {"addr:city": "Norderstedt", "addr:country": "DE", "addr:housenumber": "93", "addr:postcode": "22850", "addr:street": "Segeberger Chaussee", "brand": "Netto Marken-Discount", "brand:wikidata": "Q879858", "brand:wikipedia": "de:Netto Marken-Discount", "building": "yes", "name": "Netto Marken-Discount", "opening_hours": "Mo-Sa 07:00-22:00", "shop": "supermarket", "website": "https://www.netto-online.de/filialen/Norderstedt/Segeberger-Chaussee-93/7108/", "osm_id": 74424230, "tile_500": "NO_E567000_N5948500_500", "tile_250": "NO_E567000_N5948750_250", "amenity": "", "public_transport": "", "railway": ""}}, {"type": "Feature", "geometry": {"type": "LineString", "coordinates": [[566784.7141640191, 5948787.34264719], [566788.1563695661, 5948777.076697124], [566805.1379840663, 5948782.748325372], [566808.87887804, 5948783.992156428], [566806.1194163248, 5948792.2315291455], [566805.4432356515, 5948794.258185673], [566784.7141640191, 5948787.34264719]]}, "properties": {"addr:city": "Norderstedt", "addr:housenumber": "69-71", "addr:postcode": "22850", "addr:street": "Segeberger Chaussee", "amenity": "fuel", "brand": "Shell", "brand:wikidata": "Q110716465", "brand:wikipedia": "en:Royal Dutch Shell", "building": "yes", "compressed_air": "yes", "fuel:diesel": "yes", "fuel:e10": "yes", "fuel:octane_95": "yes", "name": "Shell", "opening_hours": "24/7", "phone": "+49 40 5479065", "surveillance": "yes", "surveillance:type": "camera", "surveillance:zone": "area", "website": "https://find.shell.com/de/fuel/10024076-norderstedt-segeberger-chau", "osm_id": 74424252, "tile_500": "NO_E566500_N5948500_500", "tile_250": "NO_E566750_N5948750_250", "shop": "", "public_transport": "", "railway": ""}}, {"type": "Feature", "geometry": {"type": "LineString", "coordinates": [[567265.6906489513, 5948235.132178533], [567261.4458328149, 5948218.770028077], [567270.2516218787, 5948216.503794794], [567269.6256914029, 5948214.08022576], [567272.0593146523, 5948213.447450145], [567272.6101261199, 5948215.580636177], [567276.1245193048, 5948214.674035698], [567277.4389175116, 5948219.766870137], [567272.3066772618, 5948221.084257373], [567273.6336502535, 5948226.221779692], [567278.7660447104, 5948224.893269013], [567280.4376415234, 5948231.337613461], [567265.6906489513, 5948235.132178533]]}, "properties": {"amenity": "kindergarten", "building": "kindergarten", "name": "Kita \"Kinderhaus Zweistein\"", "osm_id": 74433874, "tile_500": "NO_E567000_N5948000_500", "tile_250": "NO_E567250_N5948000_250", "shop": "", "public_transport": "", "railway": ""}}, {"type": "Feature", "geometry": {"type": "LineString", "coordinates": [[565696.889246865, 5949886.603607348], [565716.1223570902, 5949892.102589187], [565725.1677384935, 5949860.650360009], [565714.8276299271, 5949857.690423903], [565709.6489194115, 5949875.699556581], [565711.3130227478, 5949876.179064833], [565709.4593056574, 5949882.640247631], [565698.8955230489, 5949879.621578862], [565696.889246865, 5949886.603607348]]}, "properties": {"addr:city": "Norderstedt", "addr:housenumber": "110", "addr:postcode": "22850", "addr:street": "Ulzburger Stra\u00dfe", "amenity": "fuel", "branch": "Norderstedt, Ulzburger Str.", "brand": "HEM", "brand:wikidata": "Q109930239", "brand:wikipedia": "de:Deutsche Tamoil", "building": "yes", "compressed_air": "yes", "fuel:diesel": "yes", "fuel:e10": "yes", "fuel:octane_95": "yes", "name": "HEM", "opening_hours": "Mo-Fr 05:30-22:30; Sa-Su,PH 07:00-22:30", "operator": "Deutsche Tamoil GmbH", "payment:american_express": "yes", "payment:cash": "yes", "payment:coins": "yes", "payment:contactless": "yes", "payment:credit_cards": "yes", "payment:debit_cards": "yes", "payment:dkv": "yes", "payment:fillibri": "yes", "payment:logpay": "yes", "payment:maestro": "yes", "payment:mastercard": "yes", "payment:notes": "yes", "payment:novofleet": "yes", "payment:rydpay": "yes", "payment:uta": "yes", "payment:visa": "yes", "phone": "+49 40 51323054", "ref:vatin": "DE156377416", "website": "https://www.hem-tankstelle.de/partner/HEM/Norderstedt/Ulzburger-Str-110", "osm_id": 75350060, "tile_500": "NO_E565500_N5949500_500", "tile_250": "NO_E565500_N5949750_250", "shop": "", "public_transport": "", "railway": ""}}, {"type": "Feature", "geometry": {"type": "LineString", "coordinates": [[565867.6454142322, 5949343.1871257955], [565884.908869095, 5949347.524147895], [565889.1752344362, 5949330.603980935], [565871.9117204279, 5949326.266943693], [565867.6454142322, 5949343.1871257955]]}, "properties": {"addr:city": "Norderstedt", "addr:country": "DE", "addr:housenumber": "64", "addr:postcode": "22850", "addr:street": "Ulzburger Stra\u00dfe", "amenity": "restaurant", "building": "apartments", "building:levels": "2", "capacity": "110", "check_date:opening_hours": "2025-06-11", "cuisine": "steak", "indoor_seating": "yes", "name": "Elrado-House", "opening_hours": "Mo-Su 11:30-23:00", "operator": "Zeljko Ninic;Drazen Ninic", "outdoor_seating": "yes", "phone": "+49 40 5252054", "roof:levels": "2", "roof:shape": "half-hipped", "toilets": "yes", "toilets:wheelchair": "yes", "website": "https://elrado-house.de/norderstedt/", "wheelchair": "limited", "osm_id": 75586445, "tile_500": "NO_E565500_N5949000_500", "tile_250": "NO_E565750_N5949250_250", "shop": "", "public_transport": "", "railway": ""}}, {"type": "Feature", "geometry": {"type": "LineString", "coordinates": [[565680.9375826031, 5956614.383275242], [565678.2525746145, 5956614.456896467], [565677.8578869804, 5956599.8078718195], [565672.6790591016, 5956599.957800399], [565669.4582435904, 5956601.55947762], [565669.8022990852, 5956613.236809552], [565671.6890575514, 5956613.1853728285], [565671.9351629837, 5956621.500895711], [565681.1447697104, 5956621.240580515], [565680.9375826031, 5956614.383275242]]}, "properties": {"addr:city": "Henstedt-Ulzburg", "addr:country": "DE", "addr:housenumber": "1", "addr:postcode": "24558", "addr:street": "Middelweg", "amenity": "fuel", "brand": "Shell", "brand:wikidata": "Q110716465", "brand:wikipedia": "en:Royal Dutch Shell", "building": "yes", "check_date": "2025-08-07", "check_date:compressed_air": "2025-08-07", "compressed_air": "yes", "fuel:GTL_diesel": "yes", "fuel:diesel": "yes", "fuel:e10": "yes", "fuel:octane_100": "yes", "fuel:octane_95": "yes", "name": "Shell", "opening_hours": "Mo-Fr 06:00-22:00; Sa 07:00-22:00; Su 08:00-22:00", "operator": "Shell Deutschland GmbH", "phone": "+49 4193 78150", "shop": "convenience", "website": "https://find.shell.com/de/fuel/10024674-henstedt-ulzburg-middelweg", "wheelchair": "no", "osm_id": 76729876, "tile_500": "NO_E565500_N5956500_500", "tile_250": "NO_E565500_N5956500_250", "public_transport": "", "railway": ""}}, {"type": "Feature", "geometry": {"type": "LineString", "coordinates": [[565775.638751448, 5956522.554682896], [565775.1214794817, 5956531.682912252], [565775.0959181894, 5956562.149035104], [565778.475038351, 5956565.245363102], [565782.5378573376, 5956568.963296119], [565798.6066064502, 5956563.024491539], [565799.7492931071, 5956522.9934734125], [565793.0375751783, 5956515.833370828], [565775.638751448, 5956522.554682896]]}, "properties": {"addr:city": "Henstedt-Ulzburg", "addr:country": "DE", "addr:housenumber": "63", "addr:postcode": "24558", "addr:street": "Wilstedter Stra\u00dfe", "brand": "REWE", "brand:wikidata": "Q16968817", "brand:wikipedia": "de:Rewe", "building": "yes", "building:levels": "1", "check_date:opening_hours": "2025-08-07", "name": "REWE", "opening_hours": "Mo-Sa 07:00-22:00", "roof:shape": "flat", "shop": "supermarket", "wheelchair": "yes", "osm_id": 78336423, "tile_500": "NO_E565500_N5956500_500", "tile_250": "NO_E565750_N5956500_250", "amenity": "", "public_transport": "", "railway": ""}}, {"type": "Feature", "geometry": {"type": "LineString", "coordinates": [[565528.1695992409, 5952083.741098995], [565527.6206635698, 5952077.2017728025], [565517.3772643962, 5952078.060134578], [565517.0546944091, 5952074.216750423], [565506.5535950756, 5952075.093790913], [565507.435851188, 5952085.6546824165], [565501.4747694058, 5952086.161178539], [565503.7224241336, 5952112.864426369], [565517.2566826467, 5952111.7404392725], [565516.418861422, 5952101.781033539], [565523.3183101842, 5952101.198647045], [565523.0747770476, 5952098.313304183], [565527.3902164927, 5952097.950754252], [565527.0671904038, 5952094.140744271], [565528.7392199866, 5952093.997194276], [565529.0280867429, 5952097.417275699], [565538.3726580464, 5952096.635399203], [565537.2299478056, 5952082.988630711], [565528.1695992409, 5952083.741098995]]}, "properties": {"addr:housenumber": "42", "addr:street": "Waldstra\u00dfe", "amenity": "kindergarten", "building": "kindergarten", "check_date": "2024-07-28", "name": "Kindertagesst\u00e4tte Kleine Strolche", "operator": "AWO", "osm_id": 83361311, "tile_500": "NO_E565500_N5952000_500", "tile_250": "NO_E565500_N5952000_250", "shop": "", "public_transport": "", "railway": ""}}, {"type": "Feature", "geometry": {"type": "LineString", "coordinates": [[565880.8453690781, 5948498.799553019], [565883.0243818716, 5948499.809309946], [565886.393891476, 5948501.659178346], [565926.79406793, 5948526.260779066], [565963.5246328613, 5948548.719288237], [565972.1206318483, 5948534.018679109], [565977.4702683585, 5948525.637202851], [565924.7803088085, 5948471.598238871], [565908.6478054593, 5948484.824518751], [565905.4800572281, 5948484.602028593], [565902.6101916197, 5948484.806552116], [565899.4750944878, 5948485.552585489], [565880.8453690781, 5948498.799553019]]}, "properties": {"building": "apartments", "building:levels": "6", "shop": "mall", "osm_id": 84658215, "tile_500": "NO_E565500_N5948500_500", "tile_250": "NO_E565750_N5948500_250", "name": "", "amenity": "", "public_transport": "", "railway": ""}}, {"type": "Feature", "geometry": {"type": "LineString", "coordinates": [[568491.1996786661, 5948793.896563918], [568514.8559069473, 5948847.229786217], [568554.0505882102, 5948840.646990601], [568553.2942072025, 5948826.849241459], [568547.663174438, 5948779.5428417055], [568535.7717266167, 5948785.055312607], [568491.1996786661, 5948793.896563918]]}, "properties": {"addr:city": "Norderstedt", "addr:housenumber": "268", "addr:postcode": "22851", "addr:street": "Poppenb\u00fctteler Stra\u00dfe", "amenity": "kindergarten", "name": "Ev. Kita Glash\u00fctte", "osm_id": 85997816, "tile_500": "NO_E568500_N5948500_500", "tile_250": "NO_E568500_N5948750_250", "shop": "", "public_transport": "", "railway": ""}}, {"type": "Feature", "geometry": {"type": "LineString", "coordinates": [[568535.7717266167, 5948785.055312607], [568491.1996786661, 5948793.896563918], [568469.3697971824, 5948749.369529771], [568464.9157609482, 5948728.196140353], [568461.4284864133, 5948713.65758157], [568555.0743879377, 5948718.484352847], [568608.897891854, 5948721.228824571], [568613.4368512479, 5948748.301067643], [568656.5738074475, 5948740.975545762], [568655.7575991263, 5948811.710921312], [568553.2942072025, 5948826.849241459], [568547.663174438, 5948779.5428417055], [568535.7717266167, 5948785.055312607]]}, "properties": {"amenity": "school", "wikidata": "Q133931605", "osm_id": 85997842, "tile_500": "NO_E568500_N5948500_500", "tile_250": "NO_E568500_N5948750_250", "name": "", "shop": "", "public_transport": "", "railway": ""}}, {"type": "Feature", "geometry": {"type": "LineString", "coordinates": [[562272.3966938525, 5955295.665003734], [562269.7500889873, 5955293.793863709], [562267.4848280286, 5955296.979486982], [562255.6959845965, 5955288.644440696], [562262.1289771377, 5955279.5834553], [562273.7177176301, 5955263.26937636], [562276.2532568658, 5955265.061152552], [562279.4798261735, 5955260.519679138], [562287.7007561439, 5955266.326016294], [562284.4203866709, 5955270.944658611], [562288.1060060379, 5955273.552878391], [562272.3966938525, 5955295.665003734]]}, "properties": {"addr:city": "Quickborn", "addr:country": "DE", "addr:housenumber": "1", "addr:postcode": "25451", "addr:street": "Auf dem Halenberg", "amenity": "fast_food", "brand": "McDonald's", "brand:wikidata": "Q38076", "brand:wikipedia": "en:McDonald's", "building": "yes", "changing_table": "yes", "check_date": "2026-04-25", "cuisine": "burger", "description": "Mit McCaf\u00e9", "description:en": "With McCaf\u00e9", "drive_through": "yes", "indoor_seating": "yes", "internet_access": "wlan", "internet_access:fee": "no", "kids_area": "yes", "name": "McDonald's", "opening_hours": "Su-Th 07:00-01:00, Fr 07:00-02:00, Sa 06:00-02:00", "operator": "D. C. Systemgastronomie", "outdoor_seating": "yes", "phone": "+49 4106 773006", "takeaway": "yes", "website": "https://www.mcdonalds.de/restaurant/quickborn-auf-dem-halenberg", "wheelchair": "yes", "osm_id": 99789820, "tile_500": "NO_E562000_N5955000_500", "tile_250": "NO_E562250_N5955250_250", "shop": "", "public_transport": "", "railway": ""}}, {"type": "Feature", "geometry": {"type": "LineString", "coordinates": [[564431.2021449893, 5948101.513099281], [564421.3718272012, 5948087.05773183], [564437.5160032257, 5948076.129875101], [564447.3461434513, 5948090.59640127], [564431.2021449893, 5948101.513099281]]}, "properties": {"addr:city": "Norderstedt", "addr:housenumber": "58", "addr:postcode": "22848", "addr:street": "Ochsenzoller Stra\u00dfe", "amenity": "restaurant", "building": "commercial", "name": "Clubhaus", "opening_hours": "Mo-Fr 17:00+; Sa-Su 11:00+", "phone": "+49 176 80766114", "website": "https://www.eintrachtnorderstedt.de/Seite/8939/Clubhaus", "osm_id": 107809949, "tile_500": "NO_E564000_N5948000_500", "tile_250": "NO_E564250_N5948000_250", "shop": "", "public_transport": "", "railway": ""}}, {"type": "Feature", "geometry": {"type": "LineString", "coordinates": [[566822.535332875, 5948814.441311905], [566831.7198512969, 5948786.397963201], [566849.4067711204, 5948792.168809125], [566848.3296288115, 5948795.44712489], [566873.689585846, 5948803.719648955], [566868.0752616402, 5948820.853470836], [566872.2570074836, 5948822.214903232], [566869.7571269223, 5948829.845941872], [566822.535332875, 5948814.441311905]]}, "properties": {"addr:city": "Norderstedt", "addr:housenumber": "73-75", "addr:postcode": "22850", "addr:street": "Segeberger Chaussee", "brand": "PENNY", "brand:wikidata": "Q284688", "brand:wikipedia": "en:Penny (supermarket)", "building": "yes", "name": "PENNY", "opening_hours": "Mo-Fr 07:00-23:00", "payment:american_express": "yes", "payment:apple_pay": "yes", "payment:cash": "yes", "payment:coins": "yes", "payment:contactless": "yes", "payment:credit_cards": "yes", "payment:debit_cards": "yes", "payment:girocard": "yes", "payment:google_pay": "yes", "payment:maestro": "yes", "payment:mastercard": "yes", "payment:payback_pay": "yes", "payment:visa": "yes", "payment:visa_debit": "yes", "shop": "supermarket", "wheelchair": "yes", "osm_id": 112072664, "tile_500": "NO_E566500_N5948500_500", "tile_250": "NO_E566750_N5948750_250", "amenity": "", "public_transport": "", "railway": ""}}, {"type": "Feature", "geometry": {"type": "LineString", "coordinates": [[565998.3906295819, 5948607.93823998], [566015.8235453875, 5948616.383982299], [566022.714256409, 5948602.226975987], [566005.281298995, 5948593.781208567], [565998.3906295819, 5948607.93823998]]}, "properties": {"addr:city": "Norderstedt", "addr:housenumber": "3", "addr:postcode": "22848", "addr:street": "Schmuggelstieg", "building": "yes", "name": "S\u00f6nmez Markt", "shop": "supermarket", "wheelchair": "no", "osm_id": 113081761, "tile_500": "NO_E566000_N5948500_500", "tile_250": "NO_E566000_N5948500_250", "amenity": "", "public_transport": "", "railway": ""}}, {"type": "Feature", "geometry": {"type": "LineString", "coordinates": [[565755.1975734816, 5954424.6908550365], [565754.53752385, 5954443.052665243], [565798.2773180798, 5954444.6234311685], [565798.514267927, 5954438.083940182], [565813.9381773095, 5954438.645434137], [565813.2879304362, 5954456.76257972], [565823.7199590043, 5954457.142744211], [565824.6851228686, 5954430.228373718], [565811.7800412616, 5954429.768974621], [565811.9814440839, 5954424.3528362475], [565801.0283887794, 5954423.954257685], [565800.9420393029, 5954426.345402099], [565755.1975734816, 5954424.6908550365]]}, "properties": {"addr:city": "Norderstedt", "addr:housenumber": "490", "addr:postcode": "22844", "addr:street": "Ulzburger Stra\u00dfe", "amenity": "fire_station", "building": "yes", "check_date": "2024-10-04", "name": "Freiwillige Feuerwehr Friedrichsgabe", "website": "https://www.feuerwehr-friedrichsgabe.de/", "osm_id": 120872114, "tile_500": "NO_E565500_N5954000_500", "tile_250": "NO_E565750_N5954250_250", "shop": "", "public_transport": "", "railway": ""}}, {"type": "Feature", "geometry": {"type": "LineString", "coordinates": [[565821.2785047384, 5953138.887742008], [565826.3881521184, 5953139.237649783], [565825.5827455956, 5953151.010068403], [565833.3625851345, 5953151.542122985], [565835.0716737318, 5953126.641146866], [565822.1821312612, 5953125.759181132], [565821.2785047384, 5953138.887742008]]}, "properties": {"addr:city": "Norderstedt", "addr:country": "DE", "addr:housenumber": "499", "addr:postcode": "22846", "addr:street": "Ulzburger Stra\u00dfe", "amenity": "restaurant", "building": "yes", "check_date": "2023-04-29", "cuisine": "greek", "indoor_seating": "yes", "name": "Irodion", "note": "not sure if smoking area still exists", "opening_hours": "Tu-Fr 17:00-22:30, Su,PH 12:00-15:00, Su 17:00-21:30; Mo off", "outdoor_seating": "yes", "phone": "+49 40 5261777", "reservation": "yes", "smoking": "isolated", "website": "http://irodion-norderstedt.rgio.de/", "wheelchair": "limited", "osm_id": 120872116, "tile_500": "NO_E565500_N5953000_500", "tile_250": "NO_E565750_N5953000_250", "shop": "", "public_transport": "", "railway": ""}}, {"type": "Feature", "geometry": {"type": "LineString", "coordinates": [[565808.33176642, 5953875.973667852], [565839.1841350448, 5953877.975805916], [565843.0491100391, 5953818.899976124], [565835.4480357631, 5953818.403773197], [565834.5928034734, 5953831.377242119], [565817.6766813006, 5953830.271793696], [565816.7452566153, 5953844.4459362365], [565810.4231299009, 5953844.034492183], [565809.0785149514, 5953864.6121205585], [565808.33176642, 5953875.973667852]]}, "properties": {"addr:city": "Norderstedt", "addr:country": "DE", "addr:housenumber": "446-454", "addr:postcode": "22844", "addr:street": "Ulzburger Stra\u00dfe", "brand": "Lidl", "brand:wikidata": "Q151954", "brand:wikipedia": "en:Lidl", "building": "retail", "building:levels": "1", "check_date:opening_hours": "2024-05-08", "currency:EUR": "yes", "name": "Lidl", "opening_hours": "Mo-Sa 07:00-21:00", "operator": "Lidl Vertriebs-GmbH & Co. KG (Siek)", "organic": "yes", "payment:cash": "yes", "payment:coins": "yes", "payment:contactless": "yes", "payment:credit_cards": "yes", "payment:debit_cards": "yes", "payment:girocard": "yes", "payment:mastercard": "yes", "payment:visa": "yes", "payment:visa_debit": "yes", "roof:levels": "0", "roof:shape": "gabled", "shop": "supermarket", "toilets:wheelchair": "no", "website": "https://www.lidl.de/filialen/norderstedt/ulzburger-str-446-454.html", "wheelchair": "yes", "osm_id": 120872137, "tile_500": "NO_E565500_N5953500_500", "tile_250": "NO_E565750_N5953750_250", "amenity": "", "public_transport": "", "railway": ""}}, {"type": "Feature", "geometry": {"type": "LineString", "coordinates": [[564557.559170478, 5956593.156605889], [564564.5903323385, 5956597.359465806], [564573.9587941266, 5956581.743606391], [564548.7249408083, 5956566.663351574], [564543.8854824807, 5956574.730653993], [564562.0881369599, 5956585.608016509], [564557.559170478, 5956593.156605889]]}, "properties": {"addr:city": "Norderstedt", "addr:country": "DE", "addr:housenumber": "51", "addr:postcode": "22844", "addr:street": "Elfenhagen", "amenity": "restaurant", "building": "yes", "cuisine": "steak_house", "email": "info@steakhouse-meeschensee.de", "fax": "+49 40 65791729", "indoor_seating": "yes", "name": "Steak-House Meeschensee", "opening_hours": "Tu-Su 12:00-22:00", "outdoor_seating": "yes", "phone": "+49 40 65791726", "smoking": "isolated", "website": "https://steakhouse-meeschensee.de/", "wheelchair": "limited", "osm_id": 123627039, "tile_500": "NO_E564500_N5956500_500", "tile_250": "NO_E564500_N5956500_250", "shop": "", "public_transport": "", "railway": ""}}, {"type": "Feature", "geometry": {"type": "LineString", "coordinates": [[566125.1946551321, 5948160.886156782], [566125.9618097569, 5948155.667198389], [566138.1829963202, 5948157.597365667], [566137.3087362613, 5948162.914958495], [566135.2192947542, 5948162.57397647], [566134.5184434925, 5948166.836932518], [566133.9553092279, 5948170.233910309], [566133.8100483583, 5948171.166545332], [566135.9918011752, 5948171.519953817], [566135.0521468682, 5948177.259457861], [566117.0646881808, 5948174.313440784], [566119.4349204407, 5948159.870389503], [566121.2277593913, 5948160.162680287], [566124.2060772497, 5948160.716458781], [566125.1946551321, 5948160.886156782]]}, "properties": {"building": "train_station", "building:levels": "1", "level": "0", "roof:levels": "0", "osm_id": 124358795, "tile_500": "NO_E566000_N5948000_500", "tile_250": "NO_E566000_N5948000_250", "name": "", "amenity": "", "shop": "", "public_transport": "", "railway": ""}}, {"type": "Feature", "geometry": {"type": "LineString", "coordinates": [[565636.2632380298, 5951477.185076308], [565635.1810531017, 5951490.8341140505], [565634.8443812596, 5951495.079987003], [565650.4204593892, 5951496.310492071], [565662.7652736352, 5951497.284407547], [565662.1323567501, 5951505.242611727], [565674.2330856037, 5951506.202014632], [565673.1104724914, 5951520.373458145], [565651.4083034893, 5951518.656568452], [565652.0168852473, 5951511.020710819], [565649.0098957967, 5951510.778344207], [565641.2152033062, 5951510.168557505], [565639.3879587838, 5951533.187384674], [565599.16382898, 5951551.607753077], [565590.2323061643, 5951532.210603232], [565597.5077974347, 5951528.874025006], [565595.2332522825, 5951523.935137016], [565593.0163949345, 5951519.119455766], [565575.2763720381, 5951527.239104493], [565566.6954753791, 5951526.674088164], [565566.5929492018, 5951528.341731954], [565549.4891614332, 5951527.312701765], [565549.8051875295, 5951522.176361596], [565542.5231603312, 5951521.729681996], [565542.9175438075, 5951515.236920742], [565547.772183637, 5951515.538414576], [565548.1496434023, 5951509.312469443], [565555.0955344456, 5951509.721079048], [565555.2845800959, 5951506.585856745], [565551.1223542335, 5951506.3385383785], [565551.9468749986, 5951492.685886127], [565545.7925456713, 5951492.321721931], [565547.0391707584, 5951471.6092099855], [565565.3219884094, 5951463.396892611], [565569.1020751212, 5951461.702753392], [565570.8690799314, 5951465.644214863], [565587.4975544058, 5951458.187764229], [565583.5532609678, 5951449.431174105], [565575.5369115989, 5951449.0854526935], [565575.8385871744, 5951440.254691005], [565553.7143532304, 5951439.422536846], [565549.5892137338, 5951443.604355042], [565544.0605966848, 5951446.175383632], [565538.7698668363, 5951445.422716434], [565534.3964815101, 5951440.910756603], [565532.9396681347, 5951436.02783274], [565533.7488311646, 5951423.943896698], [565598.5216097478, 5951426.618304485], [565610.7337747754, 5951464.944161946], [565609.8146165487, 5951467.41266892], [565613.0879124891, 5951473.6340291295], [565618.0090640013, 5951473.903143398], [565622.1123790103, 5951474.116315007], [565623.2129702095, 5951467.644563451], [565663.9309542457, 5951448.430140928], [565666.4896609411, 5951453.818126851], [565692.0356675214, 5951441.768938042], [565698.7304741346, 5951455.871804829], [565656.7829104313, 5951475.669587799], [565653.6150632965, 5951468.993457016], [565636.2632380298, 5951477.185076308]]}, "properties": {"addr:city": "Norderstedt", "addr:country": "DE", "addr:housenumber": "50", "addr:postcode": "22846", "addr:street": "Rathausallee", "amenity": "townhall", "building": "yes", "name": "Rathaus Norderstedt", "opening_hours": "Mo,Tu,Th,Fr 08:30-12:00, Th 14:30-18:00", "toilets:wheelchair": "no", "wheelchair": "yes", "wheelchair:description": "Rathausplatz Gefahrenquelle f\u00fcr Rollstuhllenkr\u00e4der Adaptiv u.\u00e4.: Festfahr- / Sturzgefahr auch bei Langsamfahrt", "osm_id": 125480925, "tile_500": "NO_E565500_N5951000_500", "tile_250": "NO_E565500_N5951250_250", "shop": "", "public_transport": "", "railway": ""}}, {"type": "Feature", "geometry": {"type": "LineString", "coordinates": [[569023.3193994645, 5950068.9785993025], [569033.6152062281, 5950079.7343592765], [569031.282475507, 5950081.636207571], [569036.3490004512, 5950086.484348703], [569033.7564275938, 5950088.093063346], [569041.0702457594, 5950095.500166942], [569055.4680247152, 5950082.392546487], [569048.745428411, 5950074.7493163645], [569045.6998419736, 5950077.074637263], [569033.7343191239, 5950064.002062554], [569036.5293976486, 5950062.095888092], [569033.9193712359, 5950059.053121154], [569012.6477479081, 5950035.272780222], [569008.770313792, 5950039.377395086], [569025.6875730876, 5950057.930601168], [569023.3533168482, 5950060.833890957], [569027.3705095021, 5950065.188115887], [569023.3193994645, 5950068.9785993025]]}, "properties": {"addr:city": "Norderstedt", "addr:country": "DE", "addr:housenumber": "273", "addr:postcode": "22851", "addr:street": "Segeberger Chaussee", "amenity": "restaurant", "building": "yes", "contact:website": "www.maixims.de", "cuisine": "chinese", "name": "Maixim's", "opening_hours": "Mo,We-Sa 12:00-15:00,18:00-22:00; Su,PH 12:00-22:00", "phone": "+49 40 5291628", "website": "http://maixims.de/", "wheelchair": "yes", "osm_id": 129869409, "tile_500": "NO_E569000_N5950000_500", "tile_250": "NO_E569000_N5950000_250", "shop": "", "public_transport": "", "railway": ""}}, {"type": "Feature", "geometry": {"type": "LineString", "coordinates": [[569319.6342532426, 5950370.556821931], [569327.2911844972, 5950383.733431833], [569336.1501927902, 5950379.4578673085], [569348.9474170153, 5950392.888493559], [569345.334047298, 5950396.996734619], [569360.013631402, 5950413.9714505095], [569352.3360013504, 5950422.314783737], [569349.9873676285, 5950419.932206783], [569348.2747631983, 5950421.876443016], [569346.3843756985, 5950420.657883972], [569342.766015965, 5950423.764590924], [569317.2952651499, 5950397.027632428], [569301.8376568232, 5950404.555125137], [569299.5286709897, 5950400.826750024], [569287.6409877236, 5950406.292804913], [569279.9956120682, 5950391.881295434], [569319.6342532426, 5950370.556821931]]}, "properties": {"addr:city": "Norderstedt", "addr:country": "DE", "addr:housenumber": "309", "addr:postcode": "22851", "addr:street": "Segeberger Chaussee", "amenity": "restaurant", "building": "yes", "check_date": "2024-06-19", "cuisine": "german", "name": "Hotel & Restaurant Zur Glash\u00fctte", "opening_hours": "Mo,Th-Sa 16:00-22:00; Tu,We off", "phone": "+49 40 5298660", "tourism": "hotel", "website": "https://www.zur-glashuette.de/", "website:menu": "https://www.zur-glashuette.de/restaurant/auszug-aus-der-speisekarte", "osm_id": 129952225, "tile_500": "NO_E569000_N5950000_500", "tile_250": "NO_E569250_N5950250_250", "shop": "", "public_transport": "", "railway": ""}}, {"type": "Feature", "geometry": {"type": "LineString", "coordinates": [[564506.5827203755, 5950520.8751239125], [564527.562185023, 5950515.477579584], [564520.1393182124, 5950486.734352849], [564509.5766709462, 5950489.448819558], [564510.1972230655, 5950491.860804268], [564505.008714699, 5950493.191503624], [564505.579206251, 5950495.4025117345], [564500.3509392752, 5950496.743796775], [564506.5827203755, 5950520.8751239125]]}, "properties": {"addr:city": "Norderstedt", "addr:housenumber": "1", "addr:postcode": "22846", "addr:street": "Christine-Teusch-Stra\u00dfe", "amenity": "kindergarten", "building": "yes", "check_date": "2025-10-13", "name": "Kita \"Die W\u00fchlm\u00e4use\"", "osm_id": 136683501, "tile_500": "NO_E564500_N5950500_500", "tile_250": "NO_E564500_N5950500_250", "shop": "", "public_transport": "", "railway": ""}}, {"type": "Feature", "geometry": {"type": "LineString", "coordinates": [[565713.9565439083, 5957234.7026552735], [565704.62661894, 5957236.57464841], [565697.4182171479, 5957232.923908711], [565694.2840839922, 5957229.78655446], [565641.8582036901, 5957147.911244818], [565686.4489436005, 5957132.613356844], [565708.41971669, 5957124.609505856], [565716.1611338628, 5957233.598609855], [565713.9565439083, 5957234.7026552735]]}, "properties": {"amenity": "kindergarten", "check_date": "2025-08-07", "name": "Theodor-Storm-Stra\u00dfe", "osm_id": 145428600, "tile_500": "NO_E565500_N5957000_500", "tile_250": "NO_E565500_N5957000_250", "shop": "", "public_transport": "", "railway": ""}}, {"type": "Feature", "geometry": {"type": "LineString", "coordinates": [[566329.8940100963, 5951609.662324161], [566341.0859248195, 5951608.1069820225], [566343.2764419611, 5951607.726251138], [566345.7713595432, 5951607.294189938], [566355.4200759128, 5951605.628040645], [566402.1344632707, 5951594.338358972], [566455.4257145966, 5951578.290825063], [566465.3372060508, 5951574.8593932325], [566483.1379833918, 5951568.61331362], [566471.8812062199, 5951539.790078513], [566468.1236281964, 5951530.089538216], [566469.6029258217, 5951529.587516922], [566501.8286856234, 5951518.683299962], [566504.8665831494, 5951525.591860221], [566520.284667822, 5951519.790612703], [566519.2019452048, 5951436.910813484], [566496.1981098973, 5951447.367001657], [566427.6554200178, 5951477.841563231], [566411.4611903112, 5951438.19969102], [566349.6485197066, 5951286.907450514], [566344.6446203112, 5951279.871056944], [566337.0089921871, 5951277.326235456], [566326.3087033641, 5951276.273658427], [566276.5365146392, 5951307.995025667], [566263.6785071116, 5951313.877744497], [566255.9120023107, 5951315.459400731], [566244.8962239082, 5951316.182905989], [566234.9082601062, 5951315.652444695], [566226.2314787132, 5951315.307419941], [566216.6541748254, 5951315.149991879], [566274.0480454935, 5951463.1288352255], [566296.06420705, 5951520.656019359], [566329.8940100963, 5951609.662324161]]}, "properties": {"addr:city": "Norderstedt", "addr:country": "DE", "addr:housenumber": "25", "addr:postcode": "22844", "addr:street": "Falkenbergstra\u00dfe", "amenity": "school", "name": "Gymnasium Harksheide", "school:de": "Gymnasium", "toilets:wheelchair": "yes", "website": "https://www.gymnasium-harksheide.de/", "wheelchair": "no", "osm_id": 150069507, "tile_500": "NO_E566000_N5951000_500", "tile_250": "NO_E566250_N5951250_250", "shop": "", "public_transport": "", "railway": ""}}, {"type": "Feature", "geometry": {"type": "LineString", "coordinates": [[568046.5021818775, 5948120.764398814], [567976.7897615496, 5948008.894236734], [567952.4964268755, 5947949.08988215], [567934.9923814595, 5947860.185993181], [567881.8054331334, 5947656.333971697], [567974.9787962827, 5947635.471332977], [568151.1344349564, 5947595.473063069], [568247.7092218574, 5948001.895924448], [568046.5021818775, 5948120.764398814]]}, "properties": {"addr:city": "Hamburg", "addr:housenumber": "400", "addr:postcode": "22417", "addr:street": "Tangstedter Landstra\u00dfe", "amenity": "hospital", "emergency": "yes", "healthcare": "hospital", "name": "Asklepios Klinik Nord Heidberg", "opening_hours": "24/7", "operator": "Asklepios Kliniken", "operator:type": "private", "operator:wikidata": "Q732068", "operator:wikipedia": "de:Asklepios Kliniken", "phone": "+49 40 1818870", "website": "https://www.asklepios.com/hamburg/nord/heidberg", "wheelchair": "yes", "osm_id": 150455353, "tile_500": "NO_E568000_N5947500_500", "tile_250": "NO_E568000_N5947750_250", "shop": "", "public_transport": "", "railway": ""}}, {"type": "Feature", "geometry": {"type": "LineString", "coordinates": [[563986.0069127802, 5948115.63374183], [564030.256200103, 5948115.179699524], [564053.9353785485, 5948107.780402014], [564073.9437671594, 5948083.262261243], [564094.3146839484, 5948040.422909838], [564062.6565521146, 5948018.604838788], [564025.0217985299, 5948038.276133722], [563975.9054124563, 5948051.148479762], [563986.0069127802, 5948115.63374183]]}, "properties": {"amenity": "school", "check_date": "2025-04-24", "name": "Grundschule Niendorfer Stra\u00dfe", "wheelchair": "no", "osm_id": 152637396, "tile_500": "NO_E564000_N5948000_500", "tile_250": "NO_E564000_N5948000_250", "shop": "", "public_transport": "", "railway": ""}}, {"type": "Feature", "geometry": {"type": "LineString", "coordinates": [[564908.752906857, 5947702.083468162], [564838.6960031709, 5947635.254811908], [564907.1232934962, 5947547.461357917], [564978.5291796088, 5947611.850592683], [564946.8386056813, 5947644.537659023], [564918.4563016951, 5947675.957654572], [564915.9267093719, 5947678.760101638], [564908.752906857, 5947702.083468162]]}, "properties": {"amenity": "school", "name": "Grundschule Gottfried-Keller-Stra\u00dfe", "wikidata": "Q133931625", "osm_id": 152650373, "tile_500": "NO_E564500_N5947500_500", "tile_250": "NO_E564750_N5947500_250", "shop": "", "public_transport": "", "railway": ""}}, {"type": "Feature", "geometry": {"type": "LineString", "coordinates": [[564913.9207127342, 5947645.584818618], [564904.5977658645, 5947637.956348112], [564907.4012910546, 5947634.456673991], [564890.937844951, 5947621.433087602], [564879.0685804567, 5947635.033336084], [564869.9077849771, 5947627.14012589], [564879.1680159271, 5947615.873887067], [564864.694648693, 5947602.744356657], [564885.1100547637, 5947578.880545286], [564893.6081775577, 5947586.920407866], [564881.8839967699, 5947601.012245983], [564888.3772800043, 5947606.387293682], [564891.7145108567, 5947602.03819759], [564900.4116816097, 5947609.535596807], [564897.3856959322, 5947613.354887056], [564913.8085915586, 5947626.923162036], [564926.7234066491, 5947612.736587435], [564935.6529320319, 5947620.626712746], [564913.9207127342, 5947645.584818618]]}, "properties": {"addr:city": "Norderstedt", "addr:country": "DE", "addr:housenumber": "39b", "addr:postcode": "22848", "addr:street": "Sandweg", "amenity": "school", "building": "school", "building:levels": "3", "check_date": "2024-07-27", "name": "Grundschule Gottfried Keller Stra\u00dfe", "roof:levels": "0", "osm_id": 154150411, "tile_500": "NO_E564500_N5947500_500", "tile_250": "NO_E564750_N5947500_250", "shop": "", "public_transport": "", "railway": ""}}, {"type": "Feature", "geometry": {"type": "LineString", "coordinates": [[567406.4626409397, 5948944.607999083], [567412.5825410062, 5948929.195628746], [567405.9683338462, 5948926.585922924], [567421.0936503252, 5948888.480903038], [567451.1761168593, 5948900.362846951], [567431.6505425016, 5948949.565192552], [567429.9372262312, 5948953.880207482], [567406.4626409397, 5948944.607999083]]}, "properties": {"addr:city": "Norderstedt", "addr:country": "DE", "addr:housenumber": "138", "addr:postcode": "22851", "addr:street": "Segeberger Chaussee", "brand": "Rewe", "brand:wikidata": "Q16968817", "brand:wikipedia": "de:Rewe", "building": "yes", "check_date:opening_hours": "2025-10-17", "contact:phone": "+49 40 51203994", "contact:website": "https://www.rewe.de/angebote/norderstedt/531117/rewe-markt-segeberger-chaussee-138/", "name": "REWE", "opening_hours": "Mo-Sa 07:00-22:00; PH off", "operator": "REWE Markt GmbH", "shop": "supermarket", "toilets:wheelchair": "yes", "wheelchair": "yes", "osm_id": 154452686, "tile_500": "NO_E567000_N5948500_500", "tile_250": "NO_E567250_N5948750_250", "amenity": "", "public_transport": "", "railway": ""}}, {"type": "Feature", "geometry": {"type": "LineString", "coordinates": [[567225.4035357054, 5951558.638566215], [567234.2925117866, 5951560.268125961], [567235.8894544471, 5951552.023454846], [567286.1159012829, 5951562.580036019], [567277.673456501, 5951602.550503424], [567288.0177081462, 5951604.890927336], [567285.1977831325, 5951618.770694695], [567274.8534610549, 5951616.89762051], [567271.7253218417, 5951637.082135941], [567264.5488501907, 5951673.031581479], [567217.2491089506, 5951662.862081943], [567215.1485124675, 5951672.167760643], [567208.9729092505, 5951670.543721794], [567202.981470473, 5951668.966838341], [567199.6056055258, 5951679.277963863], [567188.7771632273, 5951675.261707854], [567216.6359072161, 5951602.910723392], [567225.4035357054, 5951558.638566215]]}, "properties": {"addr:city": "Norderstedt", "addr:housenumber": "33-41", "addr:postcode": "22844", "addr:street": "Stormarnstra\u00dfe", "brand": "famila", "brand:wikidata": "Q1395108", "brand:wikipedia": "de:Famila", "building": "retail", "check_date:opening_hours": "2024-05-07", "currency:EUR": "yes", "fax": "+49 40 5250949", "internet_access": "wlan", "internet_access:fee": "no", "name": "famila", "opening_hours": "Mo-Sa 08:00-21:00; PH off", "operator": "Thomas Sch\u00f6nfeldt", "organic": "yes", "payment:cash": "yes", "payment:coins": "yes", "payment:girocard": "yes", "phone": "+49 40 525090", "shop": "supermarket", "website": "https://www.famila-nordost.de/wqwarenhaus/norderstedt/", "wheelchair": "yes", "osm_id": 154459927, "tile_500": "NO_E567000_N5951500_500", "tile_250": "NO_E567000_N5951500_250", "amenity": "", "public_transport": "", "railway": ""}}, {"type": "Feature", "geometry": {"type": "LineString", "coordinates": [[566099.5811806116, 5952564.987864599], [566123.795958059, 5952563.693502621], [566135.6216302633, 5952595.661855898], [566310.4891526339, 5952577.356481296], [566301.6775078289, 5952476.063104633], [566235.6927897031, 5952482.185442515], [566123.4139270392, 5952470.475366864], [566115.0423864085, 5952500.601139161], [566099.5811806116, 5952564.987864599]]}, "properties": {"addr:city": "Norderstedt", "addr:country": "DE", "addr:housenumber": "9a", "addr:postcode": "22844", "addr:street": "Weg am Denkmal", "amenity": "school", "name": "Grundschule Harksheide Nord", "school:de": "Grundschule", "osm_id": 154459932, "tile_500": "NO_E566000_N5952500_500", "tile_250": "NO_E566000_N5952500_250", "shop": "", "public_transport": "", "railway": ""}}, {"type": "Feature", "geometry": {"type": "LineString", "coordinates": [[566093.4100831319, 5948096.635725222], [566098.0826999494, 5948097.446998331], [566099.8989559901, 5948087.157695465], [566095.2198804615, 5948086.335202744], [566093.4100831319, 5948096.635725222]]}, "properties": {"addr:housenumber": "647", "amenity": "fast_food", "building": "retail", "cuisine": "german", "delivery": "no", "drive_through": "no", "name": "Imbiss Ochsenzoll", "opening_hours": "Mo-Fr 08:00-18:00", "roof:shape": "hipped", "takeaway": "yes", "wheelchair": "yes", "osm_id": 156295841, "tile_500": "NO_E566000_N5948000_500", "tile_250": "NO_E566000_N5948000_250", "shop": "", "public_transport": "", "railway": ""}}, {"type": "Feature", "geometry": {"type": "LineString", "coordinates": [[568089.108891575, 5948716.255969494], [568102.5335113418, 5948666.4892471675], [568122.2806753982, 5948671.794060794], [568110.2730287999, 5948716.306961967], [568108.8560196337, 5948721.549603646], [568089.108891575, 5948716.255969494]]}, "properties": {"addr:city": "Norderstedt", "addr:country": "DE", "addr:housenumber": "545-547", "addr:postcode": "22851", "addr:street": "Tangstedter Landstra\u00dfe", "alt_name": "schwarzer Netto", "brand": "Netto", "brand:wikidata": "Q552652", "brand:wikipedia": "da:Netto (supermarkedsk\u00e6de)", "building": "supermarket", "check_date:opening_hours": "2024-07-26", "name": "Netto", "opening_hours": "Mo-Sa 07:00-21:00; Su,PH off", "operator": "Netto ApS & Co. KG", "shop": "supermarket", "osm_id": 165518475, "tile_500": "NO_E568000_N5948500_500", "tile_250": "NO_E568000_N5948500_250", "amenity": "", "public_transport": "", "railway": ""}}, {"type": "Feature", "geometry": {"type": "LineString", "coordinates": [[567683.0282955226, 5951517.982890743], [567730.9698500541, 5951486.939732077], [567728.2040911269, 5951482.337616818], [567726.0477725053, 5951480.793177784], [567724.5607990703, 5951478.1568002505], [567724.6234290379, 5951473.818061957], [567726.8423833636, 5951471.023762032], [567729.6897362344, 5951469.974391667], [567732.7296914051, 5951470.674787835], [567735.9844104399, 5951471.589705119], [567750.8703993775, 5951496.362572983], [567743.1813395645, 5951501.247696377], [567744.1241376526, 5951503.164076191], [567734.1788827803, 5951508.394964306], [567732.6925810316, 5951506.170303176], [567729.5972094922, 5951508.395583461], [567716.83048516, 5951516.545635727], [567720.8956205704, 5951523.05813947], [567696.8045468114, 5951538.23302494], [567698.0121743369, 5951540.097580258], [567696.4477751853, 5951541.454790386], [567693.3586660367, 5951542.333782355], [567688.8791214946, 5951543.036933222], [567684.5756427031, 5951542.518626816], [567681.3635955616, 5951540.936722586], [567678.1605333271, 5951538.731822158], [567675.8879440227, 5951536.095254479], [567674.2426700455, 5951532.53304464], [567673.3673956277, 5951529.137724177], [567673.2666157142, 5951525.597793443], [567673.9335711363, 5951521.924282137], [567680.2180719111, 5951513.257762557], [567683.0282955226, 5951517.982890743]]}, "properties": {"addr:city": "Norderstedt", "addr:country": "DE", "addr:housenumber": "2", "addr:postcode": "22844", "addr:street": "Stormarnstra\u00dfe", "amenity": "fire_station", "building": "fire_station", "name": "Freiwillige Feuerwehr Norderstedt Feuerwehr-Technisches-Zentrum", "ref": "SE 90", "osm_id": 166627763, "tile_500": "NO_E567500_N5951500_500", "tile_250": "NO_E567500_N5951500_250", "shop": "", "public_transport": "", "railway": ""}}, {"type": "Feature", "geometry": {"type": "LineString", "coordinates": [[563237.6088796227, 5955947.823346504], [563212.8045521881, 5955959.984364552], [563211.3729391922, 5955957.083118975], [563207.7411789023, 5955958.870094647], [563205.685390987, 5955954.814334299], [563202.7918819509, 5955948.811151261], [563206.6160791357, 5955946.93775091], [563193.7832770859, 5955920.894037651], [563210.1425860424, 5955912.8695302615], [563207.5811465695, 5955907.671979358], [563215.8338907147, 5955903.621783374], [563237.6088796227, 5955947.823346504]]}, "properties": {"addr:city": "Quickborn", "addr:country": "DE", "addr:housenumber": "406", "addr:postcode": "25451", "addr:street": "Ulzburger Landstra\u00dfe", "brand": "Netto", "brand:wikidata": "Q552652", "brand:wikipedia": "da:Netto (supermarkedsk\u00e6de)", "building": "retail", "building:levels": "1", "check_date:opening_hours": "2026-05-17", "name": "Netto", "opening_hours": "Mo-Sa 07:00-21:00", "roof:levels": "0", "roof:shape": "hipped", "shop": "supermarket", "wheelchair": "yes", "osm_id": 167244533, "tile_500": "NO_E563000_N5955500_500", "tile_250": "NO_E563000_N5955750_250", "amenity": "", "public_transport": "", "railway": ""}}, {"type": "Feature", "geometry": {"type": "LineString", "coordinates": [[565237.6081539701, 5947654.286062512], [565247.0633131647, 5947651.880404016], [565243.2784199351, 5947637.062182279], [565233.8164729471, 5947639.478881762], [565237.6081539701, 5947654.286062512]]}, "properties": {"addr:city": "Norderstedt", "addr:housenumber": "13", "addr:postcode": "22848", "addr:street": "Rugenbarg", "amenity": "restaurant", "building": "yes", "name": "La Fortana", "opening_hours": "Mo-Fr 12:00-15:00,18:00-22:00; Sa 17:30-23:00; Su 13:00-21:30", "osm_id": 178782508, "tile_500": "NO_E565000_N5947500_500", "tile_250": "NO_E565000_N5947500_250", "shop": "", "public_transport": "", "railway": ""}}, {"type": "Feature", "geometry": {"type": "LineString", "coordinates": [[565664.696111354, 5948431.412988425], [565681.9207544766, 5948455.3101331275], [565668.9817509156, 5948464.131035539], [565667.7632444036, 5948462.456054947], [565642.5973592732, 5948480.675407904], [565632.2380418942, 5948466.57720337], [565629.0084069514, 5948468.891020281], [565625.1419352506, 5948469.504616967], [565622.8246946253, 5948469.872813418], [565621.3834219796, 5948462.864838688], [565628.3406166591, 5948457.587654273], [565664.696111354, 5948431.412988425]]}, "properties": {"addr:city": "Norderstedt", "addr:country": "DE", "addr:housenumber": "26", "addr:postcode": "22848", "addr:street": "Ohechaussee", "brand": "ALDI Nord", "brand:wikidata": "Q41171373", "brand:wikipedia": "en:Aldi", "building": "supermarket", "check_date": "2022-12-17", "name": "ALDI Nord", "opening_hours": "Mo-Sa 07:00-20:00; PH off", "shop": "supermarket", "website": "https://www.aldi-nord.de/filialen-und-oeffnungszeiten.html/l/norderstedt/ohechaussee-26-32/3181011", "wheelchair": "yes", "osm_id": 179053327, "tile_500": "NO_E565500_N5948000_500", "tile_250": "NO_E565500_N5948250_250", "amenity": "", "public_transport": "", "railway": ""}}, {"type": "Feature", "geometry": {"type": "LineString", "coordinates": [[565329.8055621543, 5948506.746406637], [565339.4293529396, 5948507.770463073], [565341.2691436951, 5948490.437764282], [565329.7522543216, 5948489.209335764], [565328.9012607818, 5948497.197891459], [565330.7944756141, 5948497.391134785], [565329.8055621543, 5948506.746406637]]}, "properties": {"addr:city": "Norderstedt", "addr:housenumber": "162", "addr:postcode": "22848", "addr:street": "Ochsenzoller Stra\u00dfe", "amenity": "restaurant", "building": "yes", "cuisine": "italian;spanish", "indoor_seating": "yes", "level": "0", "name": "Ristorante Aroma", "opening_hours": "PH,Tu-Su 16:00-23:00; Mo off", "outdoor_seating": "yes", "website": "https://www.ristorante-aroma.de/", "osm_id": 179060928, "tile_500": "NO_E565000_N5948000_500", "tile_250": "NO_E565250_N5948250_250", "shop": "", "public_transport": "", "railway": ""}}, {"type": "Feature", "geometry": {"type": "LineString", "coordinates": [[565978.4144752196, 5948427.865117118], [565986.102016572, 5948421.419236293], [565983.8148071773, 5948418.705458742], [565985.464278206, 5948416.970545194], [565987.1051136013, 5948415.380163744], [565988.4075036207, 5948413.428958749], [565989.3486637333, 5948411.328025534], [565990.0180904862, 5948409.290037164], [565990.6071660725, 5948407.3288098555], [565991.133164311, 5948405.155280542], [565992.6176402296, 5948404.820071179], [566008.7548441385, 5948400.696141152], [566020.0244027725, 5948405.427807261], [566022.1835443089, 5948405.50266868], [566022.5828638957, 5948408.112034546], [566024.1239332558, 5948407.5105791995], [566025.62788972, 5948404.850080527], [566013.580063273, 5948400.029571321], [566014.1488662456, 5948398.101443234], [566014.6205110806, 5948396.505763886], [565993.1015877727, 5948401.87817821], [565992.8405221913, 5948399.771479454], [565994.4689379776, 5948398.125290196], [565987.7344144848, 5948390.809144152], [565980.2278493701, 5948397.535744266], [565979.09545848, 5948397.731251077], [565977.6826964864, 5948398.134235076], [565976.1157208229, 5948399.169300248], [565974.5412033616, 5948400.271022846], [565973.3279188798, 5948401.522473278], [565972.1806829956, 5948402.774851822], [565971.166209967, 5948404.451927031], [565970.3696957456, 5948406.132064113], [565964.2905099877, 5948411.888423738], [565970.4667989629, 5948419.441491831], [565971.4609116605, 5948418.743319147], [565972.7082430416, 5948420.240751097], [565971.9339631975, 5948420.808485871], [565978.4144752196, 5948427.865117118]]}, "properties": {"amenity": "kindergarten", "building": "kindergarten", "name": "Katholische Kindertagesst\u00e4tte Sankt Annen", "wheelchair": "limited", "osm_id": 180461834, "tile_500": "NO_E565500_N5948000_500", "tile_250": "NO_E565750_N5948250_250", "shop": "", "public_transport": "", "railway": ""}}, {"type": "Feature", "geometry": {"type": "LineString", "coordinates": [[566626.6760607623, 5949212.759984064], [566625.7088462285, 5949214.359701615], [566613.7642483396, 5949234.107890658], [566613.1014663312, 5949235.200079145], [566597.8150157771, 5949259.1292270655], [566589.4508011363, 5949274.199206312], [566551.6649900177, 5949254.56919172], [566505.4511569063, 5949339.371142395], [566531.6625290564, 5949353.57360288], [566545.3252616872, 5949361.2113263775], [566603.6320473711, 5949393.817385354], [566621.612719602, 5949403.875559951], [566676.0116710683, 5949438.118424352], [566723.8628021042, 5949472.491416985], [566777.006682232, 5949410.522977935], [566693.8940021275, 5949335.123156427], [566688.6316692027, 5949330.352728849], [566675.2343152083, 5949322.640464092], [566610.160295037, 5949285.152821769], [566646.8435589226, 5949224.6852579415], [566626.6760607623, 5949212.759984064]]}, "properties": {"addr:city": "Norderstedt", "addr:country": "DE", "addr:housenumber": "53b", "addr:postcode": "22850", "addr:street": "Glash\u00fctter Damm", "amenity": "school", "check_date": "2025-01-06", "name": "Grundschule Immenhorst", "wikidata": "Q133931613", "osm_id": 180606042, "tile_500": "NO_E566500_N5949000_500", "tile_250": "NO_E566500_N5949250_250", "shop": "", "public_transport": "", "railway": ""}}, {"type": "Feature", "geometry": {"type": "LineString", "coordinates": [[564010.2495052392, 5955802.079945266], [564023.1347596602, 5955815.297060916], [564026.911707134, 5955812.088414526], [564052.3297327207, 5955812.669527839], [564067.7004477528, 5955797.980409273], [564054.1193039602, 5955784.531111971], [564044.4331343905, 5955793.011125462], [564019.0086171669, 5955792.897309864], [564010.2495052392, 5955802.079945266]]}, "properties": {"addr:city": "Quickborn", "addr:country": "DE", "addr:housenumber": "13", "addr:postcode": "25451", "addr:street": "Ricarda-Huch-Stra\u00dfe", "amenity": "kindergarten", "building": "yes", "name": "Wilde 13", "operator": "Johanniter-Unfall-Hilfe e.V.", "operator:wikidata": "Q14751117", "website": "https://www.johanniter.de/einrichtungen/fuer-kinder-und-jugendliche/kindertagesstaetten/wilde-13/", "osm_id": 180727771, "tile_500": "NO_E564000_N5955500_500", "tile_250": "NO_E564000_N5955750_250", "shop": "", "public_transport": "", "railway": ""}}, {"type": "Feature", "geometry": {"type": "LineString", "coordinates": [[565949.4107178844, 5948676.9283269765], [565951.1747496275, 5948675.495444753], [565975.5189700898, 5948680.043464635], [565974.9947376467, 5948689.616574435], [565974.7381904732, 5948694.241863977], [565966.804325785, 5948692.861910647], [565956.6235163073, 5948691.083215138], [565956.9344226478, 5948689.641052749], [565947.3692176453, 5948687.7708797], [565949.4107178844, 5948676.9283269765]]}, "properties": {"addr:city": "Norderstedt", "addr:country": "DE", "addr:housenumber": "2", "addr:postcode": "22850", "addr:street": "Ulzburger Stra\u00dfe", "amenity": "restaurant", "building": "yes", "diet:kosher": "no", "diet:vegan": "yes", "diet:vegetarian": "yes", "indoor_seating": "yes", "name": "Einstein", "opening_hours": "Mo-Th 12:00-22:30; Fr-Sa 12:00-00:00; Su off", "outdoor_seating": "yes", "payment:credit_cards": "yes", "payment:debit_cards": "yes", "phone": "+49 40 52950295", "toilets:wheelchair": "no", "website": "https://restaurant-einstein.de/", "wheelchair": "no", "wheelchair:description": "3 Stufen zum Eingang, und das WC ist im Keller", "osm_id": 181672798, "tile_500": "NO_E565500_N5948500_500", "tile_250": "NO_E565750_N5948500_250", "shop": "", "public_transport": "", "railway": ""}}, {"type": "Feature", "geometry": {"type": "LineString", "coordinates": [[566592.827647678, 5949402.131915348], [566587.8506274592, 5949410.306572725], [566568.7158008929, 5949398.729992507], [566576.0568647315, 5949386.393887059], [566589.1037357585, 5949394.13428064], [566586.5530310019, 5949398.415454418], [566592.827647678, 5949402.131915348]]}, "properties": {"amenity": "restaurant", "cuisine": "regional", "email": "info@restaurant-immenhorst.de", "fax": "+49 40 52983166", "name": "Restaurant Hof Immenhorst", "opening_hours": "Tu-Fr 12:00-15:00,17:30-23:00; Sa-Su 12:00-23:00", "operator": "Berg & Berg GbR", "phone": "+49 40 52983167", "website": "https://www.restaurant-immenhorst.de/", "osm_id": 205963662, "tile_500": "NO_E566500_N5949000_500", "tile_250": "NO_E566500_N5949250_250", "shop": "", "public_transport": "", "railway": ""}}, {"type": "Feature", "geometry": {"type": "LineString", "coordinates": [[564532.6282558145, 5950442.853846889], [564538.4677710577, 5950459.491279496], [564568.0464310785, 5950461.177738773], [564584.7559749907, 5950461.874992501], [564598.1684787857, 5950472.797246361], [564627.9363075915, 5950473.207071123], [564628.4989359817, 5950450.571146787], [564628.0200490468, 5950439.793508565], [564626.9012506504, 5950414.58632332], [564581.4734453355, 5950404.347178129], [564561.5915565697, 5950407.678821586], [564523.1713350817, 5950394.910650222], [564532.6282558145, 5950442.853846889]]}, "properties": {"amenity": "kindergarten", "check_date": "2026-05-17", "name": "Waldorfkindergarten Norderstedt", "osm_id": 216983941, "tile_500": "NO_E564500_N5950000_500", "tile_250": "NO_E564500_N5950250_250", "shop": "", "public_transport": "", "railway": ""}}, {"type": "Feature", "geometry": {"type": "LineString", "coordinates": [[564597.6137905766, 5950460.805713955], [564610.6752963086, 5950462.687958988], [564612.3095749625, 5950451.416440743], [564599.2480382754, 5950449.53419142], [564597.6137905766, 5950460.805713955]]}, "properties": {"addr:city": "Norderstedt", "addr:housenumber": "244", "addr:postcode": "22846", "addr:street": "Friedrichsgaber Weg", "amenity": "kindergarten", "building": "yes", "check_date": "2026-05-17", "name": "Waldorfkindergarten Norderstedt", "name:de": "Waldorfkindergarten Norderstedt", "operator": "Verein zu F\u00f6rderung der Waldorfp\u00e4dagogik Norderstedt e.V.", "phone": "+49 40 5255952", "website": "https://www.waldorfkindergarten-norderstedt.de/", "osm_id": 216983944, "tile_500": "NO_E564500_N5950000_500", "tile_250": "NO_E564500_N5950250_250", "shop": "", "public_transport": "", "railway": ""}}, {"type": "Feature", "geometry": {"type": "LineString", "coordinates": [[565666.2794760112, 5956528.664668373], [565667.2082603937, 5956525.918126665], [565676.5975206923, 5956526.027517185], [565676.4047431928, 5956531.310267673], [565672.9582720223, 5956534.422088063], [565668.6264117665, 5956535.774516063], [565666.2794760112, 5956528.664668373]]}, "properties": {"addr:city": "Henstedt-Ulzburg", "addr:country": "DE", "addr:housenumber": "36a", "addr:postcode": "24558", "addr:street": "Wilstedter Stra\u00dfe", "amenity": "fast_food", "building": "yes", "building:levels": "1", "check_date": "2025-08-07", "check_date:opening_hours": "2025-08-07", "name": "Tottis Rhener Grilleck", "opening_hours": "Mo-Fr 11:00-20:00", "operator": "Mirko Tott", "phone": "+49 4193 903913", "roof:shape": "flat", "website": "http://www.bienesrhenergrilleck.de/", "wheelchair": "yes", "osm_id": 228588612, "tile_500": "NO_E565500_N5956500_500", "tile_250": "NO_E565500_N5956500_250", "shop": "", "public_transport": "", "railway": ""}}, {"type": "Feature", "geometry": {"type": "LineString", "coordinates": [[566072.7770965354, 5948466.256285332], [566072.332891988, 5948464.491946139], [566067.9641114541, 5948465.587707319], [566068.9528771603, 5948469.496119805], [566068.0313803112, 5948469.727953283], [566068.8886457548, 5948473.122666954], [566069.8035372919, 5948472.89074073], [566070.7422794296, 5948476.598161248], [566075.1110505217, 5948475.502402706], [566074.5789212466, 5948473.414138822], [566078.3444771958, 5948472.465676402], [566076.5426577744, 5948465.307821438], [566072.7770965354, 5948466.256285332]]}, "properties": {"addr:city": "Hamburg", "addr:country": "DE", "addr:housenumber": "679", "addr:postcode": "22419", "addr:street": "Langenhorner Chaussee", "amenity": "restaurant", "building": "yes", "cuisine": "burger", "diet:meat": "yes", "email": "kontakt@burgerlounge.de", "indoor_seating": "yes", "name": "Burger Lounge", "opening_hours": "Mo-Fr 11:30-23:00; PH,Sa,Su 13:00-23:00", "operator": "XXL Burger GmbH - Yasharov Bedri", "outdoor_seating": "yes", "phone": "+49 40 46630740", "website": "https://www.burgerlounge.de/", "website:menu": "https://burgerlounge.de/filiale/langenhorn", "wheelchair": "no", "osm_id": 229189565, "tile_500": "NO_E566000_N5948000_500", "tile_250": "NO_E566000_N5948250_250", "shop": "", "public_transport": "", "railway": ""}}, {"type": "Feature", "geometry": {"type": "LineString", "coordinates": [[564642.7014768063, 5949526.104401835], [564667.3874620894, 5949526.210709106], [564673.5758881287, 5949526.206939909], [564673.6923288229, 5949522.069263746], [564673.7940524564, 5949513.246876903], [564660.2496222816, 5949513.149325529], [564644.7094880438, 5949513.135603364], [564642.7014768063, 5949526.104401835]]}, "properties": {"addr:city": "Norderstedt", "addr:country": "DE", "addr:housenumber": "3a", "addr:postcode": "22850", "addr:street": "Stettiner Stra\u00dfe", "amenity": "kindergarten", "building": "yes", "check_date": "2022-12-01", "contact:email": "stettiner-strasse@kitawerk-hhsh.de", "contact:website": "https://stettiner-str.eva-kita.de", "email": "stettiner-strasse@kitawerk-hhsh.de", "name": "KiTa Stettiner Str.", "opening_hours": "Mo-Fr 07:00-17:00", "operator": "Ev.-Luth. Kita-Werk Hamburg-West/S\u00fcdholstein", "operator:type": "religious", "phone": "+49 40 32595153", "website": "https://stettiner-str.eva-kita.de/", "wheelchair": "limited", "osm_id": 232872726, "tile_500": "NO_E564500_N5949500_500", "tile_250": "NO_E564500_N5949500_250", "shop": "", "public_transport": "", "railway": ""}}, {"type": "Feature", "geometry": {"type": "LineString", "coordinates": [[566561.0687859918, 5950622.057416424], [566562.446017307, 5950625.047915833], [566595.7547203103, 5950697.4134018], [566597.5673931376, 5950701.355905487], [566633.6508562503, 5950685.177287463], [566622.367411206, 5950662.784910006], [566664.0309522442, 5950641.945542855], [566662.3332085458, 5950635.957237571], [566711.1134787044, 5950613.383384826], [566707.6889133211, 5950595.097192423], [566698.3884182868, 5950556.309044006], [566697.5905069765, 5950552.981793013], [566559.1339311905, 5950617.879524324], [566561.0687859918, 5950622.057416424]]}, "properties": {"addr:city": "Norderstedt", "addr:country": "DE", "addr:housenumber": "26", "addr:postcode": "22844", "addr:street": "Am Exerzierplatz", "amenity": "school", "name": "Grundschule Falkenberg", "wheelchair": "no", "wikidata": "Q133931604", "osm_id": 233223769, "tile_500": "NO_E566500_N5950500_500", "tile_250": "NO_E566500_N5950500_250", "shop": "", "public_transport": "", "railway": ""}}, {"type": "Feature", "geometry": {"type": "LineString", "coordinates": [[566638.7437401005, 5951226.210649857], [566647.2588123772, 5951226.331592687], [566647.2232573122, 5951228.834713873], [566653.7316733566, 5951228.927165846], [566653.756643353, 5951227.169418538], [566658.7666733623, 5951227.24059209], [566658.7417014887, 5951228.998339386], [566667.2567689848, 5951229.119318549], [566667.2817440488, 5951227.361571275], [566674.2918254221, 5951227.461179689], [566684.0721545495, 5951237.503403295], [566683.9725449937, 5951244.512142391], [566678.9691340264, 5951244.441035586], [566678.9408343728, 5951246.432407514], [566676.7851798425, 5951248.52707455], [566672.7784940638, 5951248.470138506], [566672.7998354208, 5951246.968265804], [566652.5155692792, 5951246.680073695], [566649.021033008, 5951243.103102052], [566649.0813995132, 5951238.853358455], [566638.5663033931, 5951238.704006065], [566638.7437401005, 5951226.210649857]]}, "properties": {"addr:housenumber": "2 c", "addr:postcode": "22844", "addr:street": "Kirchenplatz", "amenity": "kindergarten", "building": "yes", "check_date": "2024-04-15", "name": "Evangelische Kindertagesst\u00e4tte Falkenberg", "osm_id": 233254041, "tile_500": "NO_E566500_N5951000_500", "tile_250": "NO_E566500_N5951000_250", "shop": "", "public_transport": "", "railway": ""}}, {"type": "Feature", "geometry": {"type": "LineString", "coordinates": [[567854.903544174, 5949940.892285248], [567860.601331578, 5949925.00702356], [567873.0451888343, 5949929.448680941], [567867.3473638385, 5949945.3339279145], [567854.903544174, 5949940.892285248]]}, "properties": {"addr:housenumber": "180", "addr:street": "Poppenb\u00fctteler Stra\u00dfe", "amenity": "kindergarten", "building": "yes", "name": "Streifenenten", "osm_id": 242515734, "tile_500": "NO_E567500_N5949500_500", "tile_250": "NO_E567750_N5949750_250", "shop": "", "public_transport": "", "railway": ""}}, {"type": "Feature", "geometry": {"type": "LineString", "coordinates": [[565836.7107319066, 5954406.874284459], [565880.1298093672, 5954410.633369396], [565960.325409953, 5954417.580795367], [565963.8847203283, 5954377.506029089], [565940.2891851802, 5954375.315773391], [565945.6543739248, 5954319.421206192], [565902.1125427213, 5954314.48031842], [565890.349625336, 5954216.317329445], [565817.8053420895, 5954210.691475696], [565814.7954678617, 5954244.142198934], [565831.4913510052, 5954353.367963599], [565836.7107319066, 5954406.874284459]]}, "properties": {"addr:city": "Norderstedt", "addr:country": "DE", "addr:housenumber": "12", "addr:postcode": "22844", "addr:street": "Harksh\u00f6rner Weg", "amenity": "school", "check_date": "2025-09-19", "grades": "1-4", "isced:level": "1", "landuse": "education", "name": "Grundschule Harksh\u00f6rn", "operator": "Stadt Norderstedt", "operator:type": "government", "website": "https://gs-harkshoern.lernnetz.de/", "osm_id": 244630549, "tile_500": "NO_E565500_N5954000_500", "tile_250": "NO_E565750_N5954250_250", "shop": "", "public_transport": "", "railway": ""}}, {"type": "Feature", "geometry": {"type": "LineString", "coordinates": [[565048.7929001559, 5948806.49308181], [565054.5074241018, 5948725.856239079], [565109.4462173127, 5948729.666480872], [565110.9441654489, 5948729.7762672985], [565146.6600795343, 5948732.1966122715], [565200.6494239293, 5948735.872353937], [565201.8901090764, 5948735.9563432345], [565196.6283265672, 5948800.45390908], [565195.1873742061, 5948818.1260097325], [565176.2903846016, 5948816.606321207], [565131.5814890249, 5948813.015044585], [565118.1084974328, 5948811.904639727], [565103.1152974856, 5948810.86221376], [565097.8755626706, 5948810.5002671], [565048.7929001559, 5948806.49308181]]}, "properties": {"addr:city": "Norderstedt", "addr:country": "DE", "addr:housenumber": "8", "addr:postcode": "22850", "addr:street": "De-Gasperi-Passage", "building": "store", "building:levels": "2", "name": "De-Gasperi-Passage", "shop": "mall", "osm_id": 252339696, "tile_500": "NO_E565000_N5948500_500", "tile_250": "NO_E565000_N5948750_250", "amenity": "", "public_transport": "", "railway": ""}}, {"type": "Feature", "geometry": {"type": "LineString", "coordinates": [[564830.5795701597, 5951153.299102101], [564830.108515053, 5951149.642893778], [564831.4694507129, 5951145.756073649], [564827.6125875387, 5951141.541237188], [564827.6809859981, 5951136.590607819], [564829.3794763858, 5951133.598621499], [564831.1209041348, 5951133.233232513], [564833.9085093128, 5951132.648629719], [564837.3243881618, 5951134.376026798], [564839.190926737, 5951134.034623871], [564841.0610500126, 5951131.045013331], [564844.1971243377, 5951130.565376286], [564846.360553852, 5951130.2392062275], [564848.8337145358, 5951132.343033101], [564850.4044789177, 5951137.160537229], [564848.4265739494, 5951140.782901211], [564846.6811397014, 5951141.916000652], [564843.5450726293, 5951142.3956359895], [564840.9480717615, 5951145.90930321], [564841.8909832158, 5951150.7737639295], [564840.0609141607, 5951154.687479725], [564835.1106632504, 5951156.021094553], [564830.5795701597, 5951153.299102101]]}, "properties": {"addr:city": "Norderstedt", "addr:housenumber": "319", "addr:postcode": "22846", "addr:street": "Friedrichsgaber Weg", "amenity": "kindergarten", "building": "yes", "name": "Ev. Paul-Gerhardt-Kinderhaus", "wheelchair": "limited", "osm_id": 255336228, "tile_500": "NO_E564500_N5951000_500", "tile_250": "NO_E564750_N5951000_250", "shop": "", "public_transport": "", "railway": ""}}, {"type": "Feature", "geometry": {"type": "LineString", "coordinates": [[565487.5036506553, 5951388.425621681], [565528.4018358967, 5951389.875698459], [565532.679567978, 5951322.304489372], [565532.4374129905, 5951314.589976852], [565528.678709199, 5951307.182419537], [565525.047643221, 5951302.9256376205], [565517.3689295832, 5951299.658290355], [565510.7077216395, 5951298.697359766], [565504.3573647147, 5951300.533698255], [565499.5691303647, 5951303.971910458], [565496.0063046702, 5951307.594140676], [565493.1275526739, 5951312.817107559], [565491.9590122894, 5951320.856867494], [565489.5211159727, 5951357.876315935], [565487.5036506553, 5951388.425621681]]}, "properties": {"amenity": "bus_station", "area": "yes", "bus": "yes", "name": "Norderstedt Mitte", "network": "HVV", "public_transport": "station", "wheelchair": "yes", "osm_id": 262406301, "tile_500": "NO_E565500_N5951000_500", "tile_250": "NO_E565500_N5951250_250", "shop": "", "railway": ""}}, {"type": "Feature", "geometry": {"type": "LineString", "coordinates": [[565484.7728001362, 5951611.031108214], [565491.7315890894, 5951611.450934419], [565498.0108591764, 5951611.8390297135], [565504.51453779, 5951612.230266734], [565505.7031914445, 5951592.818814609], [565515.9272826018, 5951426.065088922], [565496.1847621215, 5951424.865888523], [565492.9611758657, 5951477.496923176], [565484.7728001362, 5951611.031108214]]}, "properties": {"akn:barrier_free": "dependent", "akn:barrier_free_psv_types": "A", "hha_ref": "NO", "hvv:barrier_free": "dependent", "hvv:barrier_free_psv_types": "U", "hvv:psv_type": "U;A", "name": "Norderstedt Mitte", "network": "Hamburger Verkehrsverbund", "network:short": "HVV", "network:wikidata": "Q896916", "operator": "Hamburger Hochbahn AG", "public_transport": "station", "railway": "station", "railway:ref": "ANDM", "station": "subway", "subway": "yes", "toilets:wheelchair": "yes", "train": "yes", "uic_name": "Norderstedt Mitte", "uic_ref": "8079027", "wheelchair": "yes", "wikidata": "Q801264", "wikipedia": "en:Norderstedt Mitte station", "osm_id": 262406302, "tile_500": "NO_E565500_N5951500_500", "tile_250": "NO_E565500_N5951500_250", "amenity": "", "shop": ""}}, {"type": "Feature", "geometry": {"type": "LineString", "coordinates": [[565812.7834815664, 5953200.123989047], [565782.5637946066, 5953197.863945647], [565778.82416158, 5953247.572402514], [565790.2157894731, 5953248.4221116705], [565790.6617210696, 5953242.508688012], [565805.4351591247, 5953243.61730258], [565806.0255143626, 5953234.467885952], [565807.5440938048, 5953215.6063067885], [565811.5916887402, 5953215.919040566], [565812.2077488767, 5953207.760308091], [565812.7834815664, 5953200.123989047]]}, "properties": {"addr:city": "Norderstedt", "addr:country": "DE", "addr:housenumber": "505", "addr:postcode": "22844", "addr:street": "Ulzburger Stra\u00dfe", "branch": "Friedrichsgabe", "brand": "PENNY", "brand:wikidata": "Q284688", "brand:wikipedia": "en:Penny (supermarket)", "building": "retail", "building:levels": "1", "check_date:opening_hours": "2025-06-29", "currency:EUR": "yes", "name": "PENNY", "opening_hours": "Mo-Sa 07:00-22:00", "organic": "yes", "payment:cash": "yes", "payment:coins": "yes", "payment:contactless": "yes", "payment:credit_cards": "yes", "payment:debit_cards": "yes", "payment:girocard": "yes", "payment:mastercard": "yes", "payment:visa": "yes", "payment:visa_debit": "yes", "roof:shape": "gabled", "shop": "supermarket", "toilets:wheelchair": "no", "wheelchair": "yes", "osm_id": 263939632, "tile_500": "NO_E565500_N5953000_500", "tile_250": "NO_E565750_N5953000_250", "amenity": "", "public_transport": "", "railway": ""}}, {"type": "Feature", "geometry": {"type": "LineString", "coordinates": [[565380.2114667415, 5952641.941273205], [565377.2876279424, 5952626.789793253], [565374.9713630695, 5952627.235974013], [565372.4480449288, 5952614.126356221], [565382.5005684156, 5952612.196831937], [565381.7431902656, 5952608.291757825], [565394.7340080771, 5952605.802354707], [565399.0236209354, 5952628.083164301], [565392.5117424752, 5952629.327625229], [565394.4197884972, 5952639.224046011], [565380.2114667415, 5952641.941273205]]}, "properties": {"addr:city": "Norderstedt", "addr:country": "DE", "addr:housenumber": "66", "addr:postcode": "22846", "addr:street": "Falkenkamp", "amenity": "kindergarten", "building": "yes", "check_date": "2023-06-28", "name": "Evangelische Kita Johanneskirche", "website": "https://www.kindergarten-norderstedt.de/kita.html?id=981", "osm_id": 274562481, "tile_500": "NO_E565000_N5952500_500", "tile_250": "NO_E565250_N5952500_250", "shop": "", "public_transport": "", "railway": ""}}, {"type": "Feature", "geometry": {"type": "LineString", "coordinates": [[565417.6038892942, 5951182.855293828], [565330.7698684421, 5951259.36866837], [565329.7018877184, 5951262.102206785], [565361.5061513035, 5951295.592820077], [565369.1447290897, 5951303.644031021], [565387.3595042065, 5951313.600726977], [565409.727367896, 5951364.719144394], [565428.5947963005, 5951358.150135846], [565444.9117204596, 5951365.465713026], [565454.121204764, 5951364.058633021], [565455.6875793089, 5951364.881641398], [565456.220525685, 5951356.966532211], [565458.5706086165, 5951316.285008618], [565462.7537664357, 5951282.394380887], [565465.2542087825, 5951263.590972685], [565454.4172272339, 5951248.662903637], [565417.6038892942, 5951182.855293828]]}, "properties": {"addr:city": "Norderstedt", "addr:country": "DE", "addr:housenumber": "89", "addr:postcode": "22846", "addr:street": "Heidbergstra\u00dfe", "amenity": "school", "name": "Grundschule Heidberg", "school:de": "Grundschule", "wikidata": "Q133931608", "osm_id": 276356328, "tile_500": "NO_E565000_N5951000_500", "tile_250": "NO_E565250_N5951250_250", "shop": "", "public_transport": "", "railway": ""}}, {"type": "Feature", "geometry": {"type": "LineString", "coordinates": [[565651.2462972503, 5950360.816465077], [565650.8857286805, 5950352.132235604], [565665.3752316742, 5950351.533780562], [565665.7357735557, 5950360.218011339], [565651.2462972503, 5950360.816465077]]}, "properties": {"addr:city": "Norderstedt", "addr:country": "DE", "addr:housenumber": "150", "addr:postcode": "22850", "addr:street": "Ulzburger Stra\u00dfe", "amenity": "fuel", "brand": "JET", "brand:wikidata": "Q568940", "brand:wikipedia": "en:Jet (brand)", "building": "yes", "fax": "+49 40 52110924", "fuel:adblue": "yes", "fuel:diesel": "yes", "fuel:e10": "yes", "fuel:octane_95": "yes", "fuel:octane_98": "yes", "name": "JET", "opening_hours": "Mo-Fr 06:00-22:00; Sa-Su 07:00-22:00", "operator": "Manfred Breiholz", "payment:american_express": "yes", "payment:apple_pay": "yes", "payment:cash": "yes", "payment:coins": "yes", "payment:contactless": "yes", "payment:credit_cards": "yes", "payment:debit_cards": "yes", "payment:dkv": "yes", "payment:girocard": "yes", "payment:google_pay": "yes", "payment:jet_card": "yes", "payment:logpay": "yes", "payment:maestro": "yes", "payment:mastercard": "yes", "payment:notes": "yes", "payment:novofleet": "yes", "payment:samsung_pay": "yes", "payment:uta": "yes", "payment:visa": "yes", "phone": "+49 40 52110925", "website": "https://www.jet-tankstellen.de/tankstellen/norderstedt/ulzburger-str-150/", "osm_id": 288191666, "tile_500": "NO_E565500_N5950000_500", "tile_250": "NO_E565500_N5950250_250", "shop": "", "public_transport": "", "railway": ""}}, {"type": "Feature", "geometry": {"type": "LineString", "coordinates": [[565122.6118489793, 5948254.666154862], [565127.1568381283, 5948244.670280612], [565118.4450518555, 5948240.721762958], [565121.8926990015, 5948233.158630813], [565112.9444938209, 5948229.106702028], [565104.9519001235, 5948246.665731611], [565122.6118489793, 5948254.666154862]]}, "properties": {"addr:city": "Norderstedt", "addr:country": "DE", "addr:housenumber": "47", "addr:postcode": "22848", "addr:street": "Tannenhofstra\u00dfe", "building": "retail", "check_date:opening_hours": "2023-04-08", "indoor_seating": "yes", "name": "Wagner", "opening_hours": "Mo-Fr 05:30-13:00; Sa 05:30-12:00; Su 08:00-11:00", "outdoor_seating": "yes", "owner": "Jan Wagner", "payment:credit_cards": "yes", "payment:debit_cards": "yes", "shop": "bakery", "start_date": "2023-07-01", "wheelchair": "yes", "osm_id": 304872180, "tile_500": "NO_E565000_N5948000_500", "tile_250": "NO_E565000_N5948000_250", "amenity": "", "public_transport": "", "railway": ""}}, {"type": "Feature", "geometry": {"type": "LineString", "coordinates": [[564952.1819185572, 5948393.308583723], [564966.7846591016, 5948376.352588775], [564959.9275998363, 5948371.09476808], [564961.8826898353, 5948368.729486043], [564956.1683475359, 5948365.86867512], [564954.0246425594, 5948368.019936118], [564949.3016574533, 5948364.171406498], [564940.5352893095, 5948374.209214498], [564948.0670904301, 5948381.31230772], [564943.640223115, 5948386.147009605], [564952.1819185572, 5948393.308583723]]}, "properties": {"addr:city": "Norderstedt", "addr:country": "DE", "addr:housenumber": "2", "addr:postcode": "22848", "addr:street": "Schillerstra\u00dfe", "amenity": "kindergarten", "building": "yes", "osm_id": 304872297, "tile_500": "NO_E564500_N5948000_500", "tile_250": "NO_E564750_N5948250_250", "name": "", "shop": "", "public_transport": "", "railway": ""}}, {"type": "Feature", "geometry": {"type": "LineString", "coordinates": [[565094.2732523512, 5948209.219690482], [565079.7447545162, 5948205.491064783], [565077.1803844721, 5948213.199990237], [565058.7422691205, 5948196.498703875], [565062.7599138416, 5948191.658436673], [565065.4690106242, 5948193.053471498], [565070.3132484554, 5948187.679434138], [565071.9201981042, 5948189.470905691], [565077.7540940034, 5948181.807278827], [565066.300680157, 5948172.123802694], [565070.7278700256, 5948167.2892155135], [565078.9834402136, 5948171.75429248], [565081.6498756006, 5948166.216565618], [565088.9608010957, 5948169.722767651], [565087.1436090881, 5948173.09134867], [565095.5349564974, 5948177.291286622], [565096.8012827003, 5948174.582699417], [565103.6932611067, 5948178.761871179], [565095.8599377048, 5948192.929359566], [565093.9595244761, 5948192.769495346], [565091.3612050953, 5948202.925903991], [565096.1149529294, 5948204.082243708], [565094.2732523512, 5948209.219690482]]}, "properties": {"addr:city": "Norderstedt", "addr:country": "DE", "addr:housenumber": "40", "addr:postcode": "22848", "addr:street": "Tannenhofstra\u00dfe", "amenity": "kindergarten", "building": "yes", "name": "Kita Tannenhof", "osm_id": 304872300, "tile_500": "NO_E565000_N5948000_500", "tile_250": "NO_E565000_N5948000_250", "shop": "", "public_transport": "", "railway": ""}}, {"type": "Feature", "geometry": {"type": "LineString", "coordinates": [[564700.6212777778, 5948567.991879394], [564724.6573282405, 5948585.425422676], [564722.8263987497, 5948587.903781841], [564709.2559853229, 5948606.276745371], [564694.8193156652, 5948595.473729122], [564700.6212777778, 5948567.991879394]]}, "properties": {"addr:city": "Norderstedt", "addr:housenumber": "103", "addr:postcode": "22848", "addr:street": "Ochsenzoller Stra\u00dfe", "amenity": "restaurant", "brewery": "yes", "building": "retail", "check_date:opening_hours": "2026-05-02", "cuisine": "burger", "email": "reservierung@house-of-superfreunde.com", "indoor_seating": "yes", "internet_access": "wlan", "level": "0", "name": "House of Superfreunde", "opening_hours": "We-Th 17:00-23:00; Fr-Sa 17:00-24:00", "outdoor_seating": "yes", "phone": "+49 40 35731171", "product": "beer", "website": "https://www.house-of-superfreunde.com", "website:menu": "https://www.house-of-superfreunde.com/speisekarte", "wheelchair": "limited", "osm_id": 304890890, "tile_500": "NO_E564500_N5948500_500", "tile_250": "NO_E564500_N5948500_250", "shop": "", "public_transport": "", "railway": ""}}, {"type": "Feature", "geometry": {"type": "LineString", "coordinates": [[564740.2635851321, 5948543.969613949], [564752.2180565496, 5948528.311716847], [564743.5496116438, 5948521.716239872], [564731.5951535747, 5948537.374158798], [564740.2635851321, 5948543.969613949]]}, "properties": {"addr:city": "Norderstedt", "addr:housenumber": "102", "addr:postcode": "22848", "addr:street": "Ochsenzoller Stra\u00dfe", "amenity": "restaurant", "building": "yes", "cuisine": "greek", "name": "Poseidon", "opening_hours": "Tu-Fr 11:30-14:30,17:00-23:30; Sa,Su,PH 12:00-23:30", "wheelchair": "no", "osm_id": 304890896, "tile_500": "NO_E564500_N5948500_500", "tile_250": "NO_E564500_N5948500_250", "shop": "", "public_transport": "", "railway": ""}}, {"type": "Feature", "geometry": {"type": "LineString", "coordinates": [[565059.8160918953, 5948537.2030218365], [565078.3231393509, 5948533.576092299], [565077.0642900114, 5948527.17169216], [565076.6443130245, 5948525.062850458], [565071.769135185, 5948526.018989479], [565058.1439924313, 5948528.678753334], [565059.8160918953, 5948537.2030218365]]}, "properties": {"addr:city": "Norderstedt", "addr:housenumber": "136", "addr:postcode": "22848", "addr:street": "Ochsenzoller Stra\u00dfe", "amenity": "restaurant", "building": "yes", "cuisine": "greek", "name": "Corfu", "toilets:wheelchair": "no", "website": "https://corfugrill-nord.de", "wheelchair": "no", "osm_id": 304890906, "tile_500": "NO_E565000_N5948500_500", "tile_250": "NO_E565000_N5948500_250", "shop": "", "public_transport": "", "railway": ""}}, {"type": "Feature", "geometry": {"type": "LineString", "coordinates": [[564630.5060685313, 5948481.68171024], [564640.5514426884, 5948488.562975373], [564651.7613535881, 5948472.271463476], [564641.7159596712, 5948465.390174667], [564630.5060685313, 5948481.68171024]]}, "properties": {"addr:city": "Norderstedt", "addr:country": "DE", "addr:housenumber": "90", "addr:postcode": "22848", "addr:street": "Ochsenzoller Stra\u00dfe", "amenity": "restaurant", "building": "yes", "capacity": "100", "cuisine": "greek", "name": "Restaurant Zum Griechen", "opening_hours": "Mo,We-Sa 17:00-23:00; Su,PH 12:00-22:00; Tu off", "phone": "+49 40 5236823", "smoking": "no", "takeaway": "yes", "toilets:wheelchair": "no", "website": "https://www.zum-griechen-in-norderstedt.de/", "wheelchair": "limited", "osm_id": 304890908, "tile_500": "NO_E564500_N5948000_500", "tile_250": "NO_E564500_N5948250_250", "shop": "", "public_transport": "", "railway": ""}}, {"type": "Feature", "geometry": {"type": "LineString", "coordinates": [[565478.3825058092, 5949012.462668161], [565606.4551179658, 5949016.431312819], [565603.0304319186, 5949094.662865733], [565551.7753120915, 5949092.734152825], [565533.2802628513, 5949084.7426214535], [565533.6220238032, 5949076.346406011], [565474.9954276928, 5949072.045722772], [565478.3825058092, 5949012.462668161]]}, "properties": {"amenity": "school", "name": "Schule am Rodelberg", "wikidata": "Q134397177", "osm_id": 305566925, "tile_500": "NO_E565500_N5949000_500", "tile_250": "NO_E565500_N5949000_250", "shop": "", "public_transport": "", "railway": ""}}, {"type": "Feature", "geometry": {"type": "LineString", "coordinates": [[563935.4840416191, 5947870.317888328], [563952.890975623, 5947866.571375215], [563957.1399641176, 5947865.538778174], [563950.8107456154, 5947833.506894647], [563943.6508684464, 5947826.087835439], [563934.5867175048, 5947828.000701333], [563935.2736212828, 5947829.95728126], [563913.4837105188, 5947826.122350547], [563910.4581104304, 5947843.094412463], [563934.867378475, 5947846.697933793], [563936.5395423487, 5947853.931010546], [563932.094653288, 5947854.794054527], [563935.4840416191, 5947870.317888328]]}, "properties": {"addr:city": "Norderstedt", "addr:country": "DE", "addr:housenumber": "30", "addr:postcode": "22848", "addr:street": "Niendorfer Stra\u00dfe", "amenity": "restaurant", "bar": "yes", "building": "commercial", "check_date": "2022-12-29", "cuisine": "steak_house", "delivery": "no", "email": "info@porter-house.de", "housename": "Garstedter Hof", "name": "Porter House", "opening_hours": "Mo-Sa 11:00-22:00; Su 11:00-21:30; PH 11:00-21:30", "opening_hours:kitchen": "Mo-Sa 11:30-22:30; Su, PH 11:30-21:30", "operator": "Albrecht Restaurant GmbH & Co. Kg", "outdoor_seating": "yes", "phone": "+49 40 52876660", "ref:vatin": "DE134529331", "source": "website", "takeaway": "yes", "toilets:wheelchair": "yes", "website": "http://porter-house.de/", "wheelchair": "yes", "osm_id": 306368682, "tile_500": "NO_E563500_N5947500_500", "tile_250": "NO_E563750_N5947750_250", "shop": "", "public_transport": "", "railway": ""}}, {"type": "Feature", "geometry": {"type": "LineString", "coordinates": [[564499.8920115904, 5948253.817353459], [564495.3909268599, 5948220.786044455], [564487.8325478205, 5948221.806091374], [564476.964783161, 5948223.281435122], [564481.4724462926, 5948256.323941307], [564499.8920115904, 5948253.817353459]]}, "properties": {"addr:city": "Norderstedt", "addr:housenumber": "66", "addr:postcode": "22848", "addr:street": "Ochsenzoller Stra\u00dfe", "amenity": "fire_station", "building": "fire_station", "name": "Freiwillige Feuerwehr Garstedt", "osm_id": 306368775, "tile_500": "NO_E564000_N5948000_500", "tile_250": "NO_E564250_N5948000_250", "shop": "", "public_transport": "", "railway": ""}}, {"type": "Feature", "geometry": {"type": "LineString", "coordinates": [[568307.3655121606, 5949857.902244563], [568520.050549584, 5949852.645354692], [568533.7807526413, 5949845.401626843], [568523.5188353995, 5949820.449062249], [568482.4064314472, 5949727.715079093], [568315.3940654835, 5949737.788713348], [568310.4045194676, 5949784.306063178], [568307.3655121606, 5949857.902244563]]}, "properties": {"addr:city": "Norderstedt", "addr:housenumber": "32", "addr:postcode": "22851", "addr:street": "M\u00fcllerstra\u00dfe", "amenity": "school", "name": "Offene Ganztagsgrundschule Glash\u00fctte", "school:de": "Grundschule", "short_name": "OGGS Glash\u00fctte", "wikidata": "Q133931612", "osm_id": 316054736, "tile_500": "NO_E568000_N5949500_500", "tile_250": "NO_E568250_N5949750_250", "shop": "", "public_transport": "", "railway": ""}}, {"type": "Feature", "geometry": {"type": "LineString", "coordinates": [[565141.6014805424, 5948711.1518398505], [565164.496922888, 5948715.886962152], [565165.801396779, 5948726.130876697], [565201.1324523487, 5948728.201354669], [565202.2204457207, 5948715.019708841], [565206.8139825263, 5948715.3060340155], [565206.9069055056, 5948713.3712071795], [565215.7030888546, 5948714.02745942], [565236.1284054919, 5948715.401622487], [565236.9004960173, 5948715.45685696], [565244.1679268454, 5948685.414478047], [565247.9039685774, 5948659.940793299], [565241.7221126618, 5948659.387565777], [565219.0748383952, 5948658.171684987], [565209.9458573166, 5948657.688841125], [565210.3101030642, 5948652.864733751], [565151.587015315, 5948649.412529052], [565149.6779492302, 5948684.64784351], [565149.5886568652, 5948687.751067477], [565143.7003223659, 5948687.469091136], [565142.3999747614, 5948702.161087282], [565141.6014805424, 5948711.1518398505]]}, "properties": {"addr:city": "Norderstedt", "addr:housenumber": "6", "addr:postcode": "22850", "addr:street": "Europaallee", "building": "yes", "building:levels": "2", "name": "De-Gasperi-Passage", "shop": "mall", "osm_id": 318784869, "tile_500": "NO_E565000_N5948500_500", "tile_250": "NO_E565000_N5948500_250", "amenity": "", "public_transport": "", "railway": ""}}, {"type": "Feature", "geometry": {"type": "LineString", "coordinates": [[566239.4716011189, 5951156.553300659], [566239.2946182947, 5951155.059756664], [566249.2473912503, 5951153.898387609], [566250.9124069054, 5951155.212652375], [566252.3741319336, 5951167.651253496], [566249.5838726076, 5951172.61909902], [566241.8084405663, 5951168.269856465], [566243.3052502848, 5951165.598204288], [566243.0814301281, 5951163.68116503], [566240.3436255773, 5951163.998584453], [566240.1732443123, 5951162.505133589], [566239.4716011189, 5951156.553300659]]}, "properties": {"addr:city": "Norderstedt", "addr:housenumber": "21", "addr:postcode": "22844", "addr:street": "Alter Kirchenweg", "amenity": "fuel", "brand": "Nordoel", "brand:wikidata": "Q1759888", "building": "yes", "compressed_air": "yes", "fuel:diesel": "yes", "fuel:e10": "yes", "fuel:octane_95": "yes", "fuel:octane_98": "yes", "name": "Nordoel", "opening_hours": "Mo-Fr 06:00-22:00; Sa 07:00-22:00; Su 08:00-22:00", "operator": "Holger Kriese", "shop": "kiosk", "website": "http://www.nordoel-norderstedt.de/", "wheelchair": "yes", "osm_id": 319268568, "tile_500": "NO_E566000_N5951000_500", "tile_250": "NO_E566000_N5951000_250", "public_transport": "", "railway": ""}}, {"type": "Feature", "geometry": {"type": "LineString", "coordinates": [[568597.7775330353, 5949851.588485693], [568629.4864834165, 5949923.711830911], [568645.3948300594, 5949917.001004295], [568739.131620443, 5949877.446470044], [568723.3967460264, 5949847.027682236], [568713.683026101, 5949835.224059794], [568702.1163011625, 5949827.287897582], [568690.755013105, 5949825.619446583], [568597.7775330353, 5949851.588485693]]}, "properties": {"addr:city": "Norderstedt", "addr:housenumber": "268", "addr:postcode": "22851", "addr:street": "Glash\u00fctter Damm", "amenity": "fire_station", "name": "Freiwillige Feuerwehr Norderstedt - Wache Glash\u00fctte", "website": "https://www.feuerwehr-glashuette.de/", "osm_id": 335821002, "tile_500": "NO_E568500_N5949500_500", "tile_250": "NO_E568500_N5949750_250", "shop": "", "public_transport": "", "railway": ""}}, {"type": "Feature", "geometry": {"type": "LineString", "coordinates": [[565079.259052037, 5954276.500714546], [565043.9544704979, 5954304.062347376], [565080.2632654167, 5954345.781487299], [565117.9998596115, 5954321.247132042], [565090.2376874284, 5954287.435413489], [565079.259052037, 5954276.500714546]]}, "properties": {"addr:city": "Norderstedt", "addr:housenumber": "4", "addr:postcode": "22844", "addr:street": "Lawaetzstra\u00dfe", "amenity": "kindergarten", "education": "kindergarten", "name": "Kita Frederikspark", "operator": "Der Kinder wegen gGmbH", "website": "https://derkinderwegen.de/163/frederikspark", "osm_id": 339844949, "tile_500": "NO_E565000_N5954000_500", "tile_250": "NO_E565000_N5954250_250", "shop": "", "public_transport": "", "railway": ""}}, {"type": "Feature", "geometry": {"type": "LineString", "coordinates": [[568441.4116102651, 5949294.710674016], [568452.8990772945, 5949305.938669995], [568486.1360402865, 5949340.29485131], [568503.2197834111, 5949359.071026243], [568504.1144162944, 5949363.8465608135], [568496.0442080519, 5949370.572099122], [568461.4444706701, 5949356.314107175], [568444.9701233738, 5949349.186116097], [568436.8421018394, 5949310.945540884], [568436.7704636079, 5949304.078960218], [568437.8348267176, 5949298.575340367], [568441.4116102651, 5949294.710674016]]}, "properties": {"amenity": "bus_station", "bus": "yes", "name": "Glash\u00fctte, ZOB", "network": "HVV", "public_transport": "station", "shelter": "yes", "wheelchair": "yes", "osm_id": 339886599, "tile_500": "NO_E568000_N5949000_500", "tile_250": "NO_E568250_N5949250_250", "shop": "", "railway": ""}}, {"type": "Feature", "geometry": {"type": "LineString", "coordinates": [[564785.1084674061, 5946097.512899221], [564778.9621212855, 5946068.720410964], [564792.1534256374, 5946065.909067795], [564794.6426831055, 5946077.593398432], [564792.5348809643, 5946078.031676223], [564793.397881273, 5946082.071563009], [564796.1915939772, 5946095.16209972], [564785.1084674061, 5946097.512899221]]}, "properties": {"addr:city": "Norderstedt", "addr:country": "DE", "addr:housenumber": "176", "addr:postcode": "22848", "addr:street": "Niendorfer Stra\u00dfe", "air_conditioning": "yes", "amenity": "restaurant", "building": "retail", "building:levels": "1", "check_date": "2026-05-22", "check_date:opening_hours": "2022-12-14", "contact:facebook": "https://www.facebook.com/Arizona-Kitchen-119517581457186", "cuisine": "american", "diet:vegan": "no", "diet:vegetarian": "yes", "email": "info@arizona-kitchen.de", "fax": "+49 40 52877995", "indoor_seating": "yes", "name": "Arizona Kitchen", "opening_hours": "Mo-Fr 16:30-23:00; Sa-Su 12:00-23:00", "opening_hours:kitchen": "Mo-Fr 16:30-21:30; Sa-Su 12:00-21:30", "outdoor_seating": "yes", "phone": "+49 40 52877997", "reservation": "yes", "roof:levels": "2", "roof:shape": "gabled", "source": "website", "toilets": "customers", "toilets:wheelchair": "no", "website": "https://www.arizona-kitchen.de", "website:menu": "https://www.arizona-kitchen.de/speisekarte.html", "wheelchair": "no", "osm_id": 409280181, "tile_500": "NO_E564500_N5946000_500", "tile_250": "NO_E564750_N5946000_250", "shop": "", "public_transport": "", "railway": ""}}, {"type": "Feature", "geometry": {"type": "LineString", "coordinates": [[570128.6943139348, 5955726.931831175], [570135.8676684137, 5955729.342600569], [570131.9682319027, 5955740.87907449], [570124.8671001286, 5955738.49164664], [570123.6040221336, 5955742.233833678], [570115.2429011844, 5955739.415844825], [570120.4053751292, 5955724.137169165], [570128.6943139348, 5955726.931831175]]}, "properties": {"addr:city": "Tangstedt", "addr:housenumber": "22", "addr:postcode": "22889", "addr:street": "Dorfring", "amenity": "fuel", "brand": "Shell", "brand:wikidata": "Q154950", "brand:wikipedia": "en:Royal Dutch Shell", "building": "yes", "ethanol": "no", "fuel:diesel": "yes", "fuel:lpg": "no", "fuel:octane_100": "yes", "fuel:octane_95": "yes", "fuel:octane_98": "no", "name": "Shell", "operator": "Shell", "osm_id": 460114506, "tile_500": "NO_E570000_N5955500_500", "tile_250": "NO_E570000_N5955500_250", "shop": "", "public_transport": "", "railway": ""}}, {"type": "Feature", "geometry": {"type": "LineString", "coordinates": [[570336.0309548941, 5956063.631394853], [570321.1365512483, 5956062.862542564], [570322.6418295013, 5956033.76445121], [570337.5364926943, 5956034.522182517], [570336.0309548941, 5956063.631394853]]}, "properties": {"amenity": "kindergarten", "building": "yes", "check_date": "2023-07-09", "name": "Kindertagesst\u00e4tte Wilstedt", "osm_id": 460210697, "tile_500": "NO_E570000_N5956000_500", "tile_250": "NO_E570250_N5956000_250", "shop": "", "public_transport": "", "railway": ""}}, {"type": "Feature", "geometry": {"type": "LineString", "coordinates": [[565630.4873961736, 5952575.46915399], [565546.5746164196, 5952417.090656533], [565719.1667993474, 5952330.132168954], [565721.5756885263, 5952410.704596888], [565723.0167034925, 5952463.779285711], [565724.6504260639, 5952523.822309695], [565630.4873961736, 5952575.46915399]]}, "properties": {"addr:city": "Norderstedt", "addr:country": "DE", "addr:housenumber": "17", "addr:postcode": "22846", "addr:street": "Moorbekstra\u00dfe", "amenity": "school", "check_date": "2024-07-02", "email": "kontakt@bbz-norderstedt.de", "fax": "+49 40 52203 255", "full_name": "Regionales Berufsbildungszentrum des Kreises Segeberg in Norderstedt", "isced:level": "2;3;4", "name": "Berufsbildungszentrum Norderstedt", "official_name": "Regionales Berufsbildungszentrum des Kreises Segeberg in Norderstedt", "opening_hours": "Mo-Th 07:00-15:00; Fr 07:00-14:00; PH 08:00-13:00", "operator": "Kreis Segeberg", "operator:type": "government", "phone": "+49 40 52203 0", "short_name": "BBZ Norderstedt", "website": "https://www.bbz-norderstedt.de/", "osm_id": 502916148, "tile_500": "NO_E565500_N5952000_500", "tile_250": "NO_E565500_N5952250_250", "shop": "", "public_transport": "", "railway": ""}}, {"type": "Feature", "geometry": {"type": "LineString", "coordinates": [[565598.6286078828, 5952239.427248258], [565694.2896560687, 5952184.952073042], [565655.2826744328, 5952138.483992574], [565615.3263860609, 5952159.823203105], [565601.6183232678, 5952127.128943397], [565548.7604075086, 5952159.604646666], [565598.6286078828, 5952239.427248258]]}, "properties": {"amenity": "school", "name": "Schule am Hasenstieg", "old_name": "Moorbek-Schule", "wikidata": "Q133931777", "osm_id": 502916150, "tile_500": "NO_E565500_N5952000_500", "tile_250": "NO_E565500_N5952000_250", "shop": "", "public_transport": "", "railway": ""}}, {"type": "Feature", "geometry": {"type": "LineString", "coordinates": [[565373.9705682934, 5948884.603686695], [565365.4505450038, 5948884.062246094], [565365.3927014163, 5948884.8959749695], [565364.2641727241, 5948884.8246299215], [565362.6440349731, 5948910.105151133], [565363.9903372251, 5948910.190654496], [565363.8977152172, 5948911.6247638455], [565371.8369947586, 5948912.124736257], [565371.9219309484, 5948910.768409863], [565373.9705682934, 5948884.603686695]]}, "properties": {"addr:city": "Norderstedt", "addr:country": "DE", "addr:housenumber": "13", "addr:postcode": "22850", "addr:street": "L\u00fctjenmoor", "amenity": "kindergarten", "building": "yes", "check_date": "2025-04-01", "denomination": "lutheran", "education": "kindergarten", "email": "schalom@kitawerk-hhsh.de", "name": "Kinderladen Schalom", "opening_hours": "Mo-Fr 07:00-17:00", "operator": "Diakonisches Werk Hamburg", "operator:type": "religious", "phone": "+49 40 63860670", "religion": "christian", "website": "https://luetjenmoor.eva-kita.de/", "osm_id": 657069200, "tile_500": "NO_E565000_N5948500_500", "tile_250": "NO_E565250_N5948750_250", "shop": "", "public_transport": "", "railway": ""}}, {"type": "Feature", "geometry": {"type": "LineString", "coordinates": [[563028.5621401718, 5955963.5551031865], [563022.3736313513, 5955951.454548652], [563032.7731074466, 5955946.16442195], [563005.8147562093, 5955893.437521469], [562945.017865336, 5955924.388205116], [562975.2156365905, 5955983.445119685], [562981.4513177637, 5955980.268700273], [562984.4009804745, 5955986.038826802], [562988.1264445052, 5955984.141668787], [563025.7331359498, 5955964.996950642], [563028.5621401718, 5955963.5551031865]]}, "properties": {"addr:housenumber": "9-13", "addr:street": "Zeppelinstra\u00dfe", "amenity": "kindergarten", "name": "Kita Nordlicht", "operator": "Arbeiterwohlfahrt Schleswig-Holstein", "website": "https://awo-sh.de/facilities/kitas/kita-nordlicht-25451-quikborn/", "osm_id": 700399328, "tile_500": "NO_E562500_N5955500_500", "tile_250": "NO_E562750_N5955750_250", "shop": "", "public_transport": "", "railway": ""}}, {"type": "Feature", "geometry": {"type": "LineString", "coordinates": [[565741.3410074011, 5949631.9356187945], [565727.6498401756, 5949629.12902823], [565741.2207685398, 5949586.75769446], [565766.7382558039, 5949594.9152369555], [565758.8361794469, 5949617.30364708], [565758.5198150631, 5949618.200515062], [565753.0120672409, 5949625.723214504], [565747.4675171257, 5949629.273010881], [565741.3410074011, 5949631.9356187945]]}, "properties": {"addr:city": "Norderstedt", "addr:country": "DE", "addr:housenumber": "101", "addr:postcode": "22850", "addr:street": "Ulzburger Stra\u00dfe", "amenity": "fuel", "brand": "OIL!", "brand:wikidata": "Q2007561", "brand:wikipedia": "de:OIL! Tankstellen", "compressed_air": "yes", "fuel:diesel": "yes", "fuel:e10": "yes", "fuel:lpg": "yes", "fuel:octane_95": "yes", "fuel:octane_98": "yes", "landuse": "retail", "name": "OIL!", "opening_hours": "Mo-Fr 06:00-22:00; Sa-Su,PH 07:00-22:00", "payment:american_express": "yes", "payment:apple_pay": "yes", "payment:cash": "yes", "payment:coins": "yes", "payment:contactless": "yes", "payment:credit_cards": "yes", "payment:debit_cards": "yes", "payment:dkv": "yes", "payment:girocard": "yes", "payment:girogo": "yes", "payment:google_pay": "yes", "payment:logpay": "yes", "payment:maestro": "yes", "payment:mastercard": "yes", "payment:notes": "yes", "payment:novofleet": "yes", "payment:roadrunner": "yes", "payment:uta": "yes", "payment:v_pay": "yes", "payment:visa": "yes", "payment:visa_debit": "yes", "phone": "+49 40 5253231", "website": "https://www.oil-tankstellen.de/tankstellen-tankstationen/tankstellenfinder-kraftstoffpreise-benzinpreise/tankstelle/ulzburger-strasse-101-22850-norderstedt/", "osm_id": 736832506, "tile_500": "NO_E565500_N5949500_500", "tile_250": "NO_E565500_N5949500_250", "shop": "", "public_transport": "", "railway": ""}}, {"type": "Feature", "geometry": {"type": "LineString", "coordinates": [[565060.4199809574, 5948596.129383105], [565068.7385618398, 5948596.945644697], [565077.1684855793, 5948594.970561571], [565099.3588478419, 5948590.57135724], [565091.8078221082, 5948557.730754294], [565069.3151756868, 5948562.481876005], [565072.7632668106, 5948576.794596853], [565068.2096075886, 5948577.910973093], [565061.1640131271, 5948579.61594682], [565060.4199809574, 5948596.129383105]]}, "properties": {"access:covid19": "yes", "addr:city": "Norderstedt", "addr:country": "DE", "addr:housenumber": "2", "addr:postcode": "22850", "addr:street": "Berliner Allee", "amenity": "bank", "atm": "yes", "building": "yes", "email": "info@vreg.de", "fax": "+49 40 523058-1093", "name": "Norderstedter Bank VReG", "opening_hours": "Mo,Tu,Th 09:00-18:00; We 09:00-13:00; Fr 09:00-16:00", "operator": "Volksbank Raiffeisenbank eG", "phone": "+49 40 523058-0", "website": "https://www.vreg.de/", "osm_id": 814246442, "tile_500": "NO_E565000_N5948500_500", "tile_250": "NO_E565000_N5948500_250", "shop": "", "public_transport": "", "railway": ""}}, {"type": "Feature", "geometry": {"type": "LineString", "coordinates": [[567081.424776359, 5951852.852080666], [567084.7471239729, 5951892.879841679], [567114.7588030519, 5951890.404908536], [567111.4433083672, 5951850.377218897], [567081.424776359, 5951852.852080666]]}, "properties": {"addr:city": "Norderstedt", "addr:housenumber": "1", "addr:street": "Emanuel-Geibel-Stra\u00dfe", "amenity": "kindergarten", "building": "kindergarten", "building:levels": "1", "check_date": "2026-05-25", "name": "Kita R\u00fcckenwind", "roof:levels": "0", "roof:shape": "flat", "osm_id": 815548316, "tile_500": "NO_E567000_N5951500_500", "tile_250": "NO_E567000_N5951750_250", "shop": "", "public_transport": "", "railway": ""}}, {"type": "Feature", "geometry": {"type": "LineString", "coordinates": [[566507.4897446013, 5956118.051977078], [566454.8959924593, 5956150.809894952], [566261.0906868594, 5955994.00717391], [566270.8701719935, 5955981.994503843], [566316.5734272518, 5955925.84754641], [566321.5471491888, 5955919.742307612], [566450.3070832818, 5956014.947197211], [566548.7713180798, 5956093.323619758], [566507.4897446013, 5956118.051977078]]}, "properties": {"addr:city": "Henstedt-Ulzburg", "addr:country": "DE", "addr:housenumber": "134", "addr:postcode": "24558", "addr:street": "Wilstedter Stra\u00dfe", "amenity": "hospital", "branch": "Henstedt-Ulzburg", "emergency": "yes", "fax": "+49 4193 70 3002", "healthcare": "hospital", "name": "Paracelsus-Klinik", "operator": "Paracelsus-Kliniken Deutschland GmbH & Co. KGaA", "operator:type": "private_for_profit", "phone": "+49 4193 70 0", "website": "https://www.paracelsus-kliniken.de/henstedt-ulzburg.html", "wheelchair": "yes", "osm_id": 906470615, "tile_500": "NO_E566000_N5956000_500", "tile_250": "NO_E566250_N5956000_250", "shop": "", "public_transport": "", "railway": ""}}, {"type": "Feature", "geometry": {"type": "LineString", "coordinates": [[568775.5303980666, 5949596.836927077], [568781.800946267, 5949597.997016699], [568808.8940193711, 5949571.332421635], [568786.6949182987, 5949542.554569055], [568780.6182693393, 5949548.440902655], [568776.980687892, 5949543.825413341], [568755.8548308341, 5949564.85814417], [568775.5303980666, 5949596.836927077]]}, "properties": {"amenity": "fuel", "brand": "Elan", "brand:wikidata": "Q57980752", "car_wash": "yes", "compressed_air": "yes", "fuel:diesel": "yes", "fuel:e10": "yes", "fuel:octane_91": "yes", "fuel:octane_95": "yes", "fuel:octane_98": "yes", "landuse": "retail", "mapillary": "120378013823981", "name": "Elan", "payment:dkv": "yes", "payment:uta": "yes", "snack": "yes", "survey:date": "2022-05-28", "osm_id": 926191087, "tile_500": "NO_E568500_N5949500_500", "tile_250": "NO_E568750_N5949500_250", "shop": "", "public_transport": "", "railway": ""}}, {"type": "Feature", "geometry": {"type": "LineString", "coordinates": [[565777.6570631273, 5954539.78347188], [565829.3415416663, 5954542.133686378], [565833.538533203, 5954486.166965414], [565783.4952001215, 5954482.949572408], [565777.6570631273, 5954539.78347188]]}, "properties": {"addr:city": "Norderstedt", "addr:housenumber": "8-10", "addr:postcode": "22844", "addr:street": "Harksh\u00f6rner Weg", "amenity": "kindergarten", "check_date": "2025-09-20", "landuse": "education", "min_age": "1", "name": "Kita Harksh\u00f6rn (AWO)", "operator": "AWO Landesverband Schleswig-Holstein e.V.", "phone": "+49 40 23687570", "start_date": "2022", "website": "https://www.awo-sh.de/kita-harkshoern", "osm_id": 933174398, "tile_500": "NO_E565500_N5954500_500", "tile_250": "NO_E565750_N5954500_250", "shop": "", "public_transport": "", "railway": ""}}, {"type": "Feature", "geometry": {"type": "LineString", "coordinates": [[565986.1779268222, 5952455.991066694], [566005.8114039978, 5952460.874000399], [566008.6652572157, 5952449.442004344], [565989.0315779665, 5952444.570184125], [565986.1779268222, 5952455.991066694]]}, "properties": {"addr:city": "Norderstedt", "addr:housenumber": "334", "addr:postcode": "22846", "addr:street": "Ulzburger Stra\u00dfe", "amenity": "restaurant", "bar": "yes", "branch": "Norderstedt", "brand": "Schweinske", "brand:wikidata": "Q110482774", "building": "yes", "changing_table": "yes", "changing_table:location": "female_toilet", "check_date": "2023-05-12", "cuisine": "burger;escalope;german", "highchair": "yes", "kids_area": "yes", "name": "Schweinske", "opening_hours": "Mo-Su 09:00-22:00", "operator": "Marco Blang", "outdoor_seating": "yes", "phone": "+49 40 5266664", "reservation": "yes", "toilets:wheelchair": "no", "website": "https://schweinske.de/standorte/norderstedt", "website:menu": "https://schweinske.de/speisekarte", "wheelchair": "yes", "wheelchair:description": "Das WC befindet sich im Keller. Der\n nur \u00fcber eine schmale Treppe zu erreichen ist.", "osm_id": 946168750, "tile_500": "NO_E565500_N5952000_500", "tile_250": "NO_E565750_N5952250_250", "shop": "", "public_transport": "", "railway": ""}}, {"type": "Feature", "geometry": {"type": "LineString", "coordinates": [[565208.0459257856, 5948682.720708847], [565205.9044744277, 5948714.681413746], [565147.9220905681, 5948712.174200339], [565149.6779492302, 5948684.64784351], [565151.587015315, 5948649.412529052], [565210.3101030642, 5948652.864733751], [565209.9458573166, 5948657.688841125], [565208.0459257856, 5948682.720708847]]}, "properties": {"access:covid19": "yes", "addr:city": "Norderstedt", "addr:housenumber": "6", "addr:postcode": "22850", "addr:street": "Europaallee", "branch": "Europaalle", "brand": "REWE", "brand:wikidata": "Q16968817", "building:levels": "1", "building:part": "yes", "delivery:covid19": "no", "drive_through:covid19": "no", "level": "0", "name": "REWE", "opening_hours": "Mo-Sa 08:00-22:00; PH off", "operator": "REWE Markt GmbH", "payment:cash": "yes", "payment:coins": "yes", "payment:contactless": "yes", "payment:credit_cards": "yes", "payment:debit_cards": "yes", "payment:girocard": "yes", "phone": "+49 40 51313482", "shop": "supermarket", "website": "https://www.rewe.de/marktseite/norderstedt/531128/rewe-center-europaallee-6/", "osm_id": 954183210, "tile_500": "NO_E565000_N5948500_500", "tile_250": "NO_E565000_N5948500_250", "amenity": "", "public_transport": "", "railway": ""}}, {"type": "Feature", "geometry": {"type": "LineString", "coordinates": [[563377.1924010852, 5955690.925636935], [563416.7090569759, 5955673.745942979], [563442.8101914715, 5955733.039792873], [563402.5613136985, 5955750.743453701], [563377.1924010852, 5955690.925636935]]}, "properties": {"amenity": "kindergarten", "brand": "Arbeiterwohlfahrt", "brand:short": "AWO", "brand:wikidata": "Q627256", "name": "AWO Kita Zwergenvilla", "operator": "Arbeiterwohlfahrt Schleswig-Holstein", "website": "https://awo-sh.de/facilities/kitas/kindertagesstaette-zwergenvilla-25451-quickborn/", "osm_id": 955441689, "tile_500": "NO_E563000_N5955500_500", "tile_250": "NO_E563250_N5955500_250", "shop": "", "public_transport": "", "railway": ""}}, {"type": "Feature", "geometry": {"type": "LineString", "coordinates": [[565865.8334631313, 5953718.874655913], [565853.8119439869, 5953764.828150238], [565799.6787621444, 5953753.920026966], [565805.0021169537, 5953702.798367849], [565865.8334631313, 5953718.874655913]]}, "properties": {"addr:city": "Norderstedt", "addr:housenumber": "440", "addr:postcode": "22844", "addr:street": "Ulzburger Stra\u00dfe", "amenity": "fuel", "brand": "Aral", "brand:wikidata": "Q565734", "brand:wikipedia": "en:Aral AG", "compressed_air": "yes", "fax": "+49 40 53532101", "fuel:GTL_diesel": "yes", "fuel:HGV_diesel": "yes", "fuel:diesel": "yes", "fuel:e10": "yes", "fuel:octane_95": "yes", "fuel:octane_98": "yes", "name": "ARAL", "opening_hours": "24/7", "payment:dkv": "yes", "payment:uta": "yes", "phone": "+49 40 5222155", "website": "https://tankstelle.aral.de/norderstedt/ulzburger-strasse-440/13102100", "wheelchair": "yes", "osm_id": 957977116, "tile_500": "NO_E565500_N5953500_500", "tile_250": "NO_E565750_N5953500_250", "shop": "", "public_transport": "", "railway": ""}}, {"type": "Feature", "geometry": {"type": "LineString", "coordinates": [[565405.1524108282, 5950520.582457447], [565437.7696116973, 5950520.258234927], [565437.0493723914, 5950449.256958151], [565432.0199566889, 5950449.097819379], [565414.2827252161, 5950449.173252218], [565404.444882446, 5950449.581373324], [565405.1524108282, 5950520.582457447]]}, "properties": {"addr:city": "Norderstedt", "addr:housenumber": "100", "addr:postcode": "22846", "addr:street": "Buchenweg", "amenity": "kindergarten", "education": "kindergarten", "osm_id": 1013799309, "tile_500": "NO_E565000_N5950000_500", "tile_250": "NO_E565250_N5950250_250", "name": "", "shop": "", "public_transport": "", "railway": ""}}, {"type": "Feature", "geometry": {"type": "LineString", "coordinates": [[566071.0003094074, 5954429.321027403], [566075.9625492541, 5954378.717464923], [566027.0209567094, 5954373.087285286], [566026.2222871311, 5954392.315051737], [566034.7157847165, 5954404.797080397], [566032.9941369712, 5954426.315185079], [566071.0003094074, 5954429.321027403]]}, "properties": {"addr:city": "Norderstedt", "addr:housenumber": "14", "addr:postcode": "22844", "addr:street": "Harksh\u00f6rner Weg", "amenity": "kindergarten", "check_date": "2026-07-11", "landuse": "education", "name": "Integrationkindergarten Regenbogenkinder", "operator": "Regenbogenkinder e.V.", "phone": "+49405266411", "website": "https://www.regenbogenkinder.com/", "osm_id": 1060467108, "tile_500": "NO_E566000_N5954000_500", "tile_250": "NO_E566000_N5954250_250", "shop": "", "public_transport": "", "railway": ""}}, {"type": "Feature", "geometry": {"type": "LineString", "coordinates": [[564683.8129803136, 5950780.206249581], [564622.7915378117, 5950793.585992227], [564613.4472479597, 5950771.63704696], [564677.9185909128, 5950758.03767391], [564683.8129803136, 5950780.206249581]]}, "properties": {"amenity": "kindergarten", "name": "Zukunftskinder", "website": "https://www.zukunftskinder-norderstedt.de/", "osm_id": 1080815923, "tile_500": "NO_E564500_N5950500_500", "tile_250": "NO_E564500_N5950750_250", "shop": "", "public_transport": "", "railway": ""}}, {"type": "Feature", "geometry": {"type": "LineString", "coordinates": [[566070.273239336, 5948128.156089732], [566079.9448882514, 5948071.354556718], [566105.4711735882, 5948075.686141164], [566095.8058271919, 5948132.487717187], [566070.273239336, 5948128.156089732]]}, "properties": {"amenity": "bus_station", "bus": "yes", "public_transport": "station", "wheelchair": "yes", "osm_id": 1097112032, "tile_500": "NO_E566000_N5948000_500", "tile_250": "NO_E566000_N5948000_250", "name": "", "shop": "", "railway": ""}}, {"type": "Feature", "geometry": {"type": "LineString", "coordinates": [[564985.8444152852, 5947489.498284699], [564965.02962354, 5947504.432235506], [564926.6111204114, 5947451.147648336], [564947.4327764147, 5947436.202494028], [564985.8444152852, 5947489.498284699]]}, "properties": {"addr:city": "Norderstedt", "addr:housenumber": "146", "addr:postcode": "22848", "addr:street": "Ohechaussee", "amenity": "fuel", "brand": "Aral", "brand:wikidata": "Q565734", "brand:wikipedia": "en:Aral AG", "compressed_air": "yes", "fax": "+49 40 5282287", "fuel:GTL_diesel": "yes", "fuel:diesel": "yes", "fuel:e10": "yes", "fuel:octane_100": "yes", "fuel:octane_95": "yes", "landuse": "retail", "mapillary": "700941518379086", "name": "Aral", "opening_hours": "24/7", "operator": "Axel Holz", "phone": "+49 40 5234266", "survey:date": "2022-11-29", "website": "https://tankstelle.aral.de/norderstedt/ohechaussee-146/13068400", "osm_id": 1118084368, "tile_500": "NO_E564500_N5947000_500", "tile_250": "NO_E564750_N5947250_250", "shop": "", "public_transport": "", "railway": ""}}, {"type": "Feature", "geometry": {"type": "LineString", "coordinates": [[565211.2108792658, 5947771.499531628], [565243.9676503978, 5947756.788160761], [565237.8306520539, 5947731.511183206], [565210.19454396, 5947735.722944171], [565189.4909985072, 5947741.711260681], [565211.2108792658, 5947771.499531628]]}, "properties": {"addr:city": "Norderstedt", "addr:housenumber": "117", "addr:postcode": "22848", "addr:street": "Ohechaussee", "amenity": "fuel", "brand": "Shell", "brand:wikidata": "Q110716465", "brand:wikipedia": "en:Royal Dutch Shell", "fuel:GTL_diesel": "yes", "fuel:diesel": "yes", "fuel:e10": "yes", "fuel:octane_100": "yes", "fuel:octane_95": "yes", "landuse": "retail", "name": "Shell", "opening_hours": "Mo-Fr 06:00-22:00; Sa-Su 07:00-22:00", "operator": "Shell", "website": "https://find.shell.com/de/fuel/10024059-norderstedt-ohechaussee", "osm_id": 1118282239, "tile_500": "NO_E565000_N5947500_500", "tile_250": "NO_E565000_N5947500_250", "shop": "", "public_transport": "", "railway": ""}}, {"type": "Feature", "geometry": {"type": "LineString", "coordinates": [[565146.7020810619, 5948544.416158921], [565133.2384648835, 5948584.487268437], [565101.355510117, 5948594.25985299], [565093.2585402518, 5948557.439303582], [565146.7020810619, 5948544.416158921]]}, "properties": {"addr:city": "Norderstedt", "addr:housenumber": "131", "addr:postcode": "22848", "addr:street": "Ochsenzoller Stra\u00dfe", "amenity": "fuel", "brand": "Esso", "brand:wikidata": "Q867662", "brand:wikipedia": "en:Esso", "compressed_air": "yes", "fuel:diesel": "yes", "fuel:e10": "yes", "fuel:octane_95": "yes", "fuel:octane_98": "yes", "landuse": "retail", "name": "Esso", "opening_hours": "Mo-Fr 05:30-22:00; PH,Sa,Su 06:00-22:00", "phone": "+49 40 5235122", "website": "https://www.esso.de/de-de/find-station/esso-norderstedt-essostationnorderstedt-100150405", "osm_id": 1118298334, "tile_500": "NO_E565000_N5948500_500", "tile_250": "NO_E565000_N5948500_250", "shop": "", "public_transport": "", "railway": ""}}, {"type": "Feature", "geometry": {"type": "LineString", "coordinates": [[565446.3042246834, 5948661.989494266], [565364.355046022, 5948664.2752673365], [565340.3747418062, 5948812.032345847], [565350.7207405177, 5948871.706408955], [565352.2946063698, 5948879.172356505], [565392.6859381844, 5948877.798560979], [565427.7680505959, 5948876.317751088], [565431.6421279261, 5948874.658155582], [565445.7078402648, 5948844.599522781], [565452.2510532088, 5948808.783491594], [565446.3042246834, 5948661.989494266]]}, "properties": {"amenity": "school", "education": "school", "osm_id": 1123451953, "tile_500": "NO_E565000_N5948500_500", "tile_250": "NO_E565250_N5948750_250", "name": "", "shop": "", "public_transport": "", "railway": ""}}, {"type": "Feature", "geometry": {"type": "LineString", "coordinates": [[566711.1134787044, 5950613.383384826], [566662.3332085458, 5950635.957237571], [566664.0309522442, 5950641.945542855], [566622.367411206, 5950662.784910006], [566633.6508562503, 5950685.177287463], [566597.5673931376, 5950701.355905487], [566614.6996416886, 5950735.937656681], [566630.5114708722, 5950728.172790685], [566722.5048207961, 5950682.968061214], [566711.1134787044, 5950613.383384826]]}, "properties": {"addr:city": "Norderstedt", "addr:country": "DE", "addr:housenumber": "24", "addr:postcode": "22844", "addr:street": "Am Exerzierplatz", "amenity": "school", "name": "F\u00f6rderzentrum Erich-K\u00e4stner-Schule", "wheelchair": "yes", "wikidata": "Q133931775", "osm_id": 1124247292, "tile_500": "NO_E566500_N5950500_500", "tile_250": "NO_E566500_N5950500_250", "shop": "", "public_transport": "", "railway": ""}}, {"type": "Feature", "geometry": {"type": "LineString", "coordinates": [[566373.8402930929, 5950783.142481949], [566482.404566836, 5950724.7814911045], [566490.9399574017, 5950734.716618234], [566511.3435554145, 5950818.515486448], [566503.1902322519, 5950932.120060527], [566479.7455617646, 5950972.591350528], [566454.7680202398, 5950955.824910593], [566373.8402930929, 5950783.142481949]]}, "properties": {"addr:city": "Norderstedt", "addr:housenumber": "30", "addr:postcode": "22844", "addr:street": "Fadens Tannen", "amenity": "school", "name": "Gemeinschaftsschule Harksheide", "school:de": "Gemeinschaftsschule", "website": "https://www.gemsharksheide.de/", "wheelchair": "limited", "osm_id": 1124247293, "tile_500": "NO_E566000_N5950500_500", "tile_250": "NO_E566250_N5950750_250", "shop": "", "public_transport": "", "railway": ""}}, {"type": "Feature", "geometry": {"type": "LineString", "coordinates": [[565092.7343625221, 5948231.118740827], [565116.6622501625, 5948174.424057236], [565064.3994303556, 5948146.271480889], [565038.2519942331, 5948194.879666716], [565092.7343625221, 5948231.118740827]]}, "properties": {"addr:city": "Norderstedt", "addr:housenumber": "40", "addr:postcode": "22848", "addr:street": "Tannenhofstra\u00dfe", "amenity": "kindergarten", "name": "Kindertagesst\u00e4tte Tannenhof", "opening_hours": "Mo-Fr 06:30-17:30", "operator": "Stadt Norderstedt", "operator:type": "public", "phone": "+49 40 5235560", "website": "https://www.norderstedt.de/Soziales-und-Familie/Kinderbetreuung/Krippen-und-Kindergartenplatz-finden/St%C3%A4dtische-Krippen-Kinderg%C3%A4rten-und-Schulhorte/Kindertagesst%C3%A4tte-Tannenhof", "osm_id": 1124797895, "tile_500": "NO_E565000_N5948000_500", "tile_250": "NO_E565000_N5948000_250", "shop": "", "public_transport": "", "railway": ""}}, {"type": "Feature", "geometry": {"type": "LineString", "coordinates": [[564954.7931839498, 5948396.994384835], [564974.0987265342, 5948373.883413177], [564941.4813700743, 5948356.908543644], [564921.6064935343, 5948382.025779773], [564954.7931839498, 5948396.994384835]]}, "properties": {"addr:city": "Norderstedt", "addr:housenumber": "2", "addr:postcode": "22848", "addr:street": "Schillerstra\u00dfe", "amenity": "kindergarten", "name": "Krippe Tannenzwerge", "opening_hours": "Mo-Fr 06:30-17:30", "operator": "Stadt Norderstedt", "operator:type": "public", "phone": "+49 40 35737950", "website": "https://www.norderstedt.de/Soziales-und-Familie/Kinderbetreuung/Krippen-und-Kindergartenplatz-finden/St%C3%A4dtische-Krippen-Kinderg%C3%A4rten-und-Schulhorte/Kindertagesst%C3%A4tte-Tannenhof", "osm_id": 1124797896, "tile_500": "NO_E564500_N5948000_500", "tile_250": "NO_E564750_N5948250_250", "shop": "", "public_transport": "", "railway": ""}}, {"type": "Feature", "geometry": {"type": "LineString", "coordinates": [[563982.8648430856, 5947531.944659293], [563941.4598914487, 5947520.109231098], [563950.6537707725, 5947487.354016536], [563955.9499922937, 5947489.017281154], [563991.8537503568, 5947499.220108586], [563990.3452273064, 5947504.707439048], [563982.8648430856, 5947531.944659293]]}, "properties": {"addr:city": "Norderstedt", "addr:country": "DE", "addr:housenumber": "50", "addr:postcode": "22848", "addr:street": "Niendorfer Stra\u00dfe", "amenity": "fuel", "brand": "Aral", "brand:wikidata": "Q565734", "brand:wikipedia": "en:Aral AG", "fuel:1_25": "no", "fuel:1_50": "no", "fuel:GTL_diesel": "yes", "fuel:HGV_diesel": "no", "fuel:biodiesel": "no", "fuel:biogas": "no", "fuel:cng": "no", "fuel:diesel": "yes", "fuel:e10": "yes", "fuel:e85": "no", "fuel:electricity": "no", "fuel:lpg": "no", "fuel:octane_100": "no", "fuel:octane_102": "yes", "fuel:octane_91": "no", "fuel:octane_95": "yes", "fuel:octane_98": "no", "landuse": "retail", "name": "Aral", "opening_hours": "Mo-Fr 05:00-22:00; Sa-Su 06:00-22:00", "operator": "Bernd Schroeder", "phone": "+49 40 52876152", "osm_id": 1125673215, "tile_500": "NO_E563500_N5947500_500", "tile_250": "NO_E563750_N5947500_250", "shop": "", "public_transport": "", "railway": ""}}, {"type": "Feature", "geometry": {"type": "LineString", "coordinates": [[567643.4346496536, 5949434.977358803], [567691.9456432723, 5949424.037457235], [567730.1673259516, 5949431.821422083], [567732.7721728393, 5949420.1976411445], [567736.345968305, 5949405.505592335], [567733.2590831553, 5949404.760039627], [567719.9638515732, 5949401.541634448], [567721.243388612, 5949397.086935896], [567618.3341410968, 5949374.161446623], [567623.1358936264, 5949362.235435256], [567629.3637668153, 5949364.561718652], [567634.3987142374, 5949365.33526518], [567638.8499906507, 5949363.986231429], [567641.9800323106, 5949361.739113535], [567643.9384430718, 5949358.295628677], [567679.814799859, 5949367.080212869], [567709.6360735068, 5949374.37571075], [567738.4962060878, 5949381.446114778], [567765.1949675748, 5949387.706593052], [567783.4001433685, 5949392.119864523], [567782.1976135145, 5949402.673394791], [567800.7807355715, 5949412.010439074], [567836.9790526584, 5949365.097839029], [567886.9148117371, 5949368.990895452], [567895.0892621462, 5949380.113962595], [567896.723719276, 5949381.728797729], [567897.9883479598, 5949381.057196564], [567903.0522980461, 5949375.255240878], [567905.9528149337, 5949374.729702003], [567921.5880598734, 5949379.640449238], [567924.6675569486, 5949383.635179562], [567923.5984974569, 5949389.049816572], [567917.9711577082, 5949395.444472351], [567916.5345446104, 5949398.416923351], [567917.5495644985, 5949400.846222648], [567933.9337326746, 5949419.2652174905], [567993.4016297914, 5949440.800549978], [567990.8587943002, 5949452.658771458], [567984.7911989987, 5949476.227471796], [567924.1514788046, 5949464.956875151], [567876.0906789133, 5949653.046909374], [567747.8503775067, 5949621.607097275], [567772.6835402311, 5949511.327218755], [567742.6934124915, 5949509.392197727], [567744.5666772347, 5949472.487871549], [567669.4937410707, 5949470.481620684], [567643.4346496536, 5949434.977358803]]}, "properties": {"addr:city": "Norderstedt", "addr:country": "DE", "addr:housenumber": "230", "addr:postcode": "22851", "addr:street": "Poppenb\u00fctteler Stra\u00dfe", "amenity": "school", "landuse": "education", "name": "Schulzentrum S\u00fcd", "wheelchair": "yes", "osm_id": 1127827915, "tile_500": "NO_E567500_N5949000_500", "tile_250": "NO_E567750_N5949250_250", "shop": "", "public_transport": "", "railway": ""}}, {"type": "Feature", "geometry": {"type": "LineString", "coordinates": [[565801.2116691436, 5947550.352788378], [565806.2163597944, 5947542.122060594], [565834.4173688868, 5947476.511107283], [565912.3409489593, 5947523.892597873], [565895.17155219, 5947564.65518599], [565801.2116691436, 5947550.352788378]]}, "properties": {"addr:city": "Hamburg", "addr:housenumber": "44", "addr:postcode": "22419", "addr:street": "Dortmunder Stra\u00dfe", "amenity": "kindergarten", "email": "kita-dortmunder-strasse@elbkinder-kitas.de", "name": "Kita Dortmunder Stra\u00dfe", "opening_hours": "Mo-Th 06:00-18:00; Fr 06:00-17:00", "operator": "Elbkinder Vereinigung Hamburger Kitas gGmbH", "operator:type": "public", "phone": "+49 40 520167111", "website": "https://www.elbkinder-kitas.de/de/kita_finder/kita/134", "wheelchair": "yes", "osm_id": 1137296517, "tile_500": "NO_E565500_N5947500_500", "tile_250": "NO_E565750_N5947500_250", "shop": "", "public_transport": "", "railway": ""}}, {"type": "Feature", "geometry": {"type": "LineString", "coordinates": [[564272.4382150044, 5947059.226358884], [564275.6281107068, 5947050.657671402], [564281.8543470111, 5947052.95713098], [564278.6644412839, 5947061.525814339], [564272.4382150044, 5947059.226358884]]}, "properties": {"amenity": "fast_food", "building": "static_caravan", "osm_id": 1191613482, "tile_500": "NO_E564000_N5947000_500", "tile_250": "NO_E564250_N5947000_250", "name": "", "shop": "", "public_transport": "", "railway": ""}}, {"type": "Feature", "geometry": {"type": "LineString", "coordinates": [[565015.4762670706, 5953965.522915598], [565057.5027424752, 5953911.627227899], [565095.1094929434, 5953944.674067946], [565044.3790536822, 5954000.529431272], [565015.4762670706, 5953965.522915598]]}, "properties": {"amenity": "school", "website": "https://regenbogenschule-norderstedt.de/", "osm_id": 1324380907, "tile_500": "NO_E565000_N5953500_500", "tile_250": "NO_E565000_N5953750_250", "name": "", "shop": "", "public_transport": "", "railway": ""}}, {"type": "Feature", "geometry": {"type": "LineString", "coordinates": [[566629.6352947676, 5950744.77328714], [566641.1395253323, 5950768.804526575], [566650.6392374382, 5950764.277135132], [566655.2732459765, 5950773.656436738], [566700.7950837101, 5950750.279571762], [566711.0639294088, 5950767.828515369], [566727.0994368424, 5950760.5901324265], [566721.2392645681, 5950724.610388228], [566704.0684192862, 5950732.745087524], [566689.9242888009, 5950702.600711374], [566679.1656542426, 5950707.8890440585], [566634.2166936944, 5950729.961246424], [566621.2268083724, 5950736.152714176], [566626.1451789144, 5950746.437326351], [566629.6352947676, 5950744.77328714]]}, "properties": {"addr:city": "Norderstedt", "addr:housenumber": "20", "addr:postcode": "22844", "addr:street": "Am Exerzierplatz", "amenity": "school", "building": "school", "name": "Gemeinschaftsschule Harksheide", "website": "https://www.gemsharksheide.de/", "osm_id": 1349933557, "tile_500": "NO_E566500_N5950500_500", "tile_250": "NO_E566500_N5950500_250", "shop": "", "public_transport": "", "railway": ""}}, {"type": "Feature", "geometry": {"type": "LineString", "coordinates": [[566542.7149354556, 5951165.71773], [566550.732391384, 5951165.553257696], [566550.7309712695, 5951165.653382546], [566558.193635342, 5951165.5033086], [566573.4691299526, 5951165.18591007], [566588.7446277144, 5951164.868561251], [566604.0201286275, 5951164.551262143], [566611.8328045912, 5951164.395114533], [566611.5805988762, 5951152.3963859975], [566611.48142692, 5951152.406105345], [566611.4499404891, 5951150.90348305], [566542.4360680952, 5951152.327728275], [566542.7149354556, 5951165.71773]]}, "properties": {"building": "yes", "shop": "mall", "osm_id": 1354216763, "tile_500": "NO_E566500_N5951000_500", "tile_250": "NO_E566500_N5951000_250", "name": "", "amenity": "", "public_transport": "", "railway": ""}}, {"type": "Feature", "geometry": {"type": "LineString", "coordinates": [[565599.8219174744, 5954007.112068608], [565616.5689592237, 5954000.9260460595], [565610.3950445038, 5953984.282323743], [565593.6479527234, 5953990.468368579], [565599.8219174744, 5954007.112068608]]}, "properties": {"addr:city": "Norderstedt", "addr:housenumber": "5", "addr:postcode": "22844", "addr:street": "Pestalozzistra\u00dfe", "amenity": "fast_food", "building": "yes", "fast_food": "cafeteria", "name": "Mensa Schule Friedrichsgabe", "operator": "BEB gGmbH, Norderstedt", "osm_id": 1384734586, "tile_500": "NO_E565500_N5953500_500", "tile_250": "NO_E565500_N5953750_250", "shop": "", "public_transport": "", "railway": ""}}, {"type": "Feature", "geometry": {"type": "LineString", "coordinates": [[565556.8355332727, 5954097.164192514], [565565.6171444288, 5954048.605415836], [565599.2420714083, 5953977.349761796], [565657.138425943, 5953995.952729874], [565653.9265789287, 5954007.624714038], [565677.6551634446, 5954015.0562726995], [565693.5227968661, 5954020.308119613], [565691.7641807898, 5954028.562132249], [565688.8258643937, 5954056.494807598], [565685.7989054351, 5954065.799263127], [565684.8210516319, 5954069.190492877], [565681.6129699312, 5954081.062802691], [565681.3799355713, 5954096.281585719], [565680.5606374721, 5954107.664387971], [565666.6099321296, 5954106.4229786405], [565634.7063880832, 5954103.261121817], [565593.6915677462, 5954100.04987096], [565556.8355332727, 5954097.164192514]]}, "properties": {"addr:city": "Norderstedt", "addr:housenumber": "5", "addr:postcode": "22844", "addr:street": "Pestalozzistra\u00dfe", "amenity": "school", "name": "Grundschule Friedrichsgabe", "operator": "Stadt Norderstedt", "operator:type": "public", "osm_id": 1384735345, "tile_500": "NO_E565500_N5954000_500", "tile_250": "NO_E565500_N5954000_250", "shop": "", "public_transport": "", "railway": ""}}, {"type": "Feature", "geometry": {"type": "LineString", "coordinates": [[565997.0872864153, 5952627.270038292], [566014.1932095323, 5952520.478070867], [566058.2246563183, 5952510.58281309], [566099.5033016367, 5952502.6075584255], [566067.5128460666, 5952613.084078828], [566043.2184660294, 5952620.519830551], [565997.0872864153, 5952627.270038292]]}, "properties": {"amenity": "kindergarten", "osm_id": 1387639499, "tile_500": "NO_E566000_N5952500_500", "tile_250": "NO_E566000_N5952500_250", "name": "", "shop": "", "public_transport": "", "railway": ""}}, {"type": "Feature", "geometry": {"type": "LineString", "coordinates": [[565624.9387393297, 5957122.960424873], [565655.602500949, 5957108.201495907], [565669.4570346687, 5957128.358098657], [565685.9046606944, 5957123.937569957], [565705.3222802724, 5957117.911930656], [565703.8519703404, 5957079.835996776], [565697.553953204, 5957051.695762842], [565695.760915015, 5957036.148052605], [565699.9988529976, 5957012.317234032], [565698.7997909163, 5956989.211306291], [565698.8914827948, 5956917.808841534], [565699.0094548361, 5956897.647867895], [565643.539216365, 5956917.433248026], [565641.5391167753, 5956907.70222959], [565547.4027407829, 5956940.1216378985], [565533.7339643618, 5956944.781837775], [565541.830720417, 5956960.384306213], [565523.8370088672, 5956971.59360673], [565589.1389121469, 5957074.611591917], [565624.9387393297, 5957122.960424873]]}, "properties": {"amenity": "school", "education": "school", "name": "Grundschule Rhen", "wikidata": "Q133931598", "osm_id": 1534164480, "tile_500": "NO_E565500_N5957000_500", "tile_250": "NO_E565500_N5957000_250", "shop": "", "public_transport": "", "railway": ""}}]}